date,item,Wholesale_Pettah,Wholesale_Dambulla,Retail_Pettah,Retail_Dambulla,Retail_Narahenpita,year,month,month_name,day,day_of_week,day_name,week_of_year,quarter,is_weekend,avg_wholesale_price,avg_retail_price,price_spread,is_crisis_period
2023-01-02,Beans,630.0,575.0,700.0,605.0,720.0,2023,1,January,2,0,Monday,1,1,0,602.5,675.0,72.5,0
2023-01-03,Beans,600.0,575.0,650.0,605.0,700.0,2023,1,January,3,1,Tuesday,1,1,0,587.5,651.6666666666666,64.16666666666663,0
2023-01-04,Beans,600.0,475.0,650.0,505.0,480.0,2023,1,January,4,2,Wednesday,1,1,0,537.5,545.0,7.5,0
2023-01-05,Beans,550.0,515.0,600.0,545.0,480.0,2023,1,January,5,3,Thursday,1,1,0,532.5,541.6666666666666,9.166666666666629,0
2023-01-09,Beans,500.0,295.0,550.0,325.0,560.0,2023,1,January,9,0,Monday,2,1,0,397.5,478.3333333333333,80.83333333333331,0
2023-01-10,Beans,450.0,325.0,500.0,355.0,480.0,2023,1,January,10,1,Tuesday,2,1,0,387.5,445.0,57.5,0
2023-01-11,Beans,450.0,390.0,500.0,420.0,480.0,2023,1,January,11,2,Wednesday,2,1,0,420.0,466.6666666666667,46.666666666666686,0
2023-01-12,Beans,450.0,375.0,500.0,405.0,480.0,2023,1,January,12,3,Thursday,2,1,0,412.5,461.6666666666667,49.166666666666686,0
2023-01-13,Beans,500.0,425.0,550.0,455.0,480.0,2023,1,January,13,4,Friday,2,1,0,462.5,495.0,32.5,0
2023-01-17,Beans,400.0,350.0,450.0,380.0,420.0,2023,1,January,17,1,Tuesday,3,1,0,375.0,416.6666666666667,41.666666666666686,0
2023-01-18,Beans,350.0,290.0,400.0,320.0,400.0,2023,1,January,18,2,Wednesday,3,1,0,320.0,373.3333333333333,53.333333333333314,0
2023-01-19,Beans,300.0,255.0,350.0,285.0,360.0,2023,1,January,19,3,Thursday,3,1,0,277.5,331.6666666666667,54.166666666666686,0
2023-01-20,Beans,300.0,245.0,350.0,275.0,360.0,2023,1,January,20,4,Friday,3,1,0,272.5,328.3333333333333,55.833333333333314,0
2023-01-23,Beans,300.0,275.0,350.0,305.0,400.0,2023,1,January,23,0,Monday,4,1,0,287.5,351.6666666666667,64.16666666666669,0
2023-01-24,Beans,300.0,300.0,350.0,330.0,600.0,2023,1,January,24,1,Tuesday,4,1,0,300.0,426.6666666666667,126.66666666666669,0
2023-01-25,Beans,300.0,300.0,350.0,325.0,560.0,2023,1,January,25,2,Wednesday,4,1,0,300.0,411.6666666666667,111.66666666666669,0
2023-01-26,Beans,300.0,355.0,350.0,385.0,520.0,2023,1,January,26,3,Thursday,4,1,0,327.5,418.3333333333333,90.83333333333331,0
2023-01-27,Beans,350.0,425.0,400.0,455.0,520.0,2023,1,January,27,4,Friday,4,1,0,387.5,458.3333333333333,70.83333333333331,0
2023-01-30,Beans,300.0,325.0,350.0,355.0,520.0,2023,1,January,30,0,Monday,5,1,0,312.5,408.3333333333333,95.83333333333331,0
2023-01-31,Beans,300.0,325.0,350.0,355.0,480.0,2023,1,January,31,1,Tuesday,5,1,0,312.5,395.0,82.5,0
2023-02-01,Beans,300.0,375.0,350.0,405.0,400.0,2023,2,February,1,2,Wednesday,5,1,0,337.5,385.0,47.5,0
2023-02-01,Beans,300.0,375.0,350.0,405.0,400.0,2023,2,February,1,2,Wednesday,5,1,0,337.5,385.0,47.5,0
2023-02-02,Beans,350.0,325.0,400.0,355.0,480.0,2023,2,February,2,3,Thursday,5,1,0,337.5,411.6666666666667,74.16666666666669,0
2023-02-03,Beans,400.0,350.0,450.0,380.0,520.0,2023,2,February,3,4,Friday,5,1,0,375.0,450.0,75.0,0
2023-02-06,Beans,400.0,305.0,450.0,335.0,520.0,2023,2,February,6,0,Monday,6,1,0,352.5,435.0,82.5,0
2023-02-07,Beans,400.0,290.0,450.0,320.0,500.0,2023,2,February,7,1,Tuesday,6,1,0,345.0,423.3333333333333,78.33333333333331,0
2023-02-08,Beans,400.0,325.0,450.0,355.0,480.0,2023,2,February,8,2,Wednesday,6,1,0,362.5,428.3333333333333,65.83333333333331,0
2023-02-09,Beans,450.0,400.0,500.0,430.0,480.0,2023,2,February,9,3,Thursday,6,1,0,425.0,470.0,45.0,0
2023-02-10,Beans,450.0,400.0,500.0,430.0,400.0,2023,2,February,10,4,Friday,6,1,0,425.0,443.3333333333333,18.333333333333314,0
2023-02-13,Beans,350.0,415.0,400.0,445.0,480.0,2023,2,February,13,0,Monday,7,1,0,382.5,441.6666666666667,59.166666666666686,0
2023-02-14,Beans,350.0,325.0,400.0,355.0,480.0,2023,2,February,14,1,Tuesday,7,1,0,337.5,411.6666666666667,74.16666666666669,0
2023-02-15,Beans,300.0,375.0,350.0,405.0,440.0,2023,2,February,15,2,Wednesday,7,1,0,337.5,398.3333333333333,60.833333333333314,0
2023-02-16,Beans,450.0,390.0,500.0,420.0,480.0,2023,2,February,16,3,Thursday,7,1,0,420.0,466.6666666666667,46.666666666666686,0
2023-02-17,Beans,350.0,375.0,400.0,405.0,480.0,2023,2,February,17,4,Friday,7,1,0,362.5,428.3333333333333,65.83333333333331,0
2023-02-20,Beans,320.0,275.0,380.0,305.0,480.0,2023,2,February,20,0,Monday,8,1,0,297.5,388.3333333333333,90.83333333333331,0
2023-02-21,Beans,320.0,325.0,380.0,355.0,480.0,2023,2,February,21,1,Tuesday,8,1,0,322.5,405.0,82.5,0
2023-02-22,Beans,350.0,190.0,400.0,220.0,480.0,2023,2,February,22,2,Wednesday,8,1,0,270.0,366.6666666666667,96.66666666666669,0
2023-02-23,Beans,350.0,240.0,400.0,275.0,400.0,2023,2,February,23,3,Thursday,8,1,0,295.0,358.3333333333333,63.333333333333314,0
2023-02-24,Beans,300.0,265.0,350.0,300.0,400.0,2023,2,February,24,4,Friday,8,1,0,282.5,350.0,67.5,0
2023-02-27,Beans,300.0,175.0,350.0,205.0,480.0,2023,2,February,27,0,Monday,9,1,0,237.5,345.0,107.5,0
2023-02-28,Beans,320.0,225.0,370.0,255.0,320.0,2023,2,February,28,1,Tuesday,9,1,0,272.5,315.0,42.5,0
2023-03-01,Beans,300.0,215.0,350.0,245.0,320.0,2023,3,March,1,2,Wednesday,9,1,0,257.5,305.0,47.5,0
2023-03-02,Beans,350.0,240.0,400.0,270.0,400.0,2023,3,March,2,3,Thursday,9,1,0,295.0,356.6666666666667,61.666666666666686,0
2023-03-03,Beans,300.0,178.0,350.0,208.0,400.0,2023,3,March,3,4,Friday,9,1,0,239.0,319.3333333333333,80.33333333333331,0
2023-03-07,Beans,300.0,268.0,350.0,298.0,360.0,2023,3,March,7,1,Tuesday,10,1,0,284.0,336.0,52.0,0
2023-03-08,Beans,320.0,250.0,370.0,280.0,320.0,2023,3,March,8,2,Wednesday,10,1,0,285.0,323.3333333333333,38.333333333333314,0
2023-03-09,Beans,300.0,215.0,350.0,245.0,360.0,2023,3,March,9,3,Thursday,10,1,0,257.5,318.3333333333333,60.833333333333314,0
2023-03-10,Beans,300.0,210.0,350.0,240.0,320.0,2023,3,March,10,4,Friday,10,1,0,255.0,303.3333333333333,48.333333333333314,0
2023-03-13,Beans,250.0,175.0,300.0,205.0,360.0,2023,3,March,13,0,Monday,11,1,0,212.5,288.3333333333333,75.83333333333331,0
2023-03-14,Beans,250.0,190.0,300.0,220.0,360.0,2023,3,March,14,1,Tuesday,11,1,0,220.0,293.3333333333333,73.33333333333331,0
2023-03-15,Beans,250.0,210.0,300.0,240.0,360.0,2023,3,March,15,2,Wednesday,11,1,0,230.0,300.0,70.0,0
2023-03-16,Beans,200.0,205.0,250.0,235.0,360.0,2023,3,March,16,3,Thursday,11,1,0,202.5,281.6666666666667,79.16666666666669,0
2023-03-17,Beans,200.0,175.0,250.0,205.0,320.0,2023,3,March,17,4,Friday,11,1,0,187.5,258.3333333333333,70.83333333333331,0
2023-03-20,Beans,200.0,160.0,250.0,190.0,320.0,2023,3,March,20,0,Monday,12,1,0,180.0,253.33333333333334,73.33333333333334,0
2023-03-21,Beans,200.0,178.0,250.0,208.0,360.0,2023,3,March,21,1,Tuesday,12,1,0,189.0,272.6666666666667,83.66666666666669,0
2023-03-22,Beans,200.0,105.0,250.0,135.0,280.0,2023,3,March,22,2,Wednesday,12,1,0,152.5,221.66666666666666,69.16666666666666,0
2023-03-23,Beans,200.0,135.0,250.0,165.0,300.0,2023,3,March,23,3,Thursday,12,1,0,167.5,238.33333333333334,70.83333333333334,0
2023-03-24,Beans,130.0,115.0,160.0,145.0,240.0,2023,3,March,24,4,Friday,12,1,0,122.5,181.66666666666666,59.16666666666666,0
2023-03-27,Beans,150.0,100.0,200.0,130.0,240.0,2023,3,March,27,0,Monday,13,1,0,125.0,190.0,65.0,0
2023-03-28,Beans,150.0,135.0,200.0,165.0,280.0,2023,3,March,28,1,Tuesday,13,1,0,142.5,215.0,72.5,0
2023-03-29,Beans,150.0,120.0,200.0,150.0,280.0,2023,3,March,29,2,Wednesday,13,1,0,135.0,210.0,75.0,0
2023-03-30,Beans,150.0,135.0,200.0,165.0,280.0,2023,3,March,30,3,Thursday,13,1,0,142.5,215.0,72.5,0
2023-03-31,Beans,120.0,135.0,180.0,120.0,240.0,2023,3,March,31,4,Friday,13,1,0,127.5,180.0,52.5,0
2023-04-03,Beans,150.0,135.0,200.0,115.0,240.0,2023,4,April,3,0,Monday,14,2,0,150.0,185.0,35.0,0
2023-04-04,Beans,120.0,125.0,160.0,155.0,260.0,2023,4,April,4,1,Tuesday,14,2,0,122.5,191.66666666666666,69.16666666666666,0
2023-04-06,Beans,100.0,105.0,140.0,135.0,240.0,2023,4,April,6,3,Thursday,14,2,0,102.5,171.66666666666666,69.16666666666666,0
2023-04-10,Beans,280.0,210.0,320.0,240.0,320.0,2023,4,April,10,0,Monday,15,2,0,245.0,293.3333333333333,48.333333333333314,0
2023-04-11,Beans,250.0,220.0,300.0,250.0,320.0,2023,4,April,11,1,Tuesday,15,2,0,235.0,290.0,55.0,0
2023-04-12,Beans,300.0,290.0,350.0,320.0,400.0,2023,4,April,12,2,Wednesday,15,2,0,295.0,356.6666666666667,61.666666666666686,0
2023-04-17,Beans,120.0,125.0,180.0,155.0,400.0,2023,4,April,17,0,Monday,16,2,0,122.5,245.0,122.5,0
2023-04-18,Beans,120.0,125.0,180.0,118.0,240.0,2023,4,April,18,1,Tuesday,16,2,0,122.5,179.33333333333334,56.83333333333334,0
2023-04-19,Beans,100.0,125.0,150.0,115.0,260.0,2023,4,April,19,2,Wednesday,16,2,0,100.0,175.0,75.0,0
2023-04-20,Beans,100.0,225.0,150.0,255.0,360.0,2023,4,April,20,3,Thursday,16,2,0,162.5,255.0,92.5,0
2023-04-21,Beans,120.0,150.0,180.0,180.0,340.0,2023,4,April,21,4,Friday,16,2,0,135.0,233.33333333333334,98.33333333333334,0
2023-04-24,Beans,160.0,145.0,200.0,175.0,320.0,2023,4,April,24,0,Monday,17,2,0,152.5,231.66666666666666,79.16666666666666,0
2023-04-25,Beans,180.0,175.0,220.0,205.0,360.0,2023,4,April,25,1,Tuesday,17,2,0,177.5,261.6666666666667,84.16666666666669,0
2023-04-26,Beans,250.0,175.0,300.0,205.0,360.0,2023,4,April,26,2,Wednesday,17,2,0,212.5,288.3333333333333,75.83333333333331,0
2023-04-27,Beans,250.0,145.0,300.0,175.0,400.0,2023,4,April,27,3,Thursday,17,2,0,197.5,291.6666666666667,94.16666666666669,0
2023-04-28,Beans,250.0,200.0,300.0,230.0,360.0,2023,4,April,28,4,Friday,17,2,0,225.0,296.6666666666667,71.66666666666669,0
2023-05-02,Beans,350.0,265.0,400.0,295.0,500.0,2023,5,May,2,1,Tuesday,18,2,0,307.5,398.3333333333333,90.83333333333331,0
2023-05-03,Beans,350.0,260.0,400.0,290.0,400.0,2023,5,May,3,2,Wednesday,18,2,0,305.0,363.3333333333333,58.333333333333314,0
2023-05-04,Beans,350.0,265.0,400.0,295.0,460.0,2023,5,May,4,3,Thursday,18,2,0,307.5,385.0,77.5,0
2023-05-08,Beans,300.0,245.0,350.0,275.0,440.0,2023,5,May,8,0,Monday,19,2,0,272.5,355.0,82.5,0
2023-05-09,Beans,350.0,265.0,400.0,295.0,440.0,2023,5,May,9,1,Tuesday,19,2,0,307.5,378.3333333333333,70.83333333333331,0
2023-05-10,Beans,400.0,240.0,450.0,270.0,560.0,2023,5,May,10,2,Wednesday,19,2,0,320.0,426.6666666666667,106.66666666666669,0
2023-05-11,Beans,400.0,325.0,450.0,355.0,540.0,2023,5,May,11,3,Thursday,19,2,0,362.5,448.3333333333333,85.83333333333331,0
2023-05-12,Beans,400.0,350.0,450.0,380.0,560.0,2023,5,May,12,4,Friday,19,2,0,375.0,463.3333333333333,88.33333333333331,0
2023-05-15,Beans,550.0,450.0,600.0,480.0,600.0,2023,5,May,15,0,Monday,20,2,0,500.0,560.0,60.0,0
2023-05-16,Beans,500.0,390.0,550.0,420.0,600.0,2023,5,May,16,1,Tuesday,20,2,0,445.0,523.3333333333334,78.33333333333337,0
2023-05-17,Beans,500.0,265.0,550.0,295.0,600.0,2023,5,May,17,2,Wednesday,20,2,0,382.5,481.6666666666667,99.16666666666669,0
2023-05-18,Beans,400.0,375.0,450.0,405.0,560.0,2023,5,May,18,3,Thursday,20,2,0,387.5,471.6666666666667,84.16666666666669,0
2023-05-19,Beans,350.0,350.0,400.0,380.0,560.0,2023,5,May,19,4,Friday,20,2,0,350.0,446.6666666666667,96.66666666666669,0
2023-05-22,Beans,400.0,225.0,450.0,255.0,480.0,2023,5,May,22,0,Monday,21,2,0,312.5,395.0,82.5,0
2023-05-23,Beans,350.0,205.0,400.0,235.0,460.0,2023,5,May,23,1,Tuesday,21,2,0,277.5,365.0,87.5,0
2023-05-24,Beans,300.0,195.0,350.0,225.0,600.0,2023,5,May,24,2,Wednesday,21,2,0,247.5,391.6666666666667,144.16666666666669,0
2023-05-25,Beans,300.0,265.0,350.0,295.0,580.0,2023,5,May,25,3,Thursday,21,2,0,282.5,408.3333333333333,125.83333333333331,0
2023-05-26,Beans,400.0,315.0,450.0,345.0,480.0,2023,5,May,26,4,Friday,21,2,0,357.5,425.0,67.5,0
2023-05-29,Beans,400.0,325.0,450.0,355.0,500.0,2023,5,May,29,0,Monday,22,2,0,362.5,435.0,72.5,0
2023-05-30,Beans,300.0,325.0,350.0,355.0,560.0,2023,5,May,30,1,Tuesday,22,2,0,312.5,421.6666666666667,109.16666666666669,0
2023-05-31,Beans,350.0,305.0,400.0,335.0,480.0,2023,5,May,31,2,Wednesday,22,2,0,327.5,405.0,77.5,0
2023-06-01,Beans,350.0,305.0,400.0,335.0,480.0,2023,6,June,1,3,Thursday,22,2,0,327.5,405.0,77.5,0
2023-06-02,Beans,350.0,275.0,400.0,305.0,480.0,2023,6,June,2,4,Friday,22,2,0,312.5,395.0,82.5,0
2023-06-05,Beans,300.0,325.0,350.0,355.0,600.0,2023,6,June,5,0,Monday,23,2,0,312.5,435.0,122.5,0
2023-06-06,Beans,350.0,275.0,400.0,305.0,600.0,2023,6,June,6,1,Tuesday,23,2,0,312.5,435.0,122.5,0
2023-06-07,Beans,350.0,215.0,400.0,245.0,600.0,2023,6,June,7,2,Wednesday,23,2,0,282.5,415.0,132.5,0
2023-06-08,Beans,350.0,290.0,400.0,320.0,480.0,2023,6,June,8,3,Thursday,23,2,0,320.0,400.0,80.0,0
2023-06-09,Beans,300.0,305.0,350.0,335.0,500.0,2023,6,June,9,4,Friday,23,2,0,302.5,395.0,92.5,0
2023-06-12,Beans,400.0,375.0,450.0,405.0,600.0,2023,6,June,12,0,Monday,24,2,0,387.5,485.0,97.5,0
2023-06-13,Beans,400.0,315.0,450.0,345.0,600.0,2023,6,June,13,1,Tuesday,24,2,0,357.5,465.0,107.5,0
2023-06-14,Beans,450.0,375.0,500.0,405.0,600.0,2023,6,June,14,2,Wednesday,24,2,0,412.5,501.6666666666667,89.16666666666669,0
2023-06-15,Beans,400.0,340.0,450.0,370.0,600.0,2023,6,June,15,3,Thursday,24,2,0,370.0,473.3333333333333,103.33333333333331,0
2023-06-16,Beans,400.0,380.0,450.0,410.0,560.0,2023,6,June,16,4,Friday,24,2,0,390.0,473.3333333333333,83.33333333333331,0
2023-06-19,Beans,400.0,375.0,450.0,405.0,660.0,2023,6,June,19,0,Monday,25,2,0,387.5,505.0,117.5,0
2023-06-20,Beans,400.0,375.0,450.0,405.0,560.0,2023,6,June,20,1,Tuesday,25,2,0,387.5,471.6666666666667,84.16666666666669,0
2023-06-21,Beans,400.0,375.0,450.0,405.0,600.0,2023,6,June,21,2,Wednesday,25,2,0,387.5,485.0,97.5,0
2023-06-22,Beans,400.0,375.0,450.0,405.0,560.0,2023,6,June,22,3,Thursday,25,2,0,387.5,471.6666666666667,84.16666666666669,0
2023-06-23,Beans,420.0,375.0,480.0,405.0,580.0,2023,6,June,23,4,Friday,25,2,0,397.5,488.3333333333333,90.83333333333331,0
2023-06-26,Beans,480.0,445.0,550.0,475.0,600.0,2023,6,June,26,0,Monday,26,2,0,462.5,541.6666666666666,79.16666666666663,0
2023-06-27,Beans,460.0,390.0,500.0,420.0,600.0,2023,6,June,27,1,Tuesday,26,2,0,425.0,506.6666666666667,81.66666666666669,0
2023-06-28,Beans,450.0,400.0,500.0,430.0,600.0,2023,6,June,28,2,Wednesday,26,2,0,425.0,510.0,85.0,0
2023-07-04,Beans,400.0,305.0,450.0,335.0,600.0,2023,7,July,4,1,Tuesday,27,3,0,352.5,461.6666666666667,109.16666666666669,0
2023-07-05,Beans,350.0,285.0,400.0,315.0,520.0,2023,7,July,5,2,Wednesday,27,3,0,317.5,411.6666666666667,94.16666666666669,0
2023-07-06,Beans,400.0,275.0,450.0,305.0,520.0,2023,7,July,6,3,Thursday,27,3,0,337.5,425.0,87.5,0
2023-07-07,Beans,380.0,295.0,430.0,325.0,520.0,2023,7,July,7,4,Friday,27,3,0,337.5,425.0,87.5,0
2023-07-10,Beans,450.0,375.0,500.0,405.0,520.0,2023,7,July,10,0,Monday,28,3,0,412.5,452.5,40.0,0
2023-07-11,Beans,400.0,375.0,450.0,405.0,400.0,2023,7,July,11,1,Tuesday,28,3,0,387.5,418.3333333333333,30.833333333333314,0
2023-07-12,Beans,400.0,350.0,450.0,380.0,560.0,2023,7,July,12,2,Wednesday,28,3,0,375.0,463.3333333333333,88.33333333333331,0
2023-07-13,Beans,400.0,365.0,450.0,395.0,520.0,2023,7,July,13,3,Thursday,28,3,0,382.5,455.0,72.5,0
2023-07-14,Beans,400.0,365.0,450.0,395.0,480.0,2023,7,July,14,4,Friday,28,3,0,382.5,441.6666666666667,59.166666666666686,0
2023-07-17,Beans,400.0,375.0,450.0,405.0,560.0,2023,7,July,17,0,Monday,29,3,0,387.5,471.6666666666667,84.16666666666669,0
2023-07-18,Beans,350.0,315.0,400.0,345.0,480.0,2023,7,July,18,1,Tuesday,29,3,0,332.5,408.3333333333333,75.83333333333331,0
2023-07-19,Beans,350.0,325.0,400.0,355.0,500.0,2023,7,July,19,2,Wednesday,29,3,0,337.5,418.3333333333333,80.83333333333331,0
2023-07-20,Beans,350.0,275.0,400.0,305.0,480.0,2023,7,July,20,3,Thursday,29,3,0,312.5,395.0,82.5,0
2023-07-21,Beans,350.0,350.0,400.0,380.0,480.0,2023,7,July,21,4,Friday,29,3,0,350.0,420.0,70.0,0
2023-07-24,Beans,400.0,290.0,450.0,320.0,400.0,2023,7,July,24,0,Monday,30,3,0,345.0,390.0,45.0,0
2023-07-25,Beans,400.0,325.0,450.0,355.0,480.0,2023,7,July,25,1,Tuesday,30,3,0,362.5,428.3333333333333,65.83333333333331,0
2023-07-26,Beans,400.0,340.0,450.0,370.0,480.0,2023,7,July,26,2,Wednesday,30,3,0,370.0,433.3333333333333,63.333333333333314,0
2023-07-27,Beans,300.0,335.0,350.0,365.0,400.0,2023,7,July,27,3,Thursday,30,3,0,317.5,371.6666666666667,54.166666666666686,0
2023-07-28,Beans,300.0,345.0,350.0,375.0,400.0,2023,7,July,28,4,Friday,30,3,0,322.5,375.0,52.5,0
2023-07-31,Beans,300.0,340.0,350.0,370.0,400.0,2023,7,July,31,0,Monday,31,3,0,320.0,373.3333333333333,53.333333333333314,0
2023-08-02,Beans,300.0,315.0,350.0,345.0,400.0,2023,8,August,2,2,Wednesday,31,3,0,307.5,365.0,57.5,0
2023-08-03,Beans,250.0,325.0,300.0,355.0,320.0,2023,8,August,3,3,Thursday,31,3,0,287.5,325.0,37.5,0
2023-08-04,Beans,300.0,365.0,350.0,395.0,360.0,2023,8,August,4,4,Friday,31,3,0,332.5,368.3333333333333,35.833333333333314,0
2023-08-07,Beans,300.0,295.0,350.0,325.0,400.0,2023,8,August,7,0,Monday,32,3,0,297.5,358.3333333333333,60.833333333333314,0
2023-08-08,Beans,300.0,315.0,350.0,345.0,480.0,2023,8,August,8,1,Tuesday,32,3,0,307.5,391.6666666666667,84.16666666666669,0
2023-08-09,Beans,350.0,315.0,400.0,345.0,500.0,2023,8,August,9,2,Wednesday,32,3,0,332.5,415.0,82.5,0
2023-08-10,Beans,350.0,340.0,400.0,370.0,480.0,2023,8,August,10,3,Thursday,32,3,0,345.0,416.6666666666667,71.66666666666669,0
2023-08-11,Beans,300.0,305.0,350.0,335.0,400.0,2023,8,August,11,4,Friday,32,3,0,302.5,361.6666666666667,59.166666666666686,0
2023-08-14,Beans,350.0,385.0,400.0,415.0,440.0,2023,8,August,14,0,Monday,33,3,0,367.5,418.3333333333333,50.833333333333314,0
2023-08-15,Beans,350.0,375.0,400.0,405.0,400.0,2023,8,August,15,1,Tuesday,33,3,0,362.5,401.6666666666667,39.166666666666686,0
2023-08-16,Beans,300.0,375.0,350.0,405.0,440.0,2023,8,August,16,2,Wednesday,33,3,0,337.5,398.3333333333333,60.833333333333314,0
2023-08-17,Beans,350.0,325.0,400.0,355.0,400.0,2023,8,August,17,3,Thursday,33,3,0,337.5,385.0,47.5,0
2023-08-18,Beans,380.0,375.0,430.0,405.0,400.0,2023,8,August,18,4,Friday,33,3,0,377.5,411.6666666666667,34.166666666666686,0
2023-08-21,Beans,300.0,375.0,350.0,405.0,400.0,2023,8,August,21,0,Monday,34,3,0,337.5,385.0,47.5,0
2023-08-22,Beans,350.0,310.0,400.0,340.0,400.0,2023,8,August,22,1,Tuesday,34,3,0,330.0,380.0,50.0,0
2023-08-23,Beans,320.0,375.0,370.0,405.0,400.0,2023,8,August,23,2,Wednesday,34,3,0,347.5,391.6666666666667,44.166666666666686,0
2023-08-25,Beans,350.0,350.0,400.0,380.0,400.0,2023,8,August,25,4,Friday,34,3,0,350.0,393.3333333333333,43.333333333333314,0
2023-08-28,Beans,400.0,290.0,450.0,320.0,400.0,2023,8,August,28,0,Monday,35,3,0,345.0,390.0,45.0,0
2023-08-29,Beans,400.0,325.0,450.0,355.0,480.0,2023,8,August,29,1,Tuesday,35,3,0,362.5,428.3333333333333,65.83333333333331,0
2023-08-31,Beans,350.0,275.0,400.0,305.0,400.0,2023,8,August,31,3,Thursday,35,3,0,312.5,368.3333333333333,55.833333333333314,0
2023-09-01,Beans,250.0,275.0,300.0,305.0,400.0,2023,9,September,1,4,Friday,35,3,0,262.5,335.0,72.5,0
2023-09-04,Beans,250.0,225.0,300.0,255.0,400.0,2023,9,September,4,0,Monday,36,3,0,237.5,318.3333333333333,80.83333333333331,0
2023-09-05,Beans,350.0,275.0,400.0,300.0,400.0,2023,9,September,5,1,Tuesday,36,3,0,312.5,366.6666666666667,54.166666666666686,0
2023-09-06,Beans,350.0,275.0,400.0,305.0,400.0,2023,9,September,6,2,Wednesday,36,3,0,312.5,368.3333333333333,55.833333333333314,0
2023-09-07,Beans,300.0,300.0,350.0,330.0,400.0,2023,9,September,7,3,Thursday,36,3,0,300.0,360.0,60.0,0
2023-09-08,Beans,350.0,275.0,400.0,305.0,400.0,2023,9,September,8,4,Friday,36,3,0,312.5,368.3333333333333,55.833333333333314,0
2023-09-11,Beans,400.0,325.0,450.0,355.0,480.0,2023,9,September,11,0,Monday,37,3,0,362.5,428.3333333333333,65.83333333333331,0
2023-09-12,Beans,400.0,290.0,450.0,320.0,480.0,2023,9,September,12,1,Tuesday,37,3,0,345.0,416.6666666666667,71.66666666666669,0
2023-09-13,Beans,400.0,375.0,450.0,405.0,480.0,2023,9,September,13,2,Wednesday,37,3,0,387.5,445.0,57.5,0
2023-09-14,Beans,400.0,375.0,450.0,405.0,480.0,2023,9,September,14,3,Thursday,37,3,0,387.5,445.0,57.5,0
2023-09-15,Beans,400.0,340.0,450.0,370.0,440.0,2023,9,September,15,4,Friday,37,3,0,370.0,420.0,50.0,0
2023-09-18,Beans,400.0,325.0,450.0,355.0,480.0,2023,9,September,18,0,Monday,38,3,0,362.5,428.3333333333333,65.83333333333331,0
2023-09-19,Beans,400.0,340.0,450.0,370.0,520.0,2023,9,September,19,1,Tuesday,38,3,0,370.0,446.6666666666667,76.66666666666669,0
2023-09-20,Beans,350.0,210.0,400.0,240.0,480.0,2023,9,September,20,2,Wednesday,38,3,0,280.0,373.3333333333333,93.33333333333331,0
2023-09-21,Beans,300.0,325.0,350.0,355.0,460.0,2023,9,September,21,3,Thursday,38,3,0,312.5,388.3333333333333,75.83333333333331,0
2023-09-22,Beans,300.0,325.0,350.0,355.0,480.0,2023,9,September,22,4,Friday,38,3,0,312.5,395.0,82.5,0
2023-09-25,Beans,300.0,245.0,350.0,275.0,400.0,2023,9,September,25,0,Monday,39,3,0,272.5,341.6666666666667,69.16666666666669,0
2023-09-26,Beans,350.0,255.0,400.0,285.0,480.0,2023,9,September,26,1,Tuesday,39,3,0,302.5,388.3333333333333,85.83333333333331,0
2023-09-27,Beans,300.0,210.0,350.0,240.0,480.0,2023,9,September,27,2,Wednesday,39,3,0,255.0,356.6666666666667,101.66666666666669,0
2023-10-02,Beans,300.0,300.0,350.0,330.0,400.0,2023,10,October,2,0,Monday,40,4,0,300.0,360.0,60.0,0
2023-10-03,Beans,300.0,275.0,350.0,305.0,520.0,2023,10,October,3,1,Tuesday,40,4,0,287.5,391.6666666666667,104.16666666666669,0
2023-10-04,Beans,300.0,375.0,350.0,405.0,480.0,2023,10,October,4,2,Wednesday,40,4,0,337.5,411.6666666666667,74.16666666666669,0
2023-10-05,Beans,350.0,315.0,400.0,345.0,480.0,2023,10,October,5,3,Thursday,40,4,0,332.5,408.3333333333333,75.83333333333331,0
2023-10-06,Beans,400.0,325.0,450.0,355.0,480.0,2023,10,October,6,4,Friday,40,4,0,362.5,428.3333333333333,65.83333333333331,0
2023-10-09,Beans,350.0,335.0,400.0,365.0,480.0,2023,10,October,9,0,Monday,41,4,0,342.5,415.0,72.5,0
2023-10-10,Beans,400.0,315.0,450.0,345.0,480.0,2023,10,October,10,1,Tuesday,41,4,0,357.5,425.0,67.5,0
2023-10-11,Beans,350.0,310.0,400.0,340.0,480.0,2023,10,October,11,2,Wednesday,41,4,0,330.0,406.6666666666667,76.66666666666669,0
2023-10-12,Beans,400.0,355.0,450.0,385.0,480.0,2023,10,October,12,3,Thursday,41,4,0,377.5,438.3333333333333,60.833333333333314,0
2023-10-13,Beans,350.0,375.0,400.0,405.0,480.0,2023,10,October,13,4,Friday,41,4,0,362.5,428.3333333333333,65.83333333333331,0
2023-10-16,Beans,400.0,280.0,450.0,310.0,480.0,2023,10,October,16,0,Monday,42,4,0,340.0,413.3333333333333,73.33333333333331,0
2023-10-17,Beans,450.0,325.0,500.0,355.0,600.0,2023,10,October,17,1,Tuesday,42,4,0,387.5,485.0,97.5,0
2023-10-18,Beans,450.0,335.0,500.0,365.0,480.0,2023,10,October,18,2,Wednesday,42,4,0,392.5,448.3333333333333,55.833333333333314,0
2023-10-19,Beans,400.0,465.0,450.0,495.0,400.0,2023,10,October,19,3,Thursday,42,4,0,432.5,448.3333333333333,15.833333333333314,0
2023-10-20,Beans,420.0,325.0,470.0,355.0,480.0,2023,10,October,20,4,Friday,42,4,0,372.5,435.0,62.5,0
2023-10-23,Beans,650.0,525.0,700.0,555.0,660.0,2023,10,October,23,0,Monday,43,4,0,587.5,638.3333333333334,50.83333333333337,0
2023-10-24,Beans,550.0,465.0,600.0,495.0,480.0,2023,10,October,24,1,Tuesday,43,4,0,507.5,525.0,17.5,0
2023-10-25,Beans,550.0,490.0,600.0,520.0,600.0,2023,10,October,25,2,Wednesday,43,4,0,520.0,573.3333333333334,53.33333333333337,0
2023-10-26,Beans,650.0,550.0,700.0,580.0,600.0,2023,10,October,26,3,Thursday,43,4,0,600.0,626.6666666666666,26.66666666666663,0
2023-10-27,Beans,650.0,525.0,700.0,555.0,600.0,2023,10,October,27,4,Friday,43,4,0,587.5,618.3333333333334,30.83333333333337,0
2023-10-30,Beans,550.0,455.0,600.0,485.0,600.0,2023,10,October,30,0,Monday,44,4,0,502.5,561.6666666666666,59.16666666666663,0
2023-10-31,Beans,450.0,275.0,500.0,305.0,700.0,2023,10,October,31,1,Tuesday,44,4,0,362.5,501.6666666666667,139.16666666666669,0
2023-11-01,Beans,400.0,415.0,450.0,445.0,600.0,2023,11,November,1,2,Wednesday,44,4,0,407.5,498.3333333333333,90.83333333333331,0
2023-11-02,Beans,400.0,310.0,450.0,340.0,600.0,2023,11,November,2,3,Thursday,44,4,0,355.0,463.3333333333333,108.33333333333331,0
2023-11-03,Beans,400.0,295.0,450.0,325.0,600.0,2023,11,November,3,4,Friday,44,4,0,347.5,458.3333333333333,110.83333333333331,0
2023-11-06,Beans,420.0,255.0,480.0,285.0,660.0,2023,11,November,6,0,Monday,45,4,0,337.5,475.0,137.5,0
2023-11-07,Beans,450.0,265.0,500.0,295.0,660.0,2023,11,November,7,1,Tuesday,45,4,0,357.5,485.0,127.5,0
2023-11-08,Beans,400.0,290.0,450.0,320.0,600.0,2023,11,November,8,2,Wednesday,45,4,0,345.0,456.6666666666667,111.66666666666669,0
2023-11-09,Beans,400.0,290.0,450.0,320.0,600.0,2023,11,November,9,3,Thursday,45,4,0,345.0,456.6666666666667,111.66666666666669,0
2023-11-10,Beans,400.0,290.0,450.0,320.0,600.0,2023,11,November,10,4,Friday,45,4,0,345.0,456.6666666666667,111.66666666666669,0
2023-11-13,Beans,400.0,345.0,450.0,375.0,660.0,2023,11,November,13,0,Monday,46,4,0,372.5,495.0,122.5,0
2023-11-14,Beans,400.0,345.0,450.0,375.0,560.0,2023,11,November,14,1,Tuesday,46,4,0,372.5,461.6666666666667,89.16666666666669,0
2023-11-15,Beans,350.0,325.0,400.0,355.0,560.0,2023,11,November,15,2,Wednesday,46,4,0,337.5,438.3333333333333,100.83333333333331,0
2023-11-16,Beans,450.0,325.0,500.0,355.0,560.0,2023,11,November,16,3,Thursday,46,4,0,387.5,471.6666666666667,84.16666666666669,0
2023-11-17,Beans,420.0,340.0,460.0,370.0,560.0,2023,11,November,17,4,Friday,46,4,0,380.0,463.3333333333333,83.33333333333331,0
2023-11-20,Beans,600.0,390.0,650.0,420.0,480.0,2023,11,November,20,0,Monday,47,4,0,495.0,516.6666666666666,21.66666666666663,0
2023-11-21,Beans,600.0,415.0,650.0,445.0,320.0,2023,11,November,21,1,Tuesday,47,4,0,507.5,471.6666666666667,-35.833333333333314,0
2023-11-22,Beans,600.0,425.0,650.0,455.0,800.0,2023,11,November,22,2,Wednesday,47,4,0,512.5,635.0,122.5,0
2023-11-23,Beans,600.0,475.0,650.0,505.0,800.0,2023,11,November,23,3,Thursday,47,4,0,537.5,651.6666666666666,114.16666666666663,0
2023-11-24,Beans,550.0,490.0,600.0,520.0,360.0,2023,11,November,24,4,Friday,47,4,0,520.0,493.3333333333333,-26.666666666666686,0
2023-11-27,Beans,650.0,495.0,700.0,525.0,600.0,2023,11,November,27,0,Monday,48,4,0,572.5,608.3333333333334,35.83333333333337,0
2023-11-28,Beans,650.0,450.0,700.0,480.0,560.0,2023,11,November,28,1,Tuesday,48,4,0,550.0,580.0,30.0,0
2023-11-29,Beans,600.0,495.0,650.0,525.0,560.0,2023,11,November,29,2,Wednesday,48,4,0,547.5,578.3333333333334,30.83333333333337,0
2023-11-30,Beans,600.0,475.0,650.0,505.0,560.0,2023,11,November,30,3,Thursday,48,4,0,537.5,571.6666666666666,34.16666666666663,0
2023-12-01,Beans,600.0,475.0,650.0,505.0,560.0,2023,12,December,1,4,Friday,48,4,0,537.5,571.6666666666666,34.16666666666663,0
2023-12-04,Beans,600.0,475.0,650.0,505.0,800.0,2023,12,December,4,0,Monday,49,4,0,537.5,651.6666666666666,114.16666666666663,0
2023-12-05,Beans,600.0,375.0,650.0,405.0,800.0,2023,12,December,5,1,Tuesday,49,4,0,487.5,618.3333333333334,130.83333333333337,0
2023-12-06,Beans,550.0,395.0,600.0,425.0,800.0,2023,12,December,6,2,Wednesday,49,4,0,472.5,608.3333333333334,135.83333333333337,0
2023-12-07,Beans,500.0,335.0,550.0,365.0,800.0,2023,12,December,7,3,Thursday,49,4,0,417.5,571.6666666666666,154.16666666666663,0
2023-12-08,Beans,500.0,325.0,550.0,355.0,800.0,2023,12,December,8,4,Friday,49,4,0,412.5,568.3333333333334,155.83333333333337,0
2023-12-11,Beans,500.0,285.0,550.0,315.0,600.0,2023,12,December,11,0,Monday,50,4,0,392.5,488.3333333333333,95.83333333333331,0
2023-12-12,Beans,400.0,310.0,450.0,340.0,700.0,2023,12,December,12,1,Tuesday,50,4,0,355.0,496.6666666666667,141.66666666666669,0
2023-12-13,Beans,400.0,295.0,450.0,325.0,600.0,2023,12,December,13,2,Wednesday,50,4,0,347.5,458.3333333333333,110.83333333333331,0
2023-12-14,Beans,400.0,325.0,450.0,355.0,600.0,2023,12,December,14,3,Thursday,50,4,0,362.5,468.3333333333333,105.83333333333331,0
2023-12-15,Beans,450.0,345.0,500.0,375.0,600.0,2023,12,December,15,4,Friday,50,4,0,397.5,491.6666666666667,94.16666666666669,0
2023-12-18,Beans,400.0,325.0,450.0,355.0,560.0,2023,12,December,18,0,Monday,51,4,0,362.5,455.0,92.5,0
2023-12-19,Beans,400.0,275.0,450.0,305.0,600.0,2023,12,December,19,1,Tuesday,51,4,0,337.5,451.6666666666667,114.16666666666669,0
2023-12-20,Beans,450.0,375.0,500.0,405.0,600.0,2023,12,December,20,2,Wednesday,51,4,0,412.5,501.6666666666667,89.16666666666669,0
2023-12-21,Beans,450.0,375.0,500.0,405.0,600.0,2023,12,December,21,3,Thursday,51,4,0,412.5,501.6666666666667,89.16666666666669,0
2023-12-22,Beans,500.0,410.0,550.0,440.0,600.0,2023,12,December,22,4,Friday,51,4,0,455.0,530.0,75.0,0
2023-12-27,Beans,400.0,515.0,450.0,545.0,800.0,2023,12,December,27,2,Wednesday,52,4,0,457.5,598.3333333333334,140.83333333333337,0
2023-12-28,Beans,400.0,550.0,450.0,580.0,600.0,2023,12,December,28,3,Thursday,52,4,0,475.0,543.3333333333334,68.33333333333337,0
2023-12-29,Beans,450.0,470.0,500.0,500.0,700.0,2023,12,December,29,4,Friday,52,4,0,460.0,566.6666666666666,106.66666666666663,0
2024-02-01,Beans,450.0,465.0,500.0,495.0,800.0,2024,2,February,1,3,Thursday,5,1,0,457.5,598.3333333333334,140.83333333333337,0
2024-02-02,Beans,450.0,600.0,500.0,630.0,600.0,2024,2,February,2,4,Friday,5,1,0,525.0,576.6666666666666,51.66666666666663,0
2024-02-05,Beans,600.0,625.0,650.0,655.0,900.0,2024,2,February,5,0,Monday,6,1,0,612.5,735.0,122.5,0
2024-02-06,Beans,600.0,625.0,650.0,655.0,1000.0,2024,2,February,6,1,Tuesday,6,1,0,612.5,768.3333333333334,155.83333333333337,0
2024-02-07,Beans,650.0,425.0,700.0,455.0,800.0,2024,2,February,7,2,Wednesday,6,1,0,537.5,651.6666666666666,114.16666666666663,0
2024-02-08,Beans,550.0,550.0,600.0,580.0,500.0,2024,2,February,8,3,Thursday,6,1,0,550.0,560.0,10.0,0
2024-02-09,Beans,550.0,575.0,600.0,605.0,500.0,2024,2,February,9,4,Friday,6,1,0,562.5,568.3333333333334,5.833333333333371,0
2024-02-12,Beans,600.0,555.0,650.0,585.0,800.0,2024,2,February,12,0,Monday,7,1,0,577.5,678.3333333333334,100.83333333333337,0
2024-02-13,Beans,600.0,575.0,650.0,605.0,800.0,2024,2,February,13,1,Tuesday,7,1,0,587.5,685.0,97.5,0
2024-02-14,Beans,550.0,525.0,600.0,555.0,800.0,2024,2,February,14,2,Wednesday,7,1,0,537.5,651.6666666666666,114.16666666666663,0
2024-02-15,Beans,550.0,575.0,600.0,605.0,600.0,2024,2,February,15,3,Thursday,7,1,0,562.5,601.6666666666666,39.16666666666663,0
2024-02-16,Beans,550.0,475.0,600.0,505.0,800.0,2024,2,February,16,4,Friday,7,1,0,512.5,635.0,122.5,0
2024-02-19,Beans,500.0,575.0,550.0,605.0,600.0,2024,2,February,19,0,Monday,8,1,0,537.5,585.0,47.5,0
2024-02-20,Beans,500.0,525.0,550.0,555.0,600.0,2024,2,February,20,1,Tuesday,8,1,0,512.5,568.3333333333334,55.83333333333337,0
2024-02-21,Beans,550.0,545.0,600.0,575.0,600.0,2024,2,February,21,2,Wednesday,8,1,0,547.5,591.6666666666666,44.16666666666663,0
2024-02-22,Beans,500.0,400.0,550.0,430.0,400.0,2024,2,February,22,3,Thursday,8,1,0,450.0,460.0,10.0,0
2024-02-26,Beans,400.0,375.0,450.0,405.0,600.0,2024,2,February,26,0,Monday,9,1,0,387.5,485.0,97.5,0
2024-02-27,Beans,400.0,435.0,450.0,465.0,600.0,2024,2,February,27,1,Tuesday,9,1,0,417.5,505.0,87.5,0
2024-02-28,Beans,420.0,410.0,470.0,440.0,600.0,2024,2,February,28,2,Wednesday,9,1,0,415.0,503.3333333333333,88.33333333333331,0
2024-02-29,Beans,420.0,375.0,470.0,405.0,600.0,2024,2,February,29,3,Thursday,9,1,0,397.5,491.6666666666667,94.16666666666669,0
2024-03-01,Beans,450.0,440.0,500.0,470.0,600.0,2024,3,March,1,4,Friday,9,1,0,445.0,523.3333333333334,78.33333333333337,0
2024-03-04,Beans,400.0,390.0,450.0,420.0,480.0,2024,3,March,4,0,Monday,10,1,0,395.0,450.0,55.0,0
2024-03-05,Beans,400.0,375.0,450.0,405.0,500.0,2024,3,March,5,1,Tuesday,10,1,0,387.5,451.6666666666667,64.16666666666669,0
2024-03-06,Beans,350.0,315.0,400.0,345.0,600.0,2024,3,March,6,2,Wednesday,10,1,0,332.5,448.3333333333333,115.83333333333331,0
2024-03-07,Beans,300.0,300.0,350.0,330.0,600.0,2024,3,March,7,3,Thursday,10,1,0,300.0,426.6666666666667,126.66666666666669,0
2024-03-11,Beans,300.0,275.0,350.0,305.0,480.0,2024,3,March,11,0,Monday,11,1,0,287.5,378.3333333333333,90.83333333333331,0
2024-03-12,Beans,300.0,265.0,350.0,295.0,480.0,2024,3,March,12,1,Tuesday,11,1,0,282.5,375.0,92.5,0
2024-03-13,Beans,300.0,225.0,350.0,255.0,600.0,2024,3,March,13,2,Wednesday,11,1,0,262.5,401.6666666666667,139.16666666666669,0
2024-03-14,Beans,300.0,265.0,350.0,295.0,500.0,2024,3,March,14,3,Thursday,11,1,0,282.5,381.6666666666667,99.16666666666669,0
2024-03-15,Beans,200.0,225.0,250.0,255.0,500.0,2024,3,March,15,4,Friday,11,1,0,212.5,335.0,122.5,0
2024-03-18,Beans,180.0,140.0,230.0,170.0,320.0,2024,3,March,18,0,Monday,12,1,0,160.0,240.0,80.0,0
2024-03-19,Beans,150.0,115.0,200.0,145.0,360.0,2024,3,March,19,1,Tuesday,12,1,0,132.5,235.0,102.5,0
2024-03-20,Beans,150.0,165.0,200.0,195.0,240.0,2024,3,March,20,2,Wednesday,12,1,0,157.5,211.66666666666666,54.16666666666666,0
2024-03-21,Beans,180.0,170.0,230.0,200.0,240.0,2024,3,March,21,3,Thursday,12,1,0,175.0,223.33333333333334,48.33333333333334,0
2024-03-22,Beans,160.0,140.0,200.0,170.0,240.0,2024,3,March,22,4,Friday,12,1,0,150.0,203.33333333333334,53.33333333333334,0
2024-03-25,Beans,150.0,110.0,200.0,140.0,240.0,2024,3,March,25,0,Monday,13,1,0,130.0,193.33333333333334,63.33333333333334,0
2024-03-26,Beans,120.0,100.0,180.0,130.0,200.0,2024,3,March,26,1,Tuesday,13,1,0,110.0,170.0,60.0,0
2024-03-27,Beans,120.0,110.0,180.0,140.0,200.0,2024,3,March,27,2,Wednesday,13,1,0,115.0,173.33333333333334,58.33333333333334,0
2024-03-28,Beans,100.0,115.0,150.0,145.0,200.0,2024,3,March,28,3,Thursday,13,1,0,107.5,165.0,57.5,0
2024-04-01,Beans,130.0,100.0,180.0,130.0,200.0,2024,4,April,1,0,Monday,14,2,0,115.0,170.0,55.0,0
2024-04-02,Beans,130.0,100.0,180.0,130.0,200.0,2024,4,April,2,1,Tuesday,14,2,0,115.0,170.0,55.0,0
2024-04-03,Beans,130.0,100.0,130.0,130.0,300.0,2024,4,April,3,2,Wednesday,14,2,0,115.0,186.66666666666666,71.66666666666666,0
2024-04-04,Beans,130.0,100.0,130.0,130.0,200.0,2024,4,April,4,3,Thursday,14,2,0,115.0,165.0,71.66666666666666,0
2024-04-05,Beans,130.0,100.0,130.0,115.0,200.0,2024,4,April,5,4,Friday,14,2,0,115.0,148.33333333333334,71.66666666666666,0
2024-04-08,Beans,160.0,110.0,200.0,140.0,120.0,2024,4,April,8,0,Monday,15,2,0,135.0,153.33333333333334,18.333333333333343,0
2024-04-09,Beans,160.0,200.0,200.0,230.0,320.0,2024,4,April,9,1,Tuesday,15,2,0,180.0,250.0,70.0,0
2024-04-10,Beans,200.0,185.0,250.0,215.0,320.0,2024,4,April,10,2,Wednesday,15,2,0,192.5,261.6666666666667,69.16666666666669,0
2024-04-15,Beans,200.0,185.0,230.0,215.0,320.0,2024,4,April,15,0,Monday,16,2,0,192.5,255.0,62.5,0
2024-04-16,Beans,130.0,165.0,180.0,195.0,320.0,2024,4,April,16,1,Tuesday,16,2,0,147.5,187.5,40.0,0
2024-04-17,Beans,130.0,165.0,130.0,195.0,380.0,2024,4,April,17,2,Wednesday,16,2,0,147.5,235.0,87.5,0
2024-04-18,Beans,100.0,165.0,150.0,105.0,200.0,2024,4,April,18,3,Thursday,16,2,0,100.0,151.66666666666666,51.66666666666666,0
2024-04-19,Beans,120.0,145.0,170.0,175.0,240.0,2024,4,April,19,4,Friday,16,2,0,132.5,195.0,62.5,0
2024-04-22,Beans,100.0,140.0,150.0,170.0,360.0,2024,4,April,22,0,Monday,17,2,0,120.0,226.66666666666666,106.66666666666666,0
2024-04-24,Beans,150.0,135.0,200.0,165.0,280.0,2024,4,April,24,2,Wednesday,17,2,0,142.5,215.0,72.5,0
2024-04-25,Beans,130.0,150.0,180.0,180.0,280.0,2024,4,April,25,3,Thursday,17,2,0,140.0,213.33333333333334,73.33333333333334,0
2024-04-26,Beans,100.0,140.0,150.0,170.0,280.0,2024,4,April,26,4,Friday,17,2,0,120.0,200.0,80.0,0
2024-04-29,Beans,150.0,170.0,200.0,200.0,360.0,2024,4,April,29,0,Monday,18,2,0,160.0,253.33333333333334,93.33333333333334,0
2024-04-30,Beans,150.0,200.0,200.0,230.0,360.0,2024,4,April,30,1,Tuesday,18,2,0,175.0,263.3333333333333,88.33333333333331,0
2024-05-02,Beans,200.0,140.0,250.0,170.0,360.0,2024,5,May,2,3,Thursday,18,2,0,170.0,260.0,90.0,0
2024-05-03,Beans,200.0,195.0,250.0,225.0,360.0,2024,5,May,3,4,Friday,18,2,0,197.5,278.3333333333333,80.83333333333331,0
2024-05-06,Beans,200.0,215.0,250.0,245.0,480.0,2024,5,May,6,0,Monday,19,2,0,207.5,325.0,117.5,0
2024-05-07,Beans,250.0,245.0,300.0,275.0,480.0,2024,5,May,7,1,Tuesday,19,2,0,247.5,351.6666666666667,104.16666666666669,0
2024-05-08,Beans,200.0,190.0,250.0,220.0,480.0,2024,5,May,8,2,Wednesday,19,2,0,195.0,316.6666666666667,121.66666666666669,0
2024-05-09,Beans,150.0,175.0,200.0,205.0,400.0,2024,5,May,9,3,Thursday,19,2,0,162.5,268.3333333333333,105.83333333333331,0
2024-05-10,Beans,150.0,175.0,200.0,205.0,400.0,2024,5,May,10,4,Friday,19,2,0,162.5,268.3333333333333,105.83333333333331,0
2024-05-13,Beans,200.0,235.0,250.0,265.0,400.0,2024,5,May,13,0,Monday,20,2,0,217.5,305.0,87.5,0
2024-05-14,Beans,200.0,290.0,250.0,320.0,480.0,2024,5,May,14,1,Tuesday,20,2,0,245.0,350.0,105.0,0
2024-05-15,Beans,250.0,230.0,300.0,260.0,400.0,2024,5,May,15,2,Wednesday,20,2,0,240.0,320.0,80.0,0
2024-05-16,Beans,250.0,295.0,300.0,325.0,480.0,2024,5,May,16,3,Thursday,20,2,0,272.5,368.3333333333333,95.83333333333331,0
2024-05-17,Beans,270.0,335.0,320.0,365.0,480.0,2024,5,May,17,4,Friday,20,2,0,302.5,388.3333333333333,85.83333333333331,0
2024-05-20,Beans,400.0,325.0,450.0,355.0,600.0,2024,5,May,20,0,Monday,21,2,0,362.5,468.3333333333333,105.83333333333331,0
2024-05-21,Beans,400.0,375.0,450.0,405.0,600.0,2024,5,May,21,1,Tuesday,21,2,0,387.5,485.0,97.5,0
2024-05-22,Beans,700.0,625.0,750.0,655.0,960.0,2024,5,May,22,2,Wednesday,21,2,0,662.5,788.3333333333334,125.83333333333337,0
2024-05-22,Beans,450.0,500.0,500.0,530.0,600.0,2024,5,May,22,2,Wednesday,21,2,0,475.0,543.3333333333334,68.33333333333337,0
2024-05-27,Beans,600.0,575.0,650.0,605.0,800.0,2024,5,May,27,0,Monday,22,2,0,587.5,685.0,97.5,0
2024-05-28,Beans,750.0,625.0,850.0,655.0,900.0,2024,5,May,28,1,Tuesday,22,2,0,687.5,801.6666666666666,114.16666666666663,0
2024-05-29,Beans,750.0,650.0,850.0,680.0,900.0,2024,5,May,29,2,Wednesday,22,2,0,700.0,810.0,110.0,0
2024-05-31,Beans,700.0,625.0,750.0,655.0,900.0,2024,5,May,31,4,Friday,22,2,0,662.5,768.3333333333334,105.83333333333337,0
2024-06-03,Beans,500.0,400.0,550.0,430.0,800.0,2024,6,June,3,0,Monday,23,2,0,450.0,593.3333333333334,143.33333333333337,0
2024-06-04,Beans,600.0,425.0,650.0,455.0,800.0,2024,6,June,4,1,Tuesday,23,2,0,512.5,635.0,122.5,0
2024-06-05,Beans,500.0,375.0,550.0,405.0,700.0,2024,6,June,5,2,Wednesday,23,2,0,437.5,551.6666666666666,114.16666666666663,0
2024-06-06,Beans,480.0,475.0,530.0,505.0,700.0,2024,6,June,6,3,Thursday,23,2,0,477.5,578.3333333333334,100.83333333333337,0
2024-06-07,Beans,450.0,480.0,500.0,510.0,700.0,2024,6,June,7,4,Friday,23,2,0,465.0,570.0,105.0,0
2024-06-10,Beans,450.0,375.0,500.0,405.0,700.0,2024,6,June,10,0,Monday,24,2,0,412.5,535.0,122.5,0
2024-06-11,Beans,450.0,475.0,500.0,505.0,700.0,2024,6,June,11,1,Tuesday,24,2,0,462.5,568.3333333333334,105.83333333333337,0
2024-06-12,Beans,500.0,425.0,550.0,455.0,700.0,2024,6,June,12,2,Wednesday,24,2,0,462.5,568.3333333333334,105.83333333333337,0
2024-06-13,Beans,550.0,475.0,600.0,505.0,700.0,2024,6,June,13,3,Thursday,24,2,0,512.5,601.6666666666666,89.16666666666663,0
2024-06-14,Beans,550.0,425.0,600.0,455.0,700.0,2024,6,June,14,4,Friday,24,2,0,487.5,585.0,97.5,0
2024-06-18,Beans,550.0,485.0,600.0,515.0,680.0,2024,6,June,18,1,Tuesday,25,2,0,517.5,598.3333333333334,80.83333333333337,0
2024-06-19,Beans,600.0,525.0,650.0,555.0,700.0,2024,6,June,19,2,Wednesday,25,2,0,562.5,635.0,72.5,0
2024-06-20,Beans,500.0,500.0,550.0,530.0,700.0,2024,6,June,20,3,Thursday,25,2,0,500.0,593.3333333333334,93.33333333333337,0
2024-06-24,Beans,500.0,425.0,550.0,455.0,700.0,2024,6,June,24,0,Monday,26,2,0,462.5,568.3333333333334,105.83333333333337,0
2024-06-25,Beans,550.0,590.0,600.0,620.0,700.0,2024,6,June,25,1,Tuesday,26,2,0,570.0,640.0,70.0,0
2024-06-26,Beans,500.0,475.0,550.0,505.0,700.0,2024,6,June,26,2,Wednesday,26,2,0,487.5,585.0,97.5,0
2024-06-27,Beans,500.0,475.0,550.0,505.0,700.0,2024,6,June,27,3,Thursday,26,2,0,487.5,585.0,97.5,0
2024-06-28,Beans,500.0,425.0,550.0,455.0,700.0,2024,6,June,28,4,Friday,26,2,0,462.5,568.3333333333334,105.83333333333337,0
2024-07-01,Beans,650.0,525.0,700.0,555.0,800.0,2024,7,July,1,0,Monday,27,3,0,587.5,685.0,97.5,0
2024-07-02,Beans,650.0,525.0,700.0,555.0,800.0,2024,7,July,2,1,Tuesday,27,3,0,587.5,685.0,97.5,0
2024-07-03,Beans,550.0,450.0,600.0,480.0,800.0,2024,7,July,3,2,Wednesday,27,3,0,500.0,626.6666666666666,126.66666666666663,0
2024-07-04,Beans,550.0,475.0,600.0,505.0,800.0,2024,7,July,4,3,Thursday,27,3,0,512.5,635.0,122.5,0
2024-07-05,Beans,450.0,390.0,500.0,420.0,760.0,2024,7,July,5,4,Friday,27,3,0,420.0,560.0,140.0,0
2024-07-08,Beans,550.0,450.0,600.0,480.0,800.0,2024,7,July,8,0,Monday,28,3,0,500.0,626.6666666666666,126.66666666666663,0
2024-07-09,Beans,550.0,435.0,600.0,465.0,800.0,2024,7,July,9,1,Tuesday,28,3,0,492.5,621.6666666666666,129.16666666666663,0
2024-07-10,Beans,500.0,425.0,550.0,455.0,760.0,2024,7,July,10,2,Wednesday,28,3,0,462.5,588.3333333333334,125.83333333333337,0
2024-07-11,Beans,600.0,375.0,650.0,405.0,780.0,2024,7,July,11,3,Thursday,28,3,0,487.5,611.6666666666666,124.16666666666663,0
2024-07-11,Beans,300.0,190.0,350.0,220.0,360.0,2024,7,July,11,3,Thursday,28,3,0,245.0,310.0,65.0,0
2024-07-12,Beans,550.0,490.0,600.0,520.0,720.0,2024,7,July,12,4,Friday,28,3,0,520.0,613.3333333333334,93.33333333333337,0
2024-07-15,Beans,550.0,450.0,600.0,480.0,800.0,2024,7,July,15,0,Monday,29,3,0,500.0,626.6666666666666,126.66666666666663,0
2024-07-16,Beans,500.0,475.0,550.0,505.0,800.0,2024,7,July,16,1,Tuesday,29,3,0,487.5,618.3333333333334,130.83333333333337,0
2024-07-17,Beans,550.0,575.0,600.0,605.0,800.0,2024,7,July,17,2,Wednesday,29,3,0,562.5,668.3333333333334,105.83333333333337,0
2024-07-18,Beans,500.0,475.0,550.0,505.0,800.0,2024,7,July,18,3,Thursday,29,3,0,487.5,618.3333333333334,130.83333333333337,0
2024-07-19,Beans,500.0,515.0,550.0,545.0,800.0,2024,7,July,19,4,Friday,29,3,0,507.5,631.6666666666666,124.16666666666663,0
2024-07-22,Beans,600.0,575.0,650.0,605.0,800.0,2024,7,July,22,0,Monday,30,3,0,587.5,685.0,97.5,0
2024-07-23,Beans,650.0,595.0,700.0,625.0,800.0,2024,7,July,23,1,Tuesday,30,3,0,622.5,708.3333333333334,85.83333333333337,0
2024-07-24,Beans,600.0,575.0,650.0,605.0,800.0,2024,7,July,24,2,Wednesday,30,3,0,587.5,685.0,97.5,0
2024-07-25,Beans,550.0,575.0,600.0,605.0,800.0,2024,7,July,25,3,Thursday,30,3,0,562.5,668.3333333333334,105.83333333333337,0
2024-07-26,Beans,500.0,525.0,550.0,555.0,700.0,2024,7,July,26,4,Friday,30,3,0,512.5,601.6666666666666,89.16666666666663,0
2024-07-29,Beans,550.0,475.0,600.0,505.0,800.0,2024,7,July,29,0,Monday,31,3,0,512.5,635.0,122.5,0
2024-07-30,Beans,500.0,425.0,550.0,455.0,700.0,2024,7,July,30,1,Tuesday,31,3,0,462.5,568.3333333333334,105.83333333333337,0
2024-07-31,Beans,400.0,290.0,450.0,320.0,700.0,2024,7,July,31,2,Wednesday,31,3,0,345.0,490.0,145.0,0
2024-08-01,Beans,400.0,425.0,450.0,455.0,600.0,2024,8,August,1,3,Thursday,31,3,0,412.5,501.6666666666667,89.16666666666669,0
2024-08-02,Beans,400.0,375.0,450.0,405.0,600.0,2024,8,August,2,4,Friday,31,3,0,387.5,485.0,97.5,0
2024-08-05,Beans,400.0,350.0,450.0,380.0,560.0,2024,8,August,5,0,Monday,32,3,0,375.0,463.3333333333333,88.33333333333331,0
2024-08-06,Beans,450.0,350.0,500.0,380.0,480.0,2024,8,August,6,1,Tuesday,32,3,0,400.0,453.3333333333333,53.333333333333314,0
2024-08-07,Beans,400.0,325.0,450.0,355.0,560.0,2024,8,August,7,2,Wednesday,32,3,0,362.5,455.0,92.5,0
2024-08-08,Beans,350.0,475.0,400.0,505.0,600.0,2024,8,August,8,3,Thursday,32,3,0,412.5,501.6666666666667,89.16666666666669,0
2024-08-09,Beans,350.0,365.0,400.0,395.0,560.0,2024,8,August,9,4,Friday,32,3,0,357.5,451.6666666666667,94.16666666666669,0
2024-08-12,Beans,400.0,395.0,450.0,425.0,480.0,2024,8,August,12,0,Monday,33,3,0,397.5,451.6666666666667,54.166666666666686,0
2024-08-13,Beans,400.0,425.0,450.0,455.0,500.0,2024,8,August,13,1,Tuesday,33,3,0,412.5,468.3333333333333,55.833333333333314,0
2024-08-14,Beans,300.0,385.0,350.0,415.0,500.0,2024,8,August,14,2,Wednesday,33,3,0,342.5,421.6666666666667,79.16666666666669,0
2024-08-15,Beans,300.0,350.0,350.0,380.0,480.0,2024,8,August,15,3,Thursday,33,3,0,325.0,403.3333333333333,78.33333333333331,0
2024-08-16,Beans,300.0,375.0,350.0,405.0,480.0,2024,8,August,16,4,Friday,33,3,0,337.5,411.6666666666667,74.16666666666669,0
2024-08-20,Beans,350.0,375.0,400.0,405.0,480.0,2024,8,August,20,1,Tuesday,34,3,0,362.5,428.3333333333333,65.83333333333331,0
2024-08-21,Beans,300.0,365.0,350.0,395.0,480.0,2024,8,August,21,2,Wednesday,34,3,0,332.5,408.3333333333333,75.83333333333331,0
2024-08-22,Beans,200.0,375.0,250.0,405.0,460.0,2024,8,August,22,3,Thursday,34,3,0,287.5,371.6666666666667,84.16666666666669,0
2024-08-23,Beans,200.0,275.0,250.0,305.0,480.0,2024,8,August,23,4,Friday,34,3,0,237.5,345.0,107.5,0
2024-08-26,Beans,300.0,375.0,350.0,405.0,480.0,2024,8,August,26,0,Monday,35,3,0,337.5,411.6666666666667,74.16666666666669,0
2024-08-27,Beans,300.0,340.0,350.0,370.0,480.0,2024,8,August,27,1,Tuesday,35,3,0,320.0,400.0,80.0,0
2024-08-28,Beans,300.0,275.0,350.0,305.0,480.0,2024,8,August,28,2,Wednesday,35,3,0,287.5,378.3333333333333,90.83333333333331,0
2024-08-29,Beans,300.0,315.0,350.0,345.0,480.0,2024,8,August,29,3,Thursday,35,3,0,307.5,391.6666666666667,84.16666666666669,0
2024-08-30,Beans,200.0,250.0,250.0,280.0,480.0,2024,8,August,30,4,Friday,35,3,0,225.0,336.6666666666667,111.66666666666669,0
2024-09-02,Beans,250.0,160.0,300.0,190.0,400.0,2024,9,September,2,0,Monday,36,3,0,205.0,296.6666666666667,91.66666666666669,0
2024-09-03,Beans,200.0,185.0,250.0,215.0,360.0,2024,9,September,3,1,Tuesday,36,3,0,192.5,275.0,82.5,0
2024-09-04,Beans,200.0,190.0,250.0,220.0,360.0,2024,9,September,4,2,Wednesday,36,3,0,195.0,276.6666666666667,81.66666666666669,0
2024-09-05,Beans,200.0,210.0,250.0,240.0,280.0,2024,9,September,5,3,Thursday,36,3,0,205.0,256.6666666666667,51.666666666666686,0
2024-09-06,Beans,200.0,200.0,250.0,230.0,320.0,2024,9,September,6,4,Friday,36,3,0,200.0,266.6666666666667,66.66666666666669,0
2024-09-09,Beans,200.0,200.0,250.0,230.0,400.0,2024,9,September,9,0,Monday,37,3,0,200.0,293.3333333333333,93.33333333333331,0
2024-09-10,Beans,200.0,140.0,250.0,170.0,380.0,2024,9,September,10,1,Tuesday,37,3,0,170.0,266.6666666666667,96.66666666666669,0
2024-09-11,Beans,150.0,130.0,200.0,160.0,380.0,2024,9,September,11,2,Wednesday,37,3,0,140.0,246.66666666666666,106.66666666666666,0
2024-09-12,Beans,150.0,180.0,200.0,210.0,320.0,2024,9,September,12,3,Thursday,37,3,0,165.0,243.33333333333334,78.33333333333334,0
2024-09-13,Beans,150.0,175.0,200.0,205.0,320.0,2024,9,September,13,4,Friday,37,3,0,162.5,241.66666666666666,79.16666666666666,0
2024-09-18,Beans,200.0,215.0,250.0,245.0,240.0,2024,9,September,18,2,Wednesday,38,3,0,207.5,245.0,37.5,0
2024-09-19,Beans,200.0,225.0,250.0,255.0,280.0,2024,9,September,19,3,Thursday,38,3,0,212.5,261.6666666666667,49.166666666666686,0
2024-09-20,Beans,200.0,215.0,250.0,245.0,320.0,2024,9,September,20,4,Friday,38,3,0,207.5,271.6666666666667,64.16666666666669,0
2024-09-23,Beans,200.0,475.0,250.0,505.0,320.0,2024,9,September,23,0,Monday,39,3,0,337.5,358.3333333333333,20.833333333333314,0
2024-09-24,Beans,200.0,220.0,250.0,250.0,320.0,2024,9,September,24,1,Tuesday,39,3,0,210.0,273.3333333333333,63.333333333333314,0
2024-09-25,Beans,200.0,200.0,250.0,230.0,280.0,2024,9,September,25,2,Wednesday,39,3,0,200.0,253.33333333333334,53.33333333333334,0
2024-09-26,Beans,200.0,215.0,250.0,245.0,360.0,2024,9,September,26,3,Thursday,39,3,0,207.5,285.0,77.5,0
2024-09-27,Beans,250.0,250.0,300.0,280.0,360.0,2024,9,September,27,4,Friday,39,3,0,250.0,313.3333333333333,63.333333333333314,0
2024-09-30,Beans,200.0,250.0,250.0,280.0,300.0,2024,9,September,30,0,Monday,40,3,0,225.0,276.6666666666667,51.666666666666686,0
2024-10-01,Beans,250.0,195.0,300.0,225.0,360.0,2024,10,October,1,1,Tuesday,40,4,0,222.5,295.0,72.5,0
2024-10-02,Beans,200.0,175.0,250.0,205.0,360.0,2024,10,October,2,2,Wednesday,40,4,0,187.5,271.6666666666667,84.16666666666669,0
2024-10-03,Beans,200.0,240.0,250.0,270.0,360.0,2024,10,October,3,3,Thursday,40,4,0,220.0,293.3333333333333,73.33333333333331,0
2024-10-04,Beans,300.0,310.0,350.0,340.0,400.0,2024,10,October,4,4,Friday,40,4,0,305.0,363.3333333333333,58.333333333333314,0
2024-10-07,Beans,350.0,290.0,400.0,320.0,480.0,2024,10,October,7,0,Monday,41,4,0,320.0,400.0,80.0,0
2024-10-08,Beans,350.0,285.0,400.0,315.0,460.0,2024,10,October,8,1,Tuesday,41,4,0,317.5,391.6666666666667,74.16666666666669,0
2024-10-09,Beans,350.0,275.0,400.0,305.0,480.0,2024,10,October,9,2,Wednesday,41,4,0,312.5,395.0,82.5,0
2024-10-10,Beans,300.0,240.0,350.0,270.0,360.0,2024,10,October,10,3,Thursday,41,4,0,270.0,326.6666666666667,56.666666666666686,0
2024-10-11,Beans,250.0,220.0,300.0,250.0,360.0,2024,10,October,11,4,Friday,41,4,0,235.0,303.3333333333333,68.33333333333331,0
2024-10-14,Beans,350.0,275.0,400.0,305.0,480.0,2024,10,October,14,0,Monday,42,4,0,312.5,395.0,82.5,0
2024-10-15,Beans,300.0,290.0,350.0,320.0,500.0,2024,10,October,15,1,Tuesday,42,4,0,295.0,390.0,95.0,0
2024-10-16,Beans,300.0,285.0,350.0,315.0,430.0,2024,10,October,16,2,Wednesday,42,4,0,292.5,365.0,72.5,0
2024-10-18,Beans,400.0,355.0,450.0,385.0,480.0,2024,10,October,18,4,Friday,42,4,0,377.5,438.3333333333333,60.833333333333314,0
2024-10-21,Beans,400.0,325.0,450.0,355.0,520.0,2024,10,October,21,0,Monday,43,4,0,362.5,441.6666666666667,79.16666666666669,0
2024-10-22,Beans,300.0,315.0,350.0,345.0,520.0,2024,10,October,22,1,Tuesday,43,4,0,307.5,405.0,97.5,0
2024-10-23,Beans,250.0,250.0,300.0,280.0,520.0,2024,10,October,23,2,Wednesday,43,4,0,250.0,366.6666666666667,116.66666666666669,0
2024-10-24,Beans,200.0,190.0,250.0,220.0,480.0,2024,10,October,24,3,Thursday,43,4,0,195.0,316.6666666666667,121.66666666666669,0
2024-10-25,Beans,300.0,290.0,350.0,320.0,460.0,2024,10,October,25,4,Friday,43,4,0,295.0,376.6666666666667,81.66666666666669,0
2024-10-28,Beans,350.0,295.0,400.0,325.0,480.0,2024,10,October,28,0,Monday,44,4,0,322.5,401.6666666666667,79.16666666666669,0
2024-10-29,Beans,250.0,250.0,300.0,280.0,480.0,2024,10,October,29,1,Tuesday,44,4,0,250.0,353.3333333333333,103.33333333333331,0
2024-10-30,Beans,250.0,275.0,300.0,305.0,480.0,2024,10,October,30,2,Wednesday,44,4,0,262.5,361.6666666666667,99.16666666666669,0
2024-11-01,Beans,250.0,240.0,300.0,270.0,460.0,2024,11,November,1,4,Friday,44,4,0,245.0,343.3333333333333,98.33333333333331,0
2024-11-04,Beans,250.0,185.0,300.0,215.0,480.0,2024,11,November,4,0,Monday,45,4,0,217.5,331.6666666666667,114.16666666666669,0
2024-11-05,Beans,200.0,185.0,250.0,215.0,400.0,2024,11,November,5,1,Tuesday,45,4,0,192.5,288.3333333333333,95.83333333333331,0
2024-11-06,Beans,250.0,225.0,300.0,255.0,360.0,2024,11,November,6,2,Wednesday,45,4,0,237.5,305.0,67.5,0
2024-11-08,Beans,250.0,290.0,300.0,320.0,360.0,2024,11,November,8,4,Friday,45,4,0,270.0,326.6666666666667,56.666666666666686,0
2024-11-11,Beans,350.0,275.0,400.0,305.0,480.0,2024,11,November,11,0,Monday,46,4,0,312.5,395.0,82.5,0
2024-11-12,Beans,450.0,285.0,500.0,315.0,480.0,2024,11,November,12,1,Tuesday,46,4,0,367.5,431.6666666666667,64.16666666666669,0
2024-11-13,Beans,450.0,390.0,500.0,420.0,400.0,2024,11,November,13,2,Wednesday,46,4,0,420.0,440.0,20.0,0
2024-11-14,Beans,450.0,390.0,500.0,420.0,400.0,2024,11,November,14,3,Thursday,46,4,0,420.0,440.0,20.0,0
2024-11-18,Beans,500.0,448.0,550.0,478.0,600.0,2024,11,November,18,0,Monday,47,4,0,474.0,542.6666666666666,68.66666666666663,0
2024-11-19,Beans,480.0,410.0,530.0,440.0,600.0,2024,11,November,19,1,Tuesday,47,4,0,445.0,523.3333333333334,78.33333333333337,0
2024-11-20,Beans,500.0,475.0,550.0,505.0,600.0,2024,11,November,20,2,Wednesday,47,4,0,487.5,551.6666666666666,64.16666666666663,0
2024-11-21,Beans,400.0,490.0,450.0,520.0,600.0,2024,11,November,21,3,Thursday,47,4,0,445.0,523.3333333333334,78.33333333333337,0
2024-11-22,Beans,380.0,340.0,430.0,370.0,600.0,2024,11,November,22,4,Friday,47,4,0,360.0,466.6666666666667,106.66666666666669,0
2024-11-25,Beans,450.0,390.0,500.0,420.0,600.0,2024,11,November,25,0,Monday,48,4,0,420.0,506.6666666666667,86.66666666666669,0
2024-11-26,Beans,500.0,440.0,550.0,470.0,600.0,2024,11,November,26,1,Tuesday,48,4,0,470.0,540.0,70.0,0
2024-11-27,Beans,550.0,475.0,600.0,505.0,600.0,2024,11,November,27,2,Wednesday,48,4,0,512.5,568.3333333333334,55.83333333333337,0
2024-11-28,Beans,500.0,375.0,550.0,405.0,600.0,2024,11,November,28,3,Thursday,48,4,0,437.5,518.3333333333334,80.83333333333337,0
2024-11-29,Beans,500.0,415.0,550.0,445.0,600.0,2024,11,November,29,4,Friday,48,4,0,457.5,531.6666666666666,74.16666666666663,0
2024-12-02,Beans,600.0,575.0,650.0,605.0,1000.0,2024,12,December,2,0,Monday,49,4,0,587.5,751.6666666666666,164.16666666666663,0
2024-12-03,Beans,800.0,525.0,850.0,555.0,1000.0,2024,12,December,3,1,Tuesday,49,4,0,662.5,801.6666666666666,139.16666666666663,0
2024-12-04,Beans,900.0,575.0,950.0,605.0,1000.0,2024,12,December,4,2,Wednesday,49,4,0,737.5,851.6666666666666,114.16666666666663,0
2024-12-05,Beans,850.0,550.0,900.0,580.0,1000.0,2024,12,December,5,3,Thursday,49,4,0,700.0,826.6666666666666,126.66666666666663,0
2024-12-06,Beans,800.0,450.0,850.0,480.0,900.0,2024,12,December,6,4,Friday,49,4,0,625.0,743.3333333333334,118.33333333333337,0
2024-12-09,Beans,600.0,525.0,650.0,555.0,600.0,2024,12,December,9,0,Monday,50,4,0,562.5,601.6666666666666,39.16666666666663,0
2024-12-10,Beans,600.0,475.0,650.0,505.0,800.0,2024,12,December,10,1,Tuesday,50,4,0,537.5,651.6666666666666,114.16666666666663,0
2024-12-11,Beans,550.0,475.0,600.0,505.0,800.0,2024,12,December,11,2,Wednesday,50,4,0,512.5,635.0,122.5,0
2024-12-12,Beans,500.0,425.0,550.0,455.0,800.0,2024,12,December,12,3,Thursday,50,4,0,462.5,601.6666666666666,139.16666666666663,0
2024-12-13,Beans,450.0,350.0,500.0,380.0,800.0,2024,12,December,13,4,Friday,50,4,0,400.0,560.0,160.0,0
2024-12-16,Beans,350.0,200.0,400.0,230.0,480.0,2024,12,December,16,0,Monday,51,4,0,275.0,370.0,95.0,0
2024-12-17,Beans,300.0,225.0,350.0,255.0,360.0,2024,12,December,17,1,Tuesday,51,4,0,262.5,321.6666666666667,59.166666666666686,0
2024-12-18,Beans,350.0,225.0,400.0,255.0,760.0,2024,12,December,18,2,Wednesday,51,4,0,287.5,471.6666666666667,184.16666666666669,0
2024-12-19,Beans,350.0,300.0,400.0,330.0,800.0,2024,12,December,19,3,Thursday,51,4,0,325.0,510.0,185.0,0
2024-12-20,Beans,400.0,300.0,450.0,330.0,700.0,2024,12,December,20,4,Friday,51,4,0,350.0,493.3333333333333,143.33333333333331,0
2024-12-23,Beans,450.0,450.0,500.0,480.0,700.0,2024,12,December,23,0,Monday,52,4,0,450.0,560.0,110.0,0
2024-12-24,Beans,400.0,310.0,450.0,340.0,760.0,2024,12,December,24,1,Tuesday,52,4,0,355.0,516.6666666666666,161.66666666666663,0
2024-12-26,Beans,450.0,475.0,500.0,505.0,800.0,2024,12,December,26,3,Thursday,52,4,0,462.5,601.6666666666666,139.16666666666663,0
2024-12-27,Beans,450.0,415.0,500.0,445.0,800.0,2024,12,December,27,4,Friday,52,4,0,432.5,581.6666666666666,149.16666666666663,0
2024-12-30,Beans,400.0,350.0,450.0,380.0,600.0,2024,12,December,30,0,Monday,1,4,0,375.0,476.6666666666667,101.66666666666669,0
2024-12-31,Beans,450.0,285.0,500.0,315.0,600.0,2024,12,December,31,1,Tuesday,1,4,0,367.5,471.6666666666667,104.16666666666669,0
2025-01-01,Beans,400.0,250.0,450.0,280.0,600.0,2025,1,January,1,2,Wednesday,1,1,0,325.0,443.3333333333333,118.33333333333331,0
2025-01-02,Beans,400.0,335.0,450.0,365.0,500.0,2025,1,January,2,3,Thursday,1,1,0,367.5,438.3333333333333,70.83333333333331,0
2025-01-03,Beans,250.0,205.0,300.0,235.0,480.0,2025,1,January,3,4,Friday,1,1,0,227.5,338.3333333333333,110.83333333333331,0
2025-01-06,Beans,300.0,275.0,350.0,305.0,500.0,2025,1,January,6,0,Monday,2,1,0,287.5,385.0,97.5,0
2025-01-07,Beans,300.0,315.0,350.0,345.0,600.0,2025,1,January,7,1,Tuesday,2,1,0,307.5,431.6666666666667,124.16666666666669,0
2025-01-08,Beans,250.0,225.0,300.0,255.0,600.0,2025,1,January,8,2,Wednesday,2,1,0,237.5,385.0,147.5,0
2025-01-09,Beans,250.0,240.0,300.0,270.0,400.0,2025,1,January,9,3,Thursday,2,1,0,245.0,323.3333333333333,78.33333333333331,0
2025-01-10,Beans,300.0,200.0,350.0,230.0,400.0,2025,1,January,10,4,Friday,2,1,0,250.0,326.6666666666667,76.66666666666669,0
2025-01-15,Beans,300.0,245.0,350.0,275.0,480.0,2025,1,January,15,2,Wednesday,3,1,0,272.5,368.3333333333333,95.83333333333331,0
2025-01-16,Beans,300.0,310.0,350.0,340.0,480.0,2025,1,January,16,3,Thursday,3,1,0,305.0,390.0,85.0,0
2025-01-17,Beans,330.0,305.0,380.0,335.0,480.0,2025,1,January,17,4,Friday,3,1,0,317.5,398.3333333333333,80.83333333333331,0
2025-01-20,Beans,550.0,325.0,600.0,355.0,600.0,2025,1,January,20,0,Monday,4,1,0,437.5,518.3333333333334,80.83333333333337,0
2025-01-21,Beans,350.0,415.0,400.0,445.0,600.0,2025,1,January,21,1,Tuesday,4,1,0,382.5,481.6666666666667,99.16666666666669,0
2025-01-22,Beans,300.0,325.0,350.0,355.0,600.0,2025,1,January,22,2,Wednesday,4,1,0,312.5,435.0,122.5,0
2025-01-23,Beans,350.0,475.0,400.0,505.0,560.0,2025,1,January,23,3,Thursday,4,1,0,412.5,488.3333333333333,75.83333333333331,0
2025-01-24,Beans,400.0,425.0,450.0,455.0,520.0,2025,1,January,24,4,Friday,4,1,0,412.5,475.0,62.5,0
2025-01-27,Beans,600.0,475.0,650.0,505.0,600.0,2025,1,January,27,0,Monday,5,1,0,537.5,585.0,47.5,0
2025-01-28,Beans,600.0,475.0,650.0,505.0,660.0,2025,1,January,28,1,Tuesday,5,1,0,537.5,605.0,67.5,0
2025-01-29,Beans,550.0,475.0,600.0,505.0,660.0,2025,1,January,29,2,Wednesday,5,1,0,512.5,588.3333333333334,75.83333333333337,0
2025-01-30,Beans,550.0,425.0,600.0,455.0,600.0,2025,1,January,30,3,Thursday,5,1,0,487.5,551.6666666666666,64.16666666666663,0
2025-01-31,Beans,550.0,575.0,600.0,605.0,600.0,2025,1,January,31,4,Friday,5,1,0,562.5,601.6666666666666,39.16666666666663,0
2025-02-03,Beans,500.0,500.0,550.0,530.0,600.0,2025,2,February,3,0,Monday,6,1,0,500.0,560.0,60.0,0
2025-02-05,Beans,400.0,425.0,450.0,455.0,600.0,2025,2,February,5,2,Wednesday,6,1,0,412.5,501.6666666666667,89.16666666666669,0
2025-02-06,Beans,450.0,450.0,500.0,480.0,600.0,2025,2,February,6,3,Thursday,6,1,0,450.0,526.6666666666666,76.66666666666663,0
2025-02-07,Beans,450.0,375.0,500.0,405.0,600.0,2025,2,February,7,4,Friday,6,1,0,412.5,501.6666666666667,89.16666666666669,0
2025-02-10,Beans,400.0,400.0,450.0,430.0,600.0,2025,2,February,10,0,Monday,7,1,0,400.0,493.3333333333333,93.33333333333331,0
2025-02-11,Beans,450.0,425.0,500.0,455.0,600.0,2025,2,February,11,1,Tuesday,7,1,0,437.5,518.3333333333334,80.83333333333337,0
2025-02-13,Beans,350.0,360.0,400.0,390.0,600.0,2025,2,February,13,3,Thursday,7,1,0,355.0,463.3333333333333,108.33333333333331,0
2025-02-14,Beans,300.0,350.0,350.0,380.0,600.0,2025,2,February,14,4,Friday,7,1,0,325.0,443.3333333333333,118.33333333333331,0
2025-02-17,Beans,350.0,375.0,400.0,405.0,560.0,2025,2,February,17,0,Monday,8,1,0,362.5,455.0,92.5,0
2025-02-18,Beans,300.0,280.0,350.0,310.0,540.0,2025,2,February,18,1,Tuesday,8,1,0,290.0,400.0,110.0,0
2025-02-19,Beans,200.0,250.0,250.0,280.0,400.0,2025,2,February,19,2,Wednesday,8,1,0,225.0,310.0,85.0,0
2025-02-20,Beans,250.0,215.0,300.0,245.0,400.0,2025,2,February,20,3,Thursday,8,1,0,232.5,315.0,82.5,0
2025-02-21,Beans,250.0,150.0,300.0,180.0,400.0,2025,2,February,21,4,Friday,8,1,0,200.0,293.3333333333333,93.33333333333331,0
2025-02-24,Beans,200.0,175.0,250.0,205.0,360.0,2025,2,February,24,0,Monday,9,1,0,187.5,271.6666666666667,84.16666666666669,0
2025-02-25,Beans,200.0,160.0,250.0,190.0,360.0,2025,2,February,25,1,Tuesday,9,1,0,180.0,266.6666666666667,86.66666666666669,0
2025-02-27,Beans,180.0,130.0,220.0,160.0,320.0,2025,2,February,27,3,Thursday,9,1,0,155.0,233.33333333333334,78.33333333333334,0
2025-02-28,Beans,150.0,125.0,200.0,155.0,360.0,2025,2,February,28,4,Friday,9,1,0,137.5,238.33333333333334,100.83333333333334,0
2025-03-03,Beans,180.0,125.0,230.0,155.0,320.0,2025,3,March,3,0,Monday,10,1,0,152.5,235.0,82.5,0
2025-03-04,Beans,200.0,155.0,250.0,185.0,360.0,2025,3,March,4,1,Tuesday,10,1,0,177.5,265.0,87.5,0
2025-03-05,Beans,180.0,275.0,230.0,305.0,380.0,2025,3,March,5,2,Wednesday,10,1,0,227.5,305.0,77.5,0
2025-03-06,Beans,350.0,325.0,400.0,355.0,560.0,2025,3,March,6,3,Thursday,10,1,0,337.5,438.3333333333333,100.83333333333331,0
2025-03-07,Beans,300.0,325.0,350.0,355.0,560.0,2025,3,March,7,4,Friday,10,1,0,312.5,421.6666666666667,109.16666666666669,0
2025-03-10,Beans,400.0,400.0,450.0,430.0,560.0,2025,3,March,10,0,Monday,11,1,0,400.0,480.0,80.0,0
2025-03-11,Beans,450.0,400.0,500.0,430.0,600.0,2025,3,March,11,1,Tuesday,11,1,0,425.0,510.0,85.0,0
2025-03-12,Beans,350.0,375.0,400.0,405.0,700.0,2025,3,March,12,2,Wednesday,11,1,0,362.5,501.6666666666667,139.16666666666669,0
2025-03-14,Beans,350.0,275.0,400.0,305.0,600.0,2025,3,March,14,4,Friday,11,1,0,312.5,435.0,122.5,0
2025-03-17,Beans,600.0,550.0,650.0,580.0,800.0,2025,3,March,17,0,Monday,12,1,0,575.0,676.6666666666666,101.66666666666663,0
2025-03-18,Beans,600.0,475.0,650.0,505.0,800.0,2025,3,March,18,1,Tuesday,12,1,0,537.5,651.6666666666666,114.16666666666663,0
2025-03-19,Beans,450.0,490.0,500.0,520.0,760.0,2025,3,March,19,2,Wednesday,12,1,0,470.0,593.3333333333334,123.33333333333337,0
2025-03-20,Beans,400.0,425.0,450.0,455.0,660.0,2025,3,March,20,3,Thursday,12,1,0,412.5,521.6666666666666,109.16666666666663,0
2025-03-21,Beans,450.0,400.0,500.0,430.0,660.0,2025,3,March,21,4,Friday,12,1,0,425.0,530.0,105.0,0
2025-03-24,Beans,500.0,525.0,550.0,555.0,760.0,2025,3,March,24,0,Monday,13,1,0,512.5,621.6666666666666,109.16666666666663,0
2025-03-25,Beans,500.0,515.0,550.0,545.0,740.0,2025,3,March,25,1,Tuesday,13,1,0,507.5,611.6666666666666,104.16666666666663,0
2025-03-26,Beans,500.0,450.0,550.0,480.0,600.0,2025,3,March,26,2,Wednesday,13,1,0,475.0,543.3333333333334,68.33333333333337,0
2025-03-27,Beans,400.0,475.0,450.0,505.0,600.0,2025,3,March,27,3,Thursday,13,1,0,437.5,518.3333333333334,80.83333333333337,0
2025-03-28,Beans,450.0,515.0,500.0,545.0,800.0,2025,3,March,28,4,Friday,13,1,0,482.5,615.0,132.5,0
2025-04-01,Beans,600.0,575.0,650.0,605.0,660.0,2025,4,April,1,1,Tuesday,14,2,0,587.5,638.3333333333334,50.83333333333337,0
2025-04-02,Beans,500.0,375.0,550.0,405.0,680.0,2025,4,April,2,2,Wednesday,14,2,0,437.5,545.0,107.5,0
2025-04-03,Beans,450.0,475.0,500.0,505.0,660.0,2025,4,April,3,3,Thursday,14,2,0,462.5,555.0,92.5,0
2025-04-04,Beans,400.0,425.0,450.0,455.0,660.0,2025,4,April,4,4,Friday,14,2,0,412.5,521.6666666666666,109.16666666666663,0
2025-04-07,Beans,400.0,340.0,450.0,370.0,660.0,2025,4,April,7,0,Monday,15,2,0,370.0,493.3333333333333,123.33333333333331,0
2025-04-08,Beans,450.0,475.0,500.0,505.0,660.0,2025,4,April,8,1,Tuesday,15,2,0,462.5,555.0,92.5,0
2025-04-09,Beans,500.0,475.0,550.0,505.0,680.0,2025,4,April,9,2,Wednesday,15,2,0,487.5,578.3333333333334,90.83333333333337,0
2025-04-10,Beans,600.0,575.0,650.0,605.0,720.0,2025,4,April,10,3,Thursday,15,2,0,587.5,658.3333333333334,70.83333333333337,0
2025-04-11,Beans,600.0,625.0,650.0,655.0,700.0,2025,4,April,11,4,Friday,15,2,0,612.5,668.3333333333334,55.83333333333337,0
2025-04-16,Beans,400.0,375.0,450.0,405.0,700.0,2025,4,April,16,2,Wednesday,16,2,0,387.5,518.3333333333334,130.83333333333337,0
2025-04-17,Beans,400.0,275.0,450.0,305.0,700.0,2025,4,April,17,3,Thursday,16,2,0,337.5,377.5,40.0,0
2025-04-21,Beans,400.0,560.0,450.0,590.0,760.0,2025,4,April,21,0,Monday,17,2,0,480.0,600.0,120.0,0
2025-04-22,Beans,400.0,325.0,450.0,355.0,700.0,2025,4,April,22,1,Tuesday,17,2,0,362.5,501.6666666666667,139.16666666666669,0
2025-04-23,Beans,450.0,390.0,500.0,420.0,760.0,2025,4,April,23,2,Wednesday,17,2,0,420.0,560.0,140.0,0
2025-04-24,Beans,400.0,375.0,450.0,405.0,800.0,2025,4,April,24,3,Thursday,17,2,0,387.5,551.6666666666666,164.16666666666663,0
2025-04-25,Beans,450.0,410.0,500.0,440.0,780.0,2025,4,April,25,4,Friday,17,2,0,430.0,573.3333333333334,143.33333333333337,0
2025-04-28,Beans,450.0,525.0,500.0,555.0,760.0,2025,4,April,28,0,Monday,18,2,0,487.5,605.0,117.5,0
2025-04-29,Beans,550.0,525.0,600.0,555.0,740.0,2025,4,April,29,1,Tuesday,18,2,0,537.5,631.6666666666666,94.16666666666663,0
2025-04-30,Beans,550.0,575.0,600.0,605.0,780.0,2025,4,April,30,2,Wednesday,18,2,0,562.5,661.6666666666666,99.16666666666663,0
2025-05-02,Beans,600.0,675.0,650.0,705.0,740.0,2025,5,May,2,4,Friday,18,2,0,637.5,698.3333333333334,60.83333333333337,0
2025-05-05,Beans,600.0,645.0,650.0,675.0,900.0,2025,5,May,5,0,Monday,19,2,0,622.5,741.6666666666666,119.16666666666663,0
2025-05-06,Beans,600.0,645.0,650.0,675.0,940.0,2025,5,May,6,1,Tuesday,19,2,0,622.5,755.0,132.5,0
2025-05-07,Beans,700.0,700.0,750.0,730.0,900.0,2025,5,May,7,2,Wednesday,19,2,0,700.0,793.3333333333334,93.33333333333337,0
2025-05-08,Beans,650.0,650.0,700.0,680.0,900.0,2025,5,May,8,3,Thursday,19,2,0,650.0,760.0,110.0,0
2025-05-09,Beans,750.0,650.0,800.0,680.0,800.0,2025,5,May,9,4,Friday,19,2,0,700.0,760.0,60.0,0
2025-05-14,Beans,700.0,490.0,750.0,520.0,900.0,2025,5,May,14,2,Wednesday,20,2,0,595.0,723.3333333333334,128.33333333333337,0
2025-05-15,Beans,700.0,565.0,750.0,595.0,660.0,2025,5,May,15,3,Thursday,20,2,0,632.5,668.3333333333334,35.83333333333337,0
2025-05-16,Beans,400.0,375.0,450.0,405.0,680.0,2025,5,May,16,4,Friday,20,2,0,387.5,511.6666666666667,124.16666666666669,0
2025-05-19,Beans,250.0,250.0,300.0,280.0,700.0,2025,5,May,19,0,Monday,21,2,0,250.0,426.6666666666667,176.66666666666669,0
2025-05-20,Beans,200.0,260.0,250.0,290.0,480.0,2025,5,May,20,1,Tuesday,21,2,0,230.0,340.0,110.0,0
2025-05-21,Beans,250.0,155.0,300.0,185.0,500.0,2025,5,May,21,2,Wednesday,21,2,0,202.5,328.3333333333333,125.83333333333331,0
2025-05-22,Beans,200.0,275.0,250.0,305.0,480.0,2025,5,May,22,3,Thursday,21,2,0,237.5,345.0,107.5,0
2025-05-23,Beans,250.0,250.0,300.0,280.0,480.0,2025,5,May,23,4,Friday,21,2,0,250.0,353.3333333333333,103.33333333333331,0
2025-05-26,Beans,300.0,335.0,350.0,365.0,500.0,2025,5,May,26,0,Monday,22,2,0,317.5,405.0,87.5,0
2025-05-27,Beans,300.0,345.0,350.0,375.0,480.0,2025,5,May,27,1,Tuesday,22,2,0,322.5,401.6666666666667,79.16666666666669,0
2025-05-28,Beans,250.0,345.0,300.0,375.0,480.0,2025,5,May,28,2,Wednesday,22,2,0,297.5,385.0,87.5,0
2025-05-29,Beans,250.0,300.0,300.0,330.0,480.0,2025,5,May,29,3,Thursday,22,2,0,275.0,370.0,95.0,0
2025-05-30,Beans,300.0,315.0,350.0,345.0,480.0,2025,5,May,30,4,Friday,22,2,0,307.5,391.6666666666667,84.16666666666669,0
2025-06-02,Beans,350.0,400.0,400.0,405.0,560.0,2025,6,June,2,0,Monday,23,2,0,375.0,455.0,80.0,0
2025-06-03,Beans,350.0,290.0,400.0,320.0,540.0,2025,6,June,3,1,Tuesday,23,2,0,320.0,420.0,100.0,0
2025-06-04,Beans,350.0,375.0,400.0,405.0,540.0,2025,6,June,4,2,Wednesday,23,2,0,362.5,448.3333333333333,85.83333333333331,0
2025-06-05,Beans,500.0,475.0,550.0,505.0,700.0,2025,6,June,5,3,Thursday,23,2,0,487.5,585.0,97.5,0
2025-06-06,Beans,400.0,545.0,450.0,575.0,800.0,2025,6,June,6,4,Friday,23,2,0,472.5,608.3333333333334,135.83333333333337,0
2025-06-09,Beans,400.0,275.0,450.0,305.0,700.0,2025,6,June,9,0,Monday,24,2,0,337.5,485.0,147.5,0
2025-06-11,Beans,450.0,275.0,500.0,305.0,700.0,2025,6,June,11,2,Wednesday,24,2,0,362.5,501.6666666666667,139.16666666666669,0
2025-06-12,Beans,450.0,545.0,500.0,575.0,800.0,2025,6,June,12,3,Thursday,24,2,0,497.5,625.0,127.5,0
2025-06-13,Beans,500.0,375.0,550.0,405.0,700.0,2025,6,June,13,4,Friday,24,2,0,437.5,551.6666666666666,114.16666666666663,0
2025-06-16,Beans,500.0,500.0,550.0,530.0,660.0,2025,6,June,16,0,Monday,25,2,0,500.0,580.0,80.0,0
2025-06-17,Beans,550.0,460.0,600.0,490.0,800.0,2025,6,June,17,1,Tuesday,25,2,0,505.0,630.0,125.0,0
2025-06-18,Beans,600.0,475.0,650.0,505.0,800.0,2025,6,June,18,2,Wednesday,25,2,0,537.5,651.6666666666666,114.16666666666663,0
2025-06-19,Beans,600.0,545.0,650.0,575.0,700.0,2025,6,June,19,3,Thursday,25,2,0,572.5,641.6666666666666,69.16666666666663,0
2025-06-20,Beans,600.0,575.0,650.0,605.0,800.0,2025,6,June,20,4,Friday,25,2,0,587.5,685.0,97.5,0
2025-06-23,Beans,650.0,475.0,700.0,505.0,800.0,2025,6,June,23,0,Monday,26,2,0,562.5,668.3333333333334,105.83333333333337,0
2025-06-24,Beans,650.0,450.0,700.0,480.0,700.0,2025,6,June,24,1,Tuesday,26,2,0,550.0,626.6666666666666,76.66666666666663,0
2025-06-25,Beans,550.0,575.0,600.0,605.0,800.0,2025,6,June,25,2,Wednesday,26,2,0,562.5,668.3333333333334,105.83333333333337,0
2025-06-26,Beans,500.0,400.0,550.0,430.0,800.0,2025,6,June,26,3,Thursday,26,2,0,450.0,593.3333333333334,143.33333333333337,0
2025-06-27,Beans,550.0,475.0,600.0,505.0,700.0,2025,6,June,27,4,Friday,26,2,0,512.5,601.6666666666666,89.16666666666663,0
2025-06-30,Beans,500.0,490.0,550.0,520.0,700.0,2025,6,June,30,0,Monday,27,2,0,495.0,590.0,95.0,0
2025-07-01,Beans,450.0,525.0,500.0,555.0,660.0,2025,7,July,1,1,Tuesday,27,3,0,487.5,571.6666666666666,84.16666666666663,0
2025-07-02,Beans,450.0,350.0,500.0,380.0,660.0,2025,7,July,2,2,Wednesday,27,3,0,400.0,513.3333333333334,113.33333333333337,0
2025-07-03,Beans,500.0,350.0,550.0,380.0,680.0,2025,7,July,3,3,Thursday,27,3,0,425.0,536.6666666666666,111.66666666666663,0
2025-07-04,Beans,450.0,375.0,500.0,405.0,700.0,2025,7,July,4,4,Friday,27,3,0,412.5,535.0,122.5,0
2025-07-07,Beans,450.0,375.0,500.0,405.0,600.0,2025,7,July,7,0,Monday,28,3,0,412.5,501.6666666666667,89.16666666666669,0
2025-07-08,Beans,450.0,325.0,500.0,355.0,600.0,2025,7,July,8,1,Tuesday,28,3,0,387.5,485.0,97.5,0
2025-07-09,Beans,500.0,375.0,550.0,405.0,600.0,2025,7,July,9,2,Wednesday,28,3,0,437.5,518.3333333333334,80.83333333333337,0
2025-07-11,Beans,400.0,245.0,450.0,275.0,560.0,2025,7,July,11,4,Friday,28,3,0,322.5,428.3333333333333,105.83333333333331,0
2025-07-14,Beans,500.0,325.0,550.0,355.0,600.0,2025,7,July,14,0,Monday,29,3,0,412.5,501.6666666666667,89.16666666666669,0
2025-07-15,Beans,400.0,390.0,450.0,420.0,600.0,2025,7,July,15,1,Tuesday,29,3,0,395.0,490.0,95.0,0
2025-07-16,Beans,400.0,300.0,450.0,330.0,600.0,2025,7,July,16,2,Wednesday,29,3,0,350.0,460.0,110.0,0
2025-07-17,Beans,450.0,320.0,500.0,350.0,560.0,2025,7,July,17,3,Thursday,29,3,0,385.0,470.0,85.0,0
2025-07-18,Beans,400.0,300.0,450.0,330.0,540.0,2025,7,July,18,4,Friday,29,3,0,350.0,440.0,90.0,0
2025-07-21,Beans,400.0,345.0,450.0,375.0,600.0,2025,7,July,21,0,Monday,30,3,0,372.5,475.0,102.5,0
2025-07-22,Beans,350.0,450.0,400.0,480.0,600.0,2025,7,July,22,1,Tuesday,30,3,0,400.0,493.3333333333333,93.33333333333331,0
2025-07-23,Beans,350.0,425.0,400.0,455.0,600.0,2025,7,July,23,2,Wednesday,30,3,0,387.5,485.0,97.5,0
2025-07-24,Beans,300.0,450.0,350.0,480.0,600.0,2025,7,July,24,3,Thursday,30,3,0,375.0,476.6666666666667,101.66666666666669,0
2025-07-25,Beans,350.0,490.0,400.0,520.0,600.0,2025,7,July,25,4,Friday,30,3,0,420.0,506.6666666666667,86.66666666666669,0
2025-07-28,Beans,600.0,650.0,650.0,680.0,700.0,2025,7,July,28,0,Monday,31,3,0,625.0,676.6666666666666,51.66666666666663,0
2025-07-29,Beans,650.0,450.0,700.0,480.0,700.0,2025,7,July,29,1,Tuesday,31,3,0,550.0,626.6666666666666,76.66666666666663,0
2025-07-30,Beans,600.0,475.0,650.0,505.0,700.0,2025,7,July,30,2,Wednesday,31,3,0,537.5,618.3333333333334,80.83333333333337,0
2025-07-31,Beans,500.0,525.0,550.0,555.0,700.0,2025,7,July,31,3,Thursday,31,3,0,512.5,601.6666666666666,89.16666666666663,0
2025-08-01,Beans,500.0,595.0,550.0,625.0,760.0,2025,8,August,1,4,Friday,31,3,0,547.5,645.0,97.5,0
2025-08-04,Beans,600.0,500.0,650.0,530.0,800.0,2025,8,August,4,0,Monday,32,3,0,550.0,660.0,110.0,0
2025-08-05,Beans,600.0,645.0,650.0,675.0,660.0,2025,8,August,5,1,Tuesday,32,3,0,622.5,661.6666666666666,39.16666666666663,0
2025-08-06,Beans,550.0,450.0,600.0,480.0,700.0,2025,8,August,6,2,Wednesday,32,3,0,500.0,593.3333333333334,93.33333333333337,0
2025-08-07,Beans,500.0,475.0,550.0,505.0,700.0,2025,8,August,7,3,Thursday,32,3,0,487.5,585.0,97.5,0
2025-08-11,Beans,600.0,475.0,650.0,505.0,760.0,2025,8,August,11,0,Monday,33,3,0,537.5,638.3333333333334,100.83333333333337,0
2025-08-12,Beans,600.0,450.0,650.0,480.0,740.0,2025,8,August,12,1,Tuesday,33,3,0,525.0,623.3333333333334,98.33333333333337,0
2025-08-13,Beans,400.0,425.0,450.0,455.0,600.0,2025,8,August,13,2,Wednesday,33,3,0,412.5,501.6666666666667,89.16666666666669,0
2025-08-14,Beans,350.0,425.0,400.0,455.0,600.0,2025,8,August,14,3,Thursday,33,3,0,387.5,485.0,97.5,0
2025-08-15,Beans,450.0,375.0,500.0,405.0,600.0,2025,8,August,15,4,Friday,33,3,0,412.5,501.6666666666667,89.16666666666669,0
2025-08-18,Beans,500.0,575.0,550.0,605.0,600.0,2025,8,August,18,0,Monday,34,3,0,537.5,585.0,47.5,0
2025-08-19,Beans,450.0,565.0,500.0,595.0,600.0,2025,8,August,19,1,Tuesday,34,3,0,507.5,565.0,57.5,0
2025-08-20,Beans,400.0,475.0,450.0,505.0,600.0,2025,8,August,20,2,Wednesday,34,3,0,437.5,518.3333333333334,80.83333333333337,0
2025-08-21,Beans,400.0,375.0,450.0,405.0,600.0,2025,8,August,21,3,Thursday,34,3,0,387.5,485.0,97.5,0
2025-08-22,Beans,350.0,390.0,400.0,420.0,600.0,2025,8,August,22,4,Friday,34,3,0,370.0,473.3333333333333,103.33333333333331,0
2025-08-25,Beans,350.0,340.0,400.0,370.0,580.0,2025,8,August,25,0,Monday,35,3,0,345.0,450.0,105.0,0
2025-08-26,Beans,400.0,400.0,450.0,430.0,700.0,2025,8,August,26,1,Tuesday,35,3,0,400.0,526.6666666666666,126.66666666666663,0
2025-08-27,Beans,450.0,325.0,500.0,355.0,600.0,2025,8,August,27,2,Wednesday,35,3,0,387.5,485.0,97.5,0
2025-08-28,Beans,400.0,395.0,450.0,425.0,600.0,2025,8,August,28,3,Thursday,35,3,0,397.5,491.6666666666667,94.16666666666669,0
2025-08-29,Beans,400.0,310.0,450.0,340.0,560.0,2025,8,August,29,4,Friday,35,3,0,355.0,450.0,95.0,0
2025-09-01,Beans,350.0,275.0,400.0,305.0,560.0,2025,9,September,1,0,Monday,36,3,0,312.5,421.6666666666667,109.16666666666669,0
2025-09-02,Beans,350.0,300.0,400.0,330.0,560.0,2025,9,September,2,1,Tuesday,36,3,0,325.0,430.0,105.0,0
2025-09-03,Beans,350.0,300.0,400.0,330.0,560.0,2025,9,September,3,2,Wednesday,36,3,0,325.0,430.0,105.0,0
2025-09-04,Beans,400.0,315.0,450.0,345.0,560.0,2025,9,September,4,3,Thursday,36,3,0,357.5,451.6666666666667,94.16666666666669,0
2025-09-08,Beans,300.0,315.0,350.0,345.0,480.0,2025,9,September,8,0,Monday,37,3,0,307.5,391.6666666666667,84.16666666666669,0
2025-09-09,Beans,250.0,260.0,300.0,290.0,480.0,2025,9,September,9,1,Tuesday,37,3,0,255.0,356.6666666666667,101.66666666666669,0
2025-09-10,Beans,250.0,225.0,300.0,255.0,560.0,2025,9,September,10,2,Wednesday,37,3,0,237.5,371.6666666666667,134.16666666666669,0
2025-09-11,Beans,200.0,215.0,250.0,245.0,560.0,2025,9,September,11,3,Thursday,37,3,0,207.5,351.6666666666667,144.16666666666669,0
2025-09-12,Beans,300.0,225.0,350.0,255.0,560.0,2025,9,September,12,4,Friday,37,3,0,262.5,388.3333333333333,125.83333333333331,0
2025-09-15,Beans,350.0,375.0,400.0,405.0,560.0,2025,9,September,15,0,Monday,38,3,0,362.5,455.0,92.5,0
2025-09-16,Beans,300.0,315.0,350.0,345.0,560.0,2025,9,September,16,1,Tuesday,38,3,0,307.5,418.3333333333333,110.83333333333331,0
2025-09-17,Beans,350.0,340.0,400.0,370.0,560.0,2025,9,September,17,2,Wednesday,38,3,0,345.0,443.3333333333333,98.33333333333331,0
2025-09-18,Beans,350.0,290.0,400.0,320.0,480.0,2025,9,September,18,3,Thursday,38,3,0,320.0,400.0,80.0,0
2025-09-19,Beans,250.0,285.0,300.0,315.0,480.0,2025,9,September,19,4,Friday,38,3,0,267.5,365.0,97.5,0
2025-09-22,Beans,400.0,325.0,450.0,355.0,460.0,2025,9,September,22,0,Monday,39,3,0,362.5,421.6666666666667,59.166666666666686,0
2025-09-23,Beans,350.0,300.0,400.0,330.0,460.0,2025,9,September,23,1,Tuesday,39,3,0,325.0,396.6666666666667,71.66666666666669,0
2025-09-26,Beans,300.0,295.0,350.0,325.0,560.0,2025,9,September,26,4,Friday,39,3,0,297.5,411.6666666666667,114.16666666666669,0
2025-09-29,Beans,300.0,330.0,350.0,360.0,480.0,2025,9,September,29,0,Monday,40,3,0,315.0,396.6666666666667,81.66666666666669,0
2025-09-30,Beans,300.0,250.0,350.0,280.0,460.0,2025,9,September,30,1,Tuesday,40,3,0,275.0,363.3333333333333,88.33333333333331,0
2025-10-01,Beans,300.0,255.0,350.0,285.0,480.0,2025,10,October,1,2,Wednesday,40,4,0,277.5,371.6666666666667,94.16666666666669,0
2025-10-02,Beans,250.0,315.0,300.0,345.0,400.0,2025,10,October,2,3,Thursday,40,4,0,282.5,348.3333333333333,65.83333333333331,0
2025-10-03,Beans,300.0,295.0,350.0,325.0,480.0,2025,10,October,3,4,Friday,40,4,0,297.5,385.0,87.5,0
2025-10-07,Beans,300.0,165.0,350.0,195.0,480.0,2025,10,October,7,1,Tuesday,41,4,0,232.5,341.6666666666667,109.16666666666669,0
2025-10-08,Beans,250.0,275.0,300.0,305.0,480.0,2025,10,October,8,2,Wednesday,41,4,0,262.5,361.6666666666667,99.16666666666669,0
2025-10-09,Beans,200.0,250.0,250.0,280.0,480.0,2025,10,October,9,3,Thursday,41,4,0,225.0,336.6666666666667,111.66666666666669,0
2025-10-10,Beans,250.0,275.0,300.0,305.0,480.0,2025,10,October,10,4,Friday,41,4,0,262.5,361.6666666666667,99.16666666666669,0
2025-10-13,Beans,300.0,250.0,350.0,280.0,480.0,2025,10,October,13,0,Monday,42,4,0,275.0,370.0,95.0,0
2025-10-14,Beans,250.0,250.0,300.0,280.0,480.0,2025,10,October,14,1,Tuesday,42,4,0,250.0,353.3333333333333,103.33333333333331,0
2025-10-15,Beans,250.0,235.0,300.0,265.0,480.0,2025,10,October,15,2,Wednesday,42,4,0,242.5,348.3333333333333,105.83333333333331,0
2025-10-16,Beans,200.0,225.0,250.0,255.0,480.0,2025,10,October,16,3,Thursday,42,4,0,212.5,328.3333333333333,115.83333333333331,0
2025-10-17,Beans,200.0,215.0,250.0,245.0,400.0,2025,10,October,17,4,Friday,42,4,0,207.5,298.3333333333333,90.83333333333331,0
2025-10-21,Beans,250.0,245.0,300.0,275.0,400.0,2025,10,October,21,1,Tuesday,43,4,0,247.5,325.0,77.5,0
2025-10-22,Beans,250.0,190.0,300.0,220.0,400.0,2025,10,October,22,2,Wednesday,43,4,0,220.0,306.6666666666667,86.66666666666669,0
2025-10-23,Beans,200.0,190.0,250.0,220.0,480.0,2025,10,October,23,3,Thursday,43,4,0,195.0,316.6666666666667,121.66666666666669,0
2025-10-24,Beans,200.0,290.0,250.0,320.0,480.0,2025,10,October,24,4,Friday,43,4,0,245.0,350.0,105.0,0
2025-10-27,Beans,450.0,345.0,500.0,375.0,560.0,2025,10,October,27,0,Monday,44,4,0,397.5,478.3333333333333,80.83333333333331,0
2025-10-28,Beans,400.0,340.0,450.0,370.0,560.0,2025,10,October,28,1,Tuesday,44,4,0,370.0,460.0,90.0,0
2025-10-29,Beans,400.0,450.0,450.0,480.0,560.0,2025,10,October,29,2,Wednesday,44,4,0,425.0,496.6666666666667,71.66666666666669,0
2025-10-30,Beans,450.0,425.0,500.0,455.0,600.0,2025,10,October,30,3,Thursday,44,4,0,437.5,518.3333333333334,80.83333333333337,0
2025-10-31,Beans,450.0,400.0,500.0,430.0,600.0,2025,10,October,31,4,Friday,44,4,0,425.0,510.0,85.0,0
2025-11-03,Beans,350.0,425.0,400.0,455.0,600.0,2025,11,November,3,0,Monday,45,4,0,387.5,485.0,97.5,0
2025-11-04,Beans,400.0,375.0,450.0,405.0,600.0,2025,11,November,4,1,Tuesday,45,4,0,387.5,485.0,97.5,0
2025-11-06,Beans,250.0,375.0,300.0,405.0,560.0,2025,11,November,6,3,Thursday,45,4,0,312.5,421.6666666666667,109.16666666666669,0
2025-11-07,Beans,250.0,245.0,300.0,275.0,560.0,2025,11,November,7,4,Friday,45,4,0,247.5,378.3333333333333,130.83333333333331,0
2025-11-10,Beans,300.0,260.0,350.0,290.0,600.0,2025,11,November,10,0,Monday,46,4,0,280.0,413.3333333333333,133.33333333333331,0
2025-11-11,Beans,250.0,275.0,300.0,305.0,600.0,2025,11,November,11,1,Tuesday,46,4,0,262.5,401.6666666666667,139.16666666666669,0
2025-11-12,Beans,250.0,275.0,300.0,305.0,580.0,2025,11,November,12,2,Wednesday,46,4,0,262.5,395.0,132.5,0
2025-11-13,Beans,300.0,325.0,350.0,355.0,520.0,2025,11,November,13,3,Thursday,46,4,0,312.5,408.3333333333333,95.83333333333331,0
2025-11-14,Beans,200.0,190.0,250.0,220.0,600.0,2025,11,November,14,4,Friday,46,4,0,195.0,356.6666666666667,161.66666666666669,0
2025-11-17,Beans,500.0,300.0,550.0,330.0,560.0,2025,11,November,17,0,Monday,47,4,0,400.0,480.0,80.0,0
2025-11-18,Beans,400.0,290.0,450.0,320.0,560.0,2025,11,November,18,1,Tuesday,47,4,0,345.0,443.3333333333333,98.33333333333331,0
2025-11-19,Beans,400.0,255.0,450.0,285.0,560.0,2025,11,November,19,2,Wednesday,47,4,0,327.5,431.6666666666667,104.16666666666669,0
2025-11-20,Beans,400.0,275.0,450.0,305.0,560.0,2025,11,November,20,3,Thursday,47,4,0,337.5,438.3333333333333,100.83333333333331,0
2025-11-21,Beans,400.0,350.0,450.0,305.0,540.0,2025,11,November,21,4,Friday,47,4,0,375.0,431.6666666666667,56.666666666666686,0
2025-11-24,Beans,500.0,410.0,550.0,440.0,540.0,2025,11,November,24,0,Monday,48,4,0,455.0,510.0,55.0,0
2025-11-25,Beans,500.0,390.0,550.0,420.0,600.0,2025,11,November,25,1,Tuesday,48,4,0,445.0,523.3333333333334,78.33333333333337,0
2025-11-26,Beans,500.0,465.0,550.0,495.0,700.0,2025,11,November,26,2,Wednesday,48,4,0,482.5,581.6666666666666,99.16666666666663,0
2025-11-27,Beans,600.0,450.0,650.0,480.0,700.0,2025,11,November,27,3,Thursday,48,4,0,525.0,610.0,85.0,0
2025-11-28,Beans,600.0,450.0,650.0,480.0,700.0,2025,11,November,28,4,Friday,48,4,0,525.0,610.0,85.0,0
2025-12-01,Beans,1200.0,545.0,1250.0,575.0,1600.0,2025,12,December,1,0,Monday,49,4,0,872.5,1141.6666666666667,269.16666666666674,0
2025-12-02,Beans,900.0,375.0,1000.0,405.0,1200.0,2025,12,December,2,1,Tuesday,49,4,0,637.5,868.3333333333334,230.83333333333337,0
2025-12-03,Beans,700.0,500.0,800.0,530.0,900.0,2025,12,December,3,2,Wednesday,49,4,0,600.0,743.3333333333334,143.33333333333337,0
2025-12-05,Beans,800.0,675.0,900.0,705.0,1000.0,2025,12,December,5,4,Friday,49,4,0,737.5,868.3333333333334,130.83333333333337,0
2025-12-08,Beans,1000.0,790.0,1100.0,820.0,1400.0,2025,12,December,8,0,Monday,50,4,0,895.0,1106.6666666666667,211.66666666666674,0
2025-12-09,Beans,800.0,950.0,900.0,980.0,1400.0,2025,12,December,9,1,Tuesday,50,4,0,875.0,1093.3333333333333,218.33333333333326,0
2025-12-10,Beans,800.0,950.0,900.0,980.0,1400.0,2025,12,December,10,2,Wednesday,50,4,0,875.0,1093.3333333333333,218.33333333333326,0
2025-12-11,Beans,800.0,950.0,900.0,980.0,1400.0,2025,12,December,11,3,Thursday,50,4,0,875.0,1093.3333333333333,218.33333333333326,0
2025-12-12,Beans,800.0,875.0,900.0,905.0,1200.0,2025,12,December,12,4,Friday,50,4,0,837.5,1001.6666666666666,164.16666666666663,0
2025-12-15,Beans,700.0,750.0,800.0,780.0,1400.0,2025,12,December,15,0,Monday,51,4,0,725.0,993.3333333333334,268.33333333333337,0
2025-12-16,Beans,700.0,725.0,800.0,755.0,900.0,2025,12,December,16,1,Tuesday,51,4,0,712.5,818.3333333333334,105.83333333333337,0
2025-12-17,Beans,700.0,550.0,800.0,580.0,800.0,2025,12,December,17,2,Wednesday,51,4,0,625.0,726.6666666666666,101.66666666666663,0
2025-12-18,Beans,500.0,450.0,600.0,480.0,800.0,2025,12,December,18,3,Thursday,51,4,0,475.0,626.6666666666666,151.66666666666663,0
2025-12-19,Beans,500.0,450.0,600.0,480.0,800.0,2025,12,December,19,4,Friday,51,4,0,475.0,626.6666666666666,151.66666666666663,0
2025-12-22,Beans,700.0,575.0,800.0,605.0,1200.0,2025,12,December,22,0,Monday,52,4,0,637.5,868.3333333333334,230.83333333333337,0
2025-12-23,Beans,900.0,625.0,1000.0,655.0,1200.0,2025,12,December,23,1,Tuesday,52,4,0,762.5,951.6666666666666,189.16666666666663,0
2025-12-24,Beans,1000.0,950.0,1100.0,980.0,1600.0,2025,12,December,24,2,Wednesday,52,4,0,975.0,1226.6666666666667,251.66666666666674,0
2025-12-26,Beans,1000.0,1100.0,1100.0,1130.0,1400.0,2025,12,December,26,4,Friday,52,4,0,1050.0,1210.0,160.0,0
2025-12-29,Beans,900.0,875.0,1000.0,905.0,1200.0,2025,12,December,29,0,Monday,1,4,0,887.5,1035.0,147.5,0
2025-12-30,Beans,1000.0,725.0,1100.0,755.0,1200.0,2025,12,December,30,1,Tuesday,1,4,0,862.5,1018.3333333333334,155.83333333333337,0
2025-12-31,Beans,800.0,700.0,900.0,730.0,1400.0,2025,12,December,31,2,Wednesday,1,4,0,750.0,1010.0,260.0,0
2026-01-01,Beans,500.0,625.0,600.0,655.0,1400.0,2026,1,January,1,3,Thursday,1,1,0,562.5,885.0,322.5,0
2026-01-02,Beans,400.0,650.0,500.0,680.0,800.0,2026,1,January,2,4,Friday,1,1,0,525.0,660.0,135.0,0
2026-01-05,Beans,600.0,475.0,700.0,505.0,800.0,2026,1,January,5,0,Monday,2,1,0,537.5,668.3333333333334,130.83333333333337,0
2026-01-06,Beans,700.0,415.0,800.0,445.0,800.0,2026,1,January,6,1,Tuesday,2,1,0,557.5,681.6666666666666,124.16666666666663,0
2026-01-07,Beans,600.0,575.0,700.0,605.0,800.0,2026,1,January,7,2,Wednesday,2,1,0,587.5,701.6666666666666,114.16666666666663,0
2026-01-08,Beans,400.0,450.0,500.0,480.0,800.0,2026,1,January,8,3,Thursday,2,1,0,425.0,593.3333333333334,168.33333333333337,0
2026-01-09,Beans,400.0,300.0,500.0,330.0,800.0,2026,1,January,9,4,Friday,2,1,0,350.0,543.3333333333334,193.33333333333337,0
2026-01-12,Beans,500.0,450.0,600.0,480.0,600.0,2026,1,January,12,0,Monday,3,1,0,475.0,560.0,85.0,0
2026-01-13,Beans,550.0,425.0,650.0,455.0,600.0,2026,1,January,13,1,Tuesday,3,1,0,487.5,568.3333333333334,80.83333333333337,0
2026-01-14,Beans,550.0,400.0,650.0,430.0,600.0,2026,1,January,14,2,Wednesday,3,1,0,475.0,560.0,85.0,0
2026-01-16,Beans,600.0,375.0,650.0,405.0,600.0,2026,1,January,16,4,Friday,3,1,0,487.5,551.6666666666666,64.16666666666663,0
2026-01-19,Beans,650.0,450.0,700.0,480.0,600.0,2026,1,January,19,0,Monday,4,1,0,550.0,593.3333333333334,43.33333333333337,0
2026-01-20,Beans,400.0,450.0,450.0,480.0,600.0,2026,1,January,20,1,Tuesday,4,1,0,425.0,510.0,85.0,0
2026-01-21,Beans,450.0,375.0,500.0,405.0,600.0,2026,1,January,21,2,Wednesday,4,1,0,412.5,501.6666666666667,89.16666666666669,0
2026-01-22,Beans,400.0,355.0,450.0,385.0,600.0,2026,1,January,22,3,Thursday,4,1,0,377.5,478.3333333333333,100.83333333333331,0
2026-01-23,Beans,400.0,390.0,450.0,420.0,600.0,2026,1,January,23,4,Friday,4,1,0,395.0,490.0,95.0,0
2026-01-26,Beans,400.0,450.0,450.0,480.0,600.0,2026,1,January,26,0,Monday,5,1,0,425.0,510.0,85.0,0
2026-01-27,Beans,400.0,400.0,450.0,430.0,600.0,2026,1,January,27,1,Tuesday,5,1,0,400.0,493.3333333333333,93.33333333333331,0
2026-01-28,Beans,450.0,300.0,500.0,330.0,600.0,2026,1,January,28,2,Wednesday,5,1,0,375.0,476.6666666666667,101.66666666666669,0
2026-01-29,Beans,300.0,325.0,350.0,355.0,600.0,2026,1,January,29,3,Thursday,5,1,0,312.5,435.0,122.5,0
2026-01-30,Beans,400.0,280.0,450.0,310.0,600.0,2026,1,January,30,4,Friday,5,1,0,340.0,453.3333333333333,113.33333333333331,0
2026-02-02,Beans,400.0,185.0,450.0,215.0,600.0,2026,2,February,2,0,Monday,6,1,0,292.5,421.6666666666667,129.16666666666669,0
2026-02-03,Beans,450.0,200.0,500.0,230.0,600.0,2026,2,February,3,1,Tuesday,6,1,0,325.0,443.3333333333333,118.33333333333331,0
2026-02-05,Beans,350.0,425.0,400.0,455.0,500.0,2026,2,February,5,3,Thursday,6,1,0,387.5,451.6666666666667,64.16666666666669,0
2026-02-06,Beans,350.0,235.0,400.0,265.0,480.0,2026,2,February,6,4,Friday,6,1,0,292.5,381.6666666666667,89.16666666666669,0
2026-02-09,Beans,400.0,375.0,450.0,405.0,400.0,2026,2,February,9,0,Monday,7,1,0,387.5,418.3333333333333,30.833333333333314,0
2026-02-10,Beans,450.0,285.0,500.0,315.0,480.0,2026,2,February,10,1,Tuesday,7,1,0,367.5,431.6666666666667,64.16666666666669,0
2026-02-11,Beans,400.0,410.0,450.0,440.0,480.0,2026,2,February,11,2,Wednesday,7,1,0,405.0,456.6666666666667,51.666666666666686,0
2026-02-12,Beans,400.0,425.0,450.0,455.0,480.0,2026,2,February,12,3,Thursday,7,1,0,412.5,461.6666666666667,49.166666666666686,0
2026-02-13,Beans,400.0,425.0,450.0,455.0,480.0,2026,2,February,13,4,Friday,7,1,0,412.5,461.6666666666667,49.166666666666686,0
2026-02-16,Beans,300.0,425.0,350.0,455.0,480.0,2026,2,February,16,0,Monday,8,1,0,362.5,428.3333333333333,65.83333333333331,0
2026-02-17,Beans,350.0,310.0,400.0,340.0,480.0,2026,2,February,17,1,Tuesday,8,1,0,330.0,406.6666666666667,76.66666666666669,0
2026-02-18,Beans,300.0,375.0,350.0,405.0,480.0,2026,2,February,18,2,Wednesday,8,1,0,337.5,411.6666666666667,74.16666666666669,0
2026-02-19,Beans,300.0,425.0,350.0,455.0,460.0,2026,2,February,19,3,Thursday,8,1,0,362.5,421.6666666666667,59.166666666666686,0
2026-02-20,Beans,400.0,350.0,450.0,380.0,480.0,2026,2,February,20,4,Friday,8,1,0,375.0,436.6666666666667,61.666666666666686,0
2026-02-23,Beans,400.0,315.0,450.0,345.0,480.0,2026,2,February,23,0,Monday,9,1,0,357.5,425.0,67.5,0
2026-02-24,Beans,350.0,300.0,400.0,330.0,480.0,2026,2,February,24,1,Tuesday,9,1,0,325.0,403.3333333333333,78.33333333333331,0
2026-02-25,Beans,350.0,275.0,400.0,305.0,600.0,2026,2,February,25,2,Wednesday,9,1,0,312.5,435.0,122.5,0
2026-02-26,Beans,300.0,300.0,350.0,330.0,480.0,2026,2,February,26,3,Thursday,9,1,0,300.0,386.6666666666667,86.66666666666669,0
2026-02-27,Beans,300.0,275.0,350.0,305.0,460.0,2026,2,February,27,4,Friday,9,1,0,287.5,371.6666666666667,84.16666666666669,0
2026-03-03,Beans,350.0,275.0,400.0,305.0,480.0,2026,3,March,3,1,Tuesday,10,1,0,312.5,395.0,82.5,0
2026-03-04,Beans,350.0,315.0,400.0,345.0,480.0,2026,3,March,4,2,Wednesday,10,1,0,332.5,408.3333333333333,75.83333333333331,0
2026-03-05,Beans,350.0,325.0,400.0,355.0,480.0,2026,3,March,5,3,Thursday,10,1,0,337.5,411.6666666666667,74.16666666666669,0
2026-03-06,Beans,300.0,285.0,350.0,315.0,480.0,2026,3,March,6,4,Friday,10,1,0,292.5,381.6666666666667,89.16666666666669,0
2026-03-09,Beans,350.0,275.0,400.0,305.0,480.0,2026,3,March,9,0,Monday,11,1,0,312.5,395.0,82.5,0
2026-03-10,Beans,350.0,290.0,400.0,320.0,480.0,2026,3,March,10,1,Tuesday,11,1,0,320.0,400.0,80.0,0
2026-03-11,Beans,250.0,295.0,300.0,325.0,480.0,2026,3,March,11,2,Wednesday,11,1,0,272.5,368.3333333333333,95.83333333333331,0
2026-03-12,Beans,250.0,225.0,300.0,255.0,480.0,2026,3,March,12,3,Thursday,11,1,0,237.5,345.0,107.5,0
2026-03-13,Beans,200.0,170.0,250.0,200.0,480.0,2026,3,March,13,4,Friday,11,1,0,185.0,310.0,125.0,0
2026-03-16,Beans,200.0,200.0,250.0,230.0,480.0,2026,3,March,16,0,Monday,12,1,0,200.0,320.0,120.0,0
2026-03-17,Beans,200.0,190.0,250.0,220.0,480.0,2026,3,March,17,1,Tuesday,12,1,0,195.0,316.6666666666667,121.66666666666669,0
2026-03-18,Beans,200.0,230.0,250.0,260.0,480.0,2026,3,March,18,2,Wednesday,12,1,0,215.0,330.0,115.0,0
2026-03-19,Beans,200.0,240.0,250.0,270.0,480.0,2026,3,March,19,3,Thursday,12,1,0,220.0,333.3333333333333,113.33333333333331,0
2026-03-20,Beans,200.0,160.0,250.0,190.0,500.0,2026,3,March,20,4,Friday,12,1,0,180.0,313.3333333333333,133.33333333333331,0
2026-03-23,Beans,250.0,205.0,300.0,235.0,480.0,2026,3,March,23,0,Monday,13,1,0,227.5,338.3333333333333,110.83333333333331,0
2026-03-24,Beans,350.0,240.0,400.0,270.0,500.0,2026,3,March,24,1,Tuesday,13,1,0,295.0,390.0,95.0,0
2026-03-25,Beans,350.0,265.0,400.0,295.0,500.0,2026,3,March,25,2,Wednesday,13,1,0,307.5,398.3333333333333,90.83333333333331,0
2026-03-26,Beans,350.0,250.0,400.0,280.0,440.0,2026,3,March,26,3,Thursday,13,1,0,300.0,373.3333333333333,73.33333333333331,0
2026-03-27,Beans,300.0,285.0,350.0,315.0,480.0,2026,3,March,27,4,Friday,13,1,0,292.5,381.6666666666667,89.16666666666669,0
2026-03-30,Beans,300.0,415.0,350.0,445.0,460.0,2026,3,March,30,0,Monday,14,1,0,357.5,418.3333333333333,60.833333333333314,0
2026-03-31,Beans,350.0,325.0,400.0,355.0,500.0,2026,3,March,31,1,Tuesday,14,1,0,337.5,418.3333333333333,80.83333333333331,0
2026-04-02,Beans,250.0,255.0,300.0,285.0,500.0,2026,4,April,2,3,Thursday,14,2,0,252.5,361.6666666666667,109.16666666666669,0
2026-04-06,Beans,200.0,175.0,250.0,205.0,480.0,2026,4,April,6,0,Monday,15,2,0,187.5,311.6666666666667,124.16666666666669,0
2026-04-07,Beans,200.0,165.0,250.0,195.0,480.0,2026,4,April,7,1,Tuesday,15,2,0,182.5,308.3333333333333,125.83333333333331,0
2026-04-08,Beans,150.0,205.0,200.0,235.0,480.0,2026,4,April,8,2,Wednesday,15,2,0,177.5,305.0,127.5,0
2026-04-09,Beans,200.0,210.0,250.0,240.0,480.0,2026,4,April,9,3,Thursday,15,2,0,205.0,323.3333333333333,118.33333333333331,0
2026-04-10,Beans,300.0,375.0,350.0,400.0,480.0,2026,4,April,10,4,Friday,15,2,0,337.5,410.0,72.5,0
2026-04-16,Beans,300.0,275.0,350.0,305.0,480.0,2026,4,April,16,3,Thursday,16,2,0,287.5,378.3333333333333,90.83333333333331,0
2026-04-17,Beans,300.0,135.0,350.0,165.0,480.0,2026,4,April,17,4,Friday,16,2,0,135.0,165.0,30.0,0
2026-04-20,Beans,350.0,275.0,400.0,305.0,600.0,2026,4,April,20,0,Monday,17,2,0,312.5,435.0,122.5,0
2026-04-21,Beans,350.0,365.0,400.0,395.0,600.0,2026,4,April,21,1,Tuesday,17,2,0,357.5,465.0,107.5,0
2026-04-22,Beans,400.0,310.0,450.0,340.0,600.0,2026,4,April,22,2,Wednesday,17,2,0,355.0,463.3333333333333,108.33333333333331,0
2026-04-23,Beans,350.0,275.0,400.0,305.0,600.0,2026,4,April,23,3,Thursday,17,2,0,312.5,435.0,122.5,0
2026-04-24,Beans,400.0,300.0,450.0,330.0,560.0,2026,4,April,24,4,Friday,17,2,0,350.0,446.6666666666667,96.66666666666669,0
2026-04-27,Beans,450.0,375.0,500.0,405.0,700.0,2026,4,April,27,0,Monday,18,2,0,412.5,535.0,122.5,0
2026-04-28,Beans,500.0,475.0,550.0,505.0,700.0,2026,4,April,28,1,Tuesday,18,2,0,487.5,585.0,97.5,0
2026-04-29,Beans,550.0,525.0,600.0,555.0,700.0,2026,4,April,29,2,Wednesday,18,2,0,537.5,618.3333333333334,80.83333333333337,0
2026-04-30,Beans,400.0,545.0,450.0,575.0,700.0,2026,4,April,30,3,Thursday,18,2,0,472.5,575.0,102.5,0
2026-05-04,Beans,550.0,425.0,600.0,455.0,600.0,2026,5,May,4,0,Monday,19,2,0,487.5,551.6666666666666,64.16666666666663,0
2026-05-05,Beans,550.0,450.0,600.0,480.0,600.0,2026,5,May,5,1,Tuesday,19,2,0,500.0,560.0,60.0,0
2026-05-06,Beans,550.0,445.0,600.0,475.0,600.0,2026,5,May,6,2,Wednesday,19,2,0,497.5,558.3333333333334,60.83333333333337,0
2026-05-07,Beans,500.0,525.0,550.0,555.0,600.0,2026,5,May,7,3,Thursday,19,2,0,512.5,568.3333333333334,55.83333333333337,0
2026-05-08,Beans,500.0,500.0,550.0,530.0,700.0,2026,5,May,8,4,Friday,19,2,0,500.0,593.3333333333334,93.33333333333337,0
2026-05-11,Beans,400.0,500.0,450.0,530.0,700.0,2026,5,May,11,0,Monday,20,2,0,450.0,560.0,110.0,0
2023-01-02,Brinjal,320.0,,370.0,,480.0,2023,1,January,2,0,Monday,1,1,0,320.0,425.0,105.0,0
2023-01-03,Brinjal,320.0,,370.0,,460.0,2023,1,January,3,1,Tuesday,1,1,0,320.0,415.0,95.0,0
2023-01-04,Brinjal,300.0,,350.0,,360.0,2023,1,January,4,2,Wednesday,1,1,0,300.0,355.0,55.0,0
2023-01-05,Brinjal,300.0,,350.0,,400.0,2023,1,January,5,3,Thursday,1,1,0,300.0,375.0,75.0,0
2023-01-09,Brinjal,350.0,,400.0,,480.0,2023,1,January,9,0,Monday,2,1,0,350.0,440.0,90.0,0
2023-01-10,Brinjal,350.0,,400.0,,400.0,2023,1,January,10,1,Tuesday,2,1,0,350.0,400.0,50.0,0
2023-01-11,Brinjal,400.0,,450.0,,400.0,2023,1,January,11,2,Wednesday,2,1,0,400.0,425.0,25.0,0
2023-01-12,Brinjal,400.0,,450.0,,400.0,2023,1,January,12,3,Thursday,2,1,0,400.0,425.0,25.0,0
2023-01-13,Brinjal,350.0,,400.0,,400.0,2023,1,January,13,4,Friday,2,1,0,350.0,400.0,50.0,0
2023-01-17,Brinjal,350.0,,400.0,,440.0,2023,1,January,17,1,Tuesday,3,1,0,350.0,420.0,70.0,0
2023-01-18,Brinjal,350.0,,400.0,,420.0,2023,1,January,18,2,Wednesday,3,1,0,350.0,410.0,60.0,0
2023-01-19,Brinjal,300.0,,350.0,,360.0,2023,1,January,19,3,Thursday,3,1,0,300.0,355.0,55.0,0
2023-01-20,Brinjal,200.0,,250.0,,380.0,2023,1,January,20,4,Friday,3,1,0,200.0,315.0,115.0,0
2023-01-23,Brinjal,150.0,,180.0,,320.0,2023,1,January,23,0,Monday,4,1,0,150.0,250.0,100.0,0
2023-01-24,Brinjal,150.0,,200.0,,320.0,2023,1,January,24,1,Tuesday,4,1,0,150.0,260.0,110.0,0
2023-01-25,Brinjal,150.0,,200.0,,360.0,2023,1,January,25,2,Wednesday,4,1,0,150.0,280.0,130.0,0
2023-01-26,Brinjal,150.0,,200.0,,360.0,2023,1,January,26,3,Thursday,4,1,0,150.0,280.0,130.0,0
2023-01-27,Brinjal,150.0,,200.0,,360.0,2023,1,January,27,4,Friday,4,1,0,150.0,280.0,130.0,0
2023-01-30,Brinjal,150.0,,200.0,,320.0,2023,1,January,30,0,Monday,5,1,0,150.0,260.0,110.0,0
2023-01-31,Brinjal,150.0,,200.0,,240.0,2023,1,January,31,1,Tuesday,5,1,0,150.0,220.0,70.0,0
2023-02-01,Brinjal,130.0,,180.0,,240.0,2023,2,February,1,2,Wednesday,5,1,0,130.0,210.0,80.0,0
2023-02-01,Brinjal,130.0,,180.0,,240.0,2023,2,February,1,2,Wednesday,5,1,0,130.0,210.0,80.0,0
2023-02-02,Brinjal,100.0,,140.0,,240.0,2023,2,February,2,3,Thursday,5,1,0,100.0,190.0,90.0,0
2023-02-03,Brinjal,100.0,,140.0,,200.0,2023,2,February,3,4,Friday,5,1,0,100.0,170.0,70.0,0
2023-02-06,Brinjal,120.0,,160.0,,240.0,2023,2,February,6,0,Monday,6,1,0,120.0,200.0,80.0,0
2023-02-07,Brinjal,100.0,,140.0,,240.0,2023,2,February,7,1,Tuesday,6,1,0,100.0,190.0,90.0,0
2023-02-08,Brinjal,100.0,,140.0,,240.0,2023,2,February,8,2,Wednesday,6,1,0,100.0,190.0,90.0,0
2023-02-09,Brinjal,120.0,,160.0,,240.0,2023,2,February,9,3,Thursday,6,1,0,120.0,200.0,80.0,0
2023-02-10,Brinjal,120.0,,160.0,,200.0,2023,2,February,10,4,Friday,6,1,0,120.0,180.0,60.0,0
2023-02-13,Brinjal,120.0,,160.0,,240.0,2023,2,February,13,0,Monday,7,1,0,120.0,200.0,80.0,0
2023-02-14,Brinjal,120.0,,160.0,,240.0,2023,2,February,14,1,Tuesday,7,1,0,120.0,200.0,80.0,0
2023-02-15,Brinjal,120.0,,160.0,,240.0,2023,2,February,15,2,Wednesday,7,1,0,120.0,200.0,80.0,0
2023-02-16,Brinjal,140.0,,200.0,,240.0,2023,2,February,16,3,Thursday,7,1,0,140.0,220.0,80.0,0
2023-02-17,Brinjal,175.0,,220.0,,240.0,2023,2,February,17,4,Friday,7,1,0,175.0,230.0,55.0,0
2023-02-20,Brinjal,180.0,,220.0,,240.0,2023,2,February,20,0,Monday,8,1,0,180.0,230.0,50.0,0
2023-02-21,Brinjal,180.0,,220.0,,280.0,2023,2,February,21,1,Tuesday,8,1,0,180.0,250.0,70.0,0
2023-02-22,Brinjal,160.0,,200.0,,280.0,2023,2,February,22,2,Wednesday,8,1,0,160.0,240.0,80.0,0
2023-02-23,Brinjal,150.0,,180.0,,280.0,2023,2,February,23,3,Thursday,8,1,0,150.0,230.0,80.0,0
2023-02-24,Brinjal,200.0,,250.0,,280.0,2023,2,February,24,4,Friday,8,1,0,200.0,265.0,65.0,0
2023-02-27,Brinjal,230.0,,280.0,,320.0,2023,2,February,27,0,Monday,9,1,0,230.0,300.0,70.0,0
2023-02-28,Brinjal,230.0,,280.0,,320.0,2023,2,February,28,1,Tuesday,9,1,0,230.0,300.0,70.0,0
2023-03-01,Brinjal,230.0,,280.0,,330.0,2023,3,March,1,2,Wednesday,9,1,0,230.0,305.0,75.0,0
2023-03-02,Brinjal,250.0,,300.0,,360.0,2023,3,March,2,3,Thursday,9,1,0,250.0,330.0,80.0,0
2023-03-03,Brinjal,250.0,,300.0,,340.0,2023,3,March,3,4,Friday,9,1,0,250.0,320.0,70.0,0
2023-03-07,Brinjal,220.0,,260.0,,320.0,2023,3,March,7,1,Tuesday,10,1,0,220.0,290.0,70.0,0
2023-03-08,Brinjal,240.0,,280.0,,280.0,2023,3,March,8,2,Wednesday,10,1,0,240.0,280.0,40.0,0
2023-03-09,Brinjal,150.0,,200.0,,320.0,2023,3,March,9,3,Thursday,10,1,0,150.0,260.0,110.0,0
2023-03-10,Brinjal,130.0,,180.0,,280.0,2023,3,March,10,4,Friday,10,1,0,130.0,230.0,100.0,0
2023-03-13,Brinjal,150.0,,200.0,,280.0,2023,3,March,13,0,Monday,11,1,0,150.0,240.0,90.0,0
2023-03-14,Brinjal,150.0,,200.0,,280.0,2023,3,March,14,1,Tuesday,11,1,0,150.0,240.0,90.0,0
2023-03-15,Brinjal,130.0,,180.0,,240.0,2023,3,March,15,2,Wednesday,11,1,0,130.0,210.0,80.0,0
2023-03-16,Brinjal,100.0,,150.0,,280.0,2023,3,March,16,3,Thursday,11,1,0,100.0,215.0,115.0,0
2023-03-17,Brinjal,100.0,,150.0,,280.0,2023,3,March,17,4,Friday,11,1,0,100.0,215.0,115.0,0
2023-03-20,Brinjal,120.0,,160.0,,280.0,2023,3,March,20,0,Monday,12,1,0,120.0,220.0,100.0,0
2023-03-21,Brinjal,120.0,,160.0,,240.0,2023,3,March,21,1,Tuesday,12,1,0,120.0,200.0,80.0,0
2023-03-22,Brinjal,120.0,,160.0,,240.0,2023,3,March,22,2,Wednesday,12,1,0,120.0,200.0,80.0,0
2023-03-23,Brinjal,120.0,,160.0,,260.0,2023,3,March,23,3,Thursday,12,1,0,120.0,210.0,90.0,0
2023-03-24,Brinjal,120.0,,160.0,,240.0,2023,3,March,24,4,Friday,12,1,0,120.0,200.0,80.0,0
2023-03-27,Brinjal,130.0,,180.0,,280.0,2023,3,March,27,0,Monday,13,1,0,130.0,230.0,100.0,0
2023-03-28,Brinjal,130.0,,180.0,,280.0,2023,3,March,28,1,Tuesday,13,1,0,130.0,230.0,100.0,0
2023-03-29,Brinjal,150.0,,200.0,,280.0,2023,3,March,29,2,Wednesday,13,1,0,150.0,240.0,90.0,0
2023-03-30,Brinjal,150.0,,200.0,,240.0,2023,3,March,30,3,Thursday,13,1,0,150.0,220.0,70.0,0
2023-03-31,Brinjal,150.0,,200.0,,240.0,2023,3,March,31,4,Friday,13,1,0,150.0,220.0,70.0,0
2023-04-03,Brinjal,140.0,,180.0,,280.0,2023,4,April,3,0,Monday,14,2,0,140.0,230.0,90.0,0
2023-04-04,Brinjal,140.0,,180.0,,260.0,2023,4,April,4,1,Tuesday,14,2,0,140.0,220.0,80.0,0
2023-04-06,Brinjal,140.0,,180.0,,280.0,2023,4,April,6,3,Thursday,14,2,0,140.0,230.0,90.0,0
2023-04-10,Brinjal,250.0,,300.0,,320.0,2023,4,April,10,0,Monday,15,2,0,250.0,310.0,60.0,0
2023-04-11,Brinjal,250.0,,300.0,,360.0,2023,4,April,11,1,Tuesday,15,2,0,250.0,330.0,80.0,0
2023-04-12,Brinjal,350.0,,400.0,,360.0,2023,4,April,12,2,Wednesday,15,2,0,350.0,380.0,30.0,0
2023-04-17,Brinjal,400.0,,450.0,,360.0,2023,4,April,17,0,Monday,16,2,0,400.0,405.0,5.0,0
2023-04-18,Brinjal,350.0,,400.0,,500.0,2023,4,April,18,1,Tuesday,16,2,0,350.0,450.0,100.0,0
2023-04-19,Brinjal,250.0,,300.0,,400.0,2023,4,April,19,2,Wednesday,16,2,0,250.0,350.0,100.0,0
2023-04-20,Brinjal,250.0,,300.0,,320.0,2023,4,April,20,3,Thursday,16,2,0,250.0,310.0,60.0,0
2023-04-21,Brinjal,300.0,,350.0,,320.0,2023,4,April,21,4,Friday,16,2,0,300.0,335.0,35.0,0
2023-04-24,Brinjal,200.0,,250.0,,280.0,2023,4,April,24,0,Monday,17,2,0,200.0,265.0,65.0,0
2023-04-25,Brinjal,160.0,,200.0,,280.0,2023,4,April,25,1,Tuesday,17,2,0,160.0,240.0,80.0,0
2023-04-26,Brinjal,140.0,,180.0,,280.0,2023,4,April,26,2,Wednesday,17,2,0,140.0,230.0,90.0,0
2023-04-27,Brinjal,140.0,,180.0,,280.0,2023,4,April,27,3,Thursday,17,2,0,140.0,230.0,90.0,0
2023-04-28,Brinjal,140.0,,180.0,,280.0,2023,4,April,28,4,Friday,17,2,0,140.0,230.0,90.0,0
2023-05-02,Brinjal,150.0,,200.0,,240.0,2023,5,May,2,1,Tuesday,18,2,0,150.0,220.0,70.0,0
2023-05-03,Brinjal,150.0,,200.0,,280.0,2023,5,May,3,2,Wednesday,18,2,0,150.0,240.0,90.0,0
2023-05-04,Brinjal,170.0,,220.0,,280.0,2023,5,May,4,3,Thursday,18,2,0,170.0,250.0,80.0,0
2023-05-08,Brinjal,180.0,,220.0,,320.0,2023,5,May,8,0,Monday,19,2,0,180.0,270.0,90.0,0
2023-05-09,Brinjal,150.0,,200.0,,280.0,2023,5,May,9,1,Tuesday,19,2,0,150.0,240.0,90.0,0
2023-05-10,Brinjal,150.0,,200.0,,300.0,2023,5,May,10,2,Wednesday,19,2,0,150.0,250.0,100.0,0
2023-05-11,Brinjal,150.0,,200.0,,320.0,2023,5,May,11,3,Thursday,19,2,0,150.0,260.0,110.0,0
2023-05-12,Brinjal,150.0,,200.0,,280.0,2023,5,May,12,4,Friday,19,2,0,150.0,240.0,90.0,0
2023-05-15,Brinjal,350.0,,400.0,,480.0,2023,5,May,15,0,Monday,20,2,0,350.0,440.0,90.0,0
2023-05-16,Brinjal,350.0,,400.0,,460.0,2023,5,May,16,1,Tuesday,20,2,0,350.0,430.0,80.0,0
2023-05-17,Brinjal,320.0,,360.0,,440.0,2023,5,May,17,2,Wednesday,20,2,0,320.0,400.0,80.0,0
2023-05-18,Brinjal,320.0,,360.0,,480.0,2023,5,May,18,3,Thursday,20,2,0,320.0,420.0,100.0,0
2023-05-19,Brinjal,320.0,,360.0,,480.0,2023,5,May,19,4,Friday,20,2,0,320.0,420.0,100.0,0
2023-05-22,Brinjal,450.0,,500.0,,560.0,2023,5,May,22,0,Monday,21,2,0,450.0,530.0,80.0,0
2023-05-23,Brinjal,450.0,,500.0,,560.0,2023,5,May,23,1,Tuesday,21,2,0,450.0,530.0,80.0,0
2023-05-24,Brinjal,450.0,,500.0,,600.0,2023,5,May,24,2,Wednesday,21,2,0,450.0,550.0,100.0,0
2023-05-25,Brinjal,450.0,,500.0,,600.0,2023,5,May,25,3,Thursday,21,2,0,450.0,550.0,100.0,0
2023-05-26,Brinjal,450.0,,500.0,,600.0,2023,5,May,26,4,Friday,21,2,0,450.0,550.0,100.0,0
2023-05-29,Brinjal,450.0,,500.0,,600.0,2023,5,May,29,0,Monday,22,2,0,450.0,550.0,100.0,0
2023-05-30,Brinjal,450.0,,500.0,,660.0,2023,5,May,30,1,Tuesday,22,2,0,450.0,580.0,130.0,0
2023-05-31,Brinjal,450.0,,500.0,,600.0,2023,5,May,31,2,Wednesday,22,2,0,450.0,550.0,100.0,0
2023-06-01,Brinjal,400.0,,450.0,,600.0,2023,6,June,1,3,Thursday,22,2,0,400.0,525.0,125.0,0
2023-06-02,Brinjal,400.0,,450.0,,580.0,2023,6,June,2,4,Friday,22,2,0,400.0,515.0,115.0,0
2023-06-05,Brinjal,400.0,,450.0,,560.0,2023,6,June,5,0,Monday,23,2,0,400.0,505.0,105.0,0
2023-06-06,Brinjal,300.0,,350.0,,560.0,2023,6,June,6,1,Tuesday,23,2,0,300.0,455.0,155.0,0
2023-06-07,Brinjal,300.0,,350.0,,600.0,2023,6,June,7,2,Wednesday,23,2,0,300.0,475.0,175.0,0
2023-06-08,Brinjal,200.0,,250.0,,320.0,2023,6,June,8,3,Thursday,23,2,0,200.0,285.0,85.0,0
2023-06-09,Brinjal,150.0,,200.0,,360.0,2023,6,June,9,4,Friday,23,2,0,150.0,280.0,130.0,0
2023-06-12,Brinjal,250.0,,300.0,,400.0,2023,6,June,12,0,Monday,24,2,0,250.0,350.0,100.0,0
2023-06-13,Brinjal,250.0,,300.0,,400.0,2023,6,June,13,1,Tuesday,24,2,0,250.0,350.0,100.0,0
2023-06-14,Brinjal,200.0,,250.0,,480.0,2023,6,June,14,2,Wednesday,24,2,0,200.0,365.0,165.0,0
2023-06-15,Brinjal,200.0,,250.0,,480.0,2023,6,June,15,3,Thursday,24,2,0,200.0,365.0,165.0,0
2023-06-16,Brinjal,200.0,,250.0,,480.0,2023,6,June,16,4,Friday,24,2,0,200.0,365.0,165.0,0
2023-06-19,Brinjal,200.0,,250.0,,400.0,2023,6,June,19,0,Monday,25,2,0,200.0,325.0,125.0,0
2023-06-20,Brinjal,190.0,,250.0,,400.0,2023,6,June,20,1,Tuesday,25,2,0,190.0,325.0,135.0,0
2023-06-21,Brinjal,200.0,,250.0,,400.0,2023,6,June,21,2,Wednesday,25,2,0,200.0,325.0,125.0,0
2023-06-22,Brinjal,180.0,,230.0,,400.0,2023,6,June,22,3,Thursday,25,2,0,180.0,315.0,135.0,0
2023-06-23,Brinjal,200.0,,250.0,,400.0,2023,6,June,23,4,Friday,25,2,0,200.0,325.0,125.0,0
2023-06-26,Brinjal,200.0,,250.0,,400.0,2023,6,June,26,0,Monday,26,2,0,200.0,325.0,125.0,0
2023-06-27,Brinjal,220.0,,270.0,,400.0,2023,6,June,27,1,Tuesday,26,2,0,220.0,335.0,115.0,0
2023-06-28,Brinjal,200.0,,250.0,,400.0,2023,6,June,28,2,Wednesday,26,2,0,200.0,325.0,125.0,0
2023-07-04,Brinjal,200.0,,250.0,,400.0,2023,7,July,4,1,Tuesday,27,3,0,200.0,325.0,125.0,0
2023-07-05,Brinjal,200.0,,250.0,,320.0,2023,7,July,5,2,Wednesday,27,3,0,200.0,285.0,85.0,0
2023-07-06,Brinjal,200.0,,250.0,,360.0,2023,7,July,6,3,Thursday,27,3,0,200.0,305.0,105.0,0
2023-07-07,Brinjal,200.0,,250.0,,560.0,2023,7,July,7,4,Friday,27,3,0,200.0,405.0,205.0,0
2023-07-10,Brinjal,250.0,,300.0,,360.0,2023,7,July,10,0,Monday,28,3,0,250.0,330.0,80.0,0
2023-07-11,Brinjal,300.0,,350.0,,360.0,2023,7,July,11,1,Tuesday,28,3,0,300.0,355.0,55.0,0
2023-07-12,Brinjal,350.0,,400.0,,360.0,2023,7,July,12,2,Wednesday,28,3,0,350.0,380.0,30.0,0
2023-07-13,Brinjal,350.0,,400.0,,480.0,2023,7,July,13,3,Thursday,28,3,0,350.0,440.0,90.0,0
2023-07-14,Brinjal,350.0,,400.0,,480.0,2023,7,July,14,4,Friday,28,3,0,350.0,440.0,90.0,0
2023-07-17,Brinjal,350.0,,400.0,,480.0,2023,7,July,17,0,Monday,29,3,0,350.0,440.0,90.0,0
2023-07-18,Brinjal,350.0,,400.0,,480.0,2023,7,July,18,1,Tuesday,29,3,0,350.0,440.0,90.0,0
2023-07-19,Brinjal,300.0,,350.0,,500.0,2023,7,July,19,2,Wednesday,29,3,0,300.0,425.0,125.0,0
2023-07-20,Brinjal,400.0,,450.0,,480.0,2023,7,July,20,3,Thursday,29,3,0,400.0,465.0,65.0,0
2023-07-21,Brinjal,400.0,,450.0,,520.0,2023,7,July,21,4,Friday,29,3,0,400.0,485.0,85.0,0
2023-07-24,Brinjal,400.0,,450.0,,480.0,2023,7,July,24,0,Monday,30,3,0,400.0,465.0,65.0,0
2023-07-25,Brinjal,400.0,,450.0,,560.0,2023,7,July,25,1,Tuesday,30,3,0,400.0,505.0,105.0,0
2023-07-26,Brinjal,400.0,,450.0,,480.0,2023,7,July,26,2,Wednesday,30,3,0,400.0,465.0,65.0,0
2023-07-27,Brinjal,420.0,,500.0,,520.0,2023,7,July,27,3,Thursday,30,3,0,420.0,510.0,90.0,0
2023-07-28,Brinjal,420.0,,500.0,,520.0,2023,7,July,28,4,Friday,30,3,0,420.0,510.0,90.0,0
2023-07-31,Brinjal,400.0,,450.0,,480.0,2023,7,July,31,0,Monday,31,3,0,400.0,465.0,65.0,0
2023-08-02,Brinjal,350.0,,400.0,,520.0,2023,8,August,2,2,Wednesday,31,3,0,350.0,460.0,110.0,0
2023-08-03,Brinjal,300.0,,350.0,,500.0,2023,8,August,3,3,Thursday,31,3,0,300.0,425.0,125.0,0
2023-08-04,Brinjal,300.0,,350.0,,500.0,2023,8,August,4,4,Friday,31,3,0,300.0,425.0,125.0,0
2023-08-07,Brinjal,250.0,,300.0,,440.0,2023,8,August,7,0,Monday,32,3,0,250.0,370.0,120.0,0
2023-08-08,Brinjal,270.0,,320.0,,480.0,2023,8,August,8,1,Tuesday,32,3,0,270.0,400.0,130.0,0
2023-08-09,Brinjal,250.0,,300.0,,480.0,2023,8,August,9,2,Wednesday,32,3,0,250.0,390.0,140.0,0
2023-08-10,Brinjal,250.0,,300.0,,480.0,2023,8,August,10,3,Thursday,32,3,0,250.0,390.0,140.0,0
2023-08-11,Brinjal,250.0,,300.0,,400.0,2023,8,August,11,4,Friday,32,3,0,250.0,350.0,100.0,0
2023-08-14,Brinjal,200.0,,250.0,,400.0,2023,8,August,14,0,Monday,33,3,0,200.0,325.0,125.0,0
2023-08-15,Brinjal,200.0,,250.0,,400.0,2023,8,August,15,1,Tuesday,33,3,0,200.0,325.0,125.0,0
2023-08-16,Brinjal,200.0,,250.0,,360.0,2023,8,August,16,2,Wednesday,33,3,0,200.0,305.0,105.0,0
2023-08-17,Brinjal,250.0,,300.0,,480.0,2023,8,August,17,3,Thursday,33,3,0,250.0,390.0,140.0,0
2023-08-18,Brinjal,220.0,,270.0,,400.0,2023,8,August,18,4,Friday,33,3,0,220.0,335.0,115.0,0
2023-08-21,Brinjal,150.0,,200.0,,400.0,2023,8,August,21,0,Monday,34,3,0,150.0,300.0,150.0,0
2023-08-22,Brinjal,150.0,,200.0,,400.0,2023,8,August,22,1,Tuesday,34,3,0,150.0,300.0,150.0,0
2023-08-23,Brinjal,200.0,,250.0,,360.0,2023,8,August,23,2,Wednesday,34,3,0,200.0,305.0,105.0,0
2023-08-25,Brinjal,200.0,,250.0,,400.0,2023,8,August,25,4,Friday,34,3,0,200.0,325.0,125.0,0
2023-08-28,Brinjal,220.0,,280.0,,400.0,2023,8,August,28,0,Monday,35,3,0,220.0,340.0,120.0,0
2023-08-29,Brinjal,220.0,,280.0,,400.0,2023,8,August,29,1,Tuesday,35,3,0,220.0,340.0,120.0,0
2023-08-31,Brinjal,250.0,,300.0,,400.0,2023,8,August,31,3,Thursday,35,3,0,250.0,350.0,100.0,0
2023-09-01,Brinjal,280.0,,330.0,,400.0,2023,9,September,1,4,Friday,35,3,0,280.0,365.0,85.0,0
2023-09-04,Brinjal,220.0,,260.0,,400.0,2023,9,September,4,0,Monday,36,3,0,220.0,330.0,110.0,0
2023-09-05,Brinjal,220.0,,260.0,,340.0,2023,9,September,5,1,Tuesday,36,3,0,220.0,300.0,80.0,0
2023-09-06,Brinjal,220.0,,260.0,,400.0,2023,9,September,6,2,Wednesday,36,3,0,220.0,330.0,110.0,0
2023-09-07,Brinjal,200.0,,250.0,,400.0,2023,9,September,7,3,Thursday,36,3,0,200.0,325.0,125.0,0
2023-09-08,Brinjal,200.0,,250.0,,400.0,2023,9,September,8,4,Friday,36,3,0,200.0,325.0,125.0,0
2023-09-11,Brinjal,250.0,,300.0,,400.0,2023,9,September,11,0,Monday,37,3,0,250.0,350.0,100.0,0
2023-09-12,Brinjal,250.0,,300.0,,400.0,2023,9,September,12,1,Tuesday,37,3,0,250.0,350.0,100.0,0
2023-09-13,Brinjal,230.0,,280.0,,400.0,2023,9,September,13,2,Wednesday,37,3,0,230.0,340.0,110.0,0
2023-09-14,Brinjal,250.0,,300.0,,400.0,2023,9,September,14,3,Thursday,37,3,0,250.0,350.0,100.0,0
2023-09-15,Brinjal,250.0,,300.0,,400.0,2023,9,September,15,4,Friday,37,3,0,250.0,350.0,100.0,0
2023-09-18,Brinjal,250.0,,300.0,,360.0,2023,9,September,18,0,Monday,38,3,0,250.0,330.0,80.0,0
2023-09-19,Brinjal,250.0,,300.0,,480.0,2023,9,September,19,1,Tuesday,38,3,0,250.0,390.0,140.0,0
2023-09-20,Brinjal,300.0,,350.0,,480.0,2023,9,September,20,2,Wednesday,38,3,0,300.0,415.0,115.0,0
2023-09-21,Brinjal,300.0,,350.0,,460.0,2023,9,September,21,3,Thursday,38,3,0,300.0,405.0,105.0,0
2023-09-22,Brinjal,300.0,,350.0,,480.0,2023,9,September,22,4,Friday,38,3,0,300.0,415.0,115.0,0
2023-09-25,Brinjal,300.0,,350.0,,480.0,2023,9,September,25,0,Monday,39,3,0,300.0,415.0,115.0,0
2023-09-26,Brinjal,350.0,,400.0,,440.0,2023,9,September,26,1,Tuesday,39,3,0,350.0,420.0,70.0,0
2023-09-27,Brinjal,350.0,,400.0,,520.0,2023,9,September,27,2,Wednesday,39,3,0,350.0,460.0,110.0,0
2023-10-02,Brinjal,320.0,,360.0,,600.0,2023,10,October,2,0,Monday,40,4,0,320.0,480.0,160.0,0
2023-10-03,Brinjal,320.0,,360.0,,560.0,2023,10,October,3,1,Tuesday,40,4,0,320.0,460.0,140.0,0
2023-10-04,Brinjal,300.0,,350.0,,560.0,2023,10,October,4,2,Wednesday,40,4,0,300.0,455.0,155.0,0
2023-10-05,Brinjal,300.0,,350.0,,480.0,2023,10,October,5,3,Thursday,40,4,0,300.0,415.0,115.0,0
2023-10-06,Brinjal,350.0,,400.0,,560.0,2023,10,October,6,4,Friday,40,4,0,350.0,480.0,130.0,0
2023-10-09,Brinjal,300.0,,350.0,,480.0,2023,10,October,9,0,Monday,41,4,0,300.0,415.0,115.0,0
2023-10-10,Brinjal,350.0,,400.0,,480.0,2023,10,October,10,1,Tuesday,41,4,0,350.0,440.0,90.0,0
2023-10-11,Brinjal,350.0,,400.0,,480.0,2023,10,October,11,2,Wednesday,41,4,0,350.0,440.0,90.0,0
2023-10-12,Brinjal,350.0,,400.0,,480.0,2023,10,October,12,3,Thursday,41,4,0,350.0,440.0,90.0,0
2023-10-13,Brinjal,350.0,,400.0,,480.0,2023,10,October,13,4,Friday,41,4,0,350.0,440.0,90.0,0
2023-10-16,Brinjal,300.0,,350.0,,480.0,2023,10,October,16,0,Monday,42,4,0,300.0,415.0,115.0,0
2023-10-17,Brinjal,330.0,,380.0,,520.0,2023,10,October,17,1,Tuesday,42,4,0,330.0,450.0,120.0,0
2023-10-18,Brinjal,300.0,,350.0,,480.0,2023,10,October,18,2,Wednesday,42,4,0,300.0,415.0,115.0,0
2023-10-19,Brinjal,250.0,,300.0,,400.0,2023,10,October,19,3,Thursday,42,4,0,250.0,350.0,100.0,0
2023-10-20,Brinjal,250.0,,300.0,,400.0,2023,10,October,20,4,Friday,42,4,0,250.0,350.0,100.0,0
2023-10-23,Brinjal,300.0,,350.0,,400.0,2023,10,October,23,0,Monday,43,4,0,300.0,375.0,75.0,0
2023-10-24,Brinjal,350.0,,400.0,,400.0,2023,10,October,24,1,Tuesday,43,4,0,350.0,400.0,50.0,0
2023-10-25,Brinjal,350.0,,400.0,,520.0,2023,10,October,25,2,Wednesday,43,4,0,350.0,460.0,110.0,0
2023-10-26,Brinjal,400.0,,450.0,,480.0,2023,10,October,26,3,Thursday,43,4,0,400.0,465.0,65.0,0
2023-10-27,Brinjal,400.0,,450.0,,480.0,2023,10,October,27,4,Friday,43,4,0,400.0,465.0,65.0,0
2023-10-30,Brinjal,350.0,,400.0,,520.0,2023,10,October,30,0,Monday,44,4,0,350.0,460.0,110.0,0
2023-10-31,Brinjal,300.0,,350.0,,400.0,2023,10,October,31,1,Tuesday,44,4,0,300.0,375.0,75.0,0
2023-11-01,Brinjal,300.0,,350.0,,600.0,2023,11,November,1,2,Wednesday,44,4,0,300.0,475.0,175.0,0
2023-11-02,Brinjal,320.0,,370.0,,560.0,2023,11,November,2,3,Thursday,44,4,0,320.0,465.0,145.0,0
2023-11-03,Brinjal,320.0,,370.0,,560.0,2023,11,November,3,4,Friday,44,4,0,320.0,465.0,145.0,0
2023-11-06,Brinjal,340.0,,400.0,,560.0,2023,11,November,6,0,Monday,45,4,0,340.0,480.0,140.0,0
2023-11-07,Brinjal,340.0,,400.0,,480.0,2023,11,November,7,1,Tuesday,45,4,0,340.0,440.0,100.0,0
2023-11-08,Brinjal,350.0,,400.0,,500.0,2023,11,November,8,2,Wednesday,45,4,0,350.0,450.0,100.0,0
2023-11-09,Brinjal,350.0,,400.0,,500.0,2023,11,November,9,3,Thursday,45,4,0,350.0,450.0,100.0,0
2023-11-10,Brinjal,380.0,,430.0,,500.0,2023,11,November,10,4,Friday,45,4,0,380.0,465.0,85.0,0
2023-11-13,Brinjal,400.0,,450.0,,480.0,2023,11,November,13,0,Monday,46,4,0,400.0,465.0,65.0,0
2023-11-14,Brinjal,400.0,,450.0,,560.0,2023,11,November,14,1,Tuesday,46,4,0,400.0,505.0,105.0,0
2023-11-15,Brinjal,380.0,,430.0,,560.0,2023,11,November,15,2,Wednesday,46,4,0,380.0,495.0,115.0,0
2023-11-16,Brinjal,350.0,,400.0,,520.0,2023,11,November,16,3,Thursday,46,4,0,350.0,460.0,110.0,0
2023-11-17,Brinjal,350.0,,400.0,,560.0,2023,11,November,17,4,Friday,46,4,0,350.0,480.0,130.0,0
2023-11-20,Brinjal,300.0,,350.0,,520.0,2023,11,November,20,0,Monday,47,4,0,300.0,435.0,135.0,0
2023-11-21,Brinjal,400.0,,450.0,,480.0,2023,11,November,21,1,Tuesday,47,4,0,400.0,465.0,65.0,0
2023-11-22,Brinjal,400.0,,450.0,,520.0,2023,11,November,22,2,Wednesday,47,4,0,400.0,485.0,85.0,0
2023-11-23,Brinjal,400.0,,450.0,,500.0,2023,11,November,23,3,Thursday,47,4,0,400.0,475.0,75.0,0
2023-11-24,Brinjal,400.0,,450.0,,480.0,2023,11,November,24,4,Friday,47,4,0,400.0,465.0,65.0,0
2023-11-27,Brinjal,410.0,,500.0,,480.0,2023,11,November,27,0,Monday,48,4,0,410.0,490.0,80.0,0
2023-11-28,Brinjal,420.0,,500.0,,480.0,2023,11,November,28,1,Tuesday,48,4,0,420.0,490.0,70.0,0
2023-11-29,Brinjal,400.0,,450.0,,480.0,2023,11,November,29,2,Wednesday,48,4,0,400.0,465.0,65.0,0
2023-11-30,Brinjal,400.0,,450.0,,480.0,2023,11,November,30,3,Thursday,48,4,0,400.0,465.0,65.0,0
2023-12-01,Brinjal,400.0,,450.0,,460.0,2023,12,December,1,4,Friday,48,4,0,400.0,455.0,55.0,0
2023-12-04,Brinjal,300.0,,350.0,,560.0,2023,12,December,4,0,Monday,49,4,0,300.0,455.0,155.0,0
2023-12-05,Brinjal,350.0,,400.0,,520.0,2023,12,December,5,1,Tuesday,49,4,0,350.0,460.0,110.0,0
2023-12-06,Brinjal,350.0,,400.0,,600.0,2023,12,December,6,2,Wednesday,49,4,0,350.0,500.0,150.0,0
2023-12-07,Brinjal,350.0,,400.0,,480.0,2023,12,December,7,3,Thursday,49,4,0,350.0,440.0,90.0,0
2023-12-08,Brinjal,320.0,,360.0,,480.0,2023,12,December,8,4,Friday,49,4,0,320.0,420.0,100.0,0
2023-12-11,Brinjal,400.0,,450.0,,480.0,2023,12,December,11,0,Monday,50,4,0,400.0,465.0,65.0,0
2023-12-12,Brinjal,400.0,,450.0,,480.0,2023,12,December,12,1,Tuesday,50,4,0,400.0,465.0,65.0,0
2023-12-13,Brinjal,420.0,,480.0,,600.0,2023,12,December,13,2,Wednesday,50,4,0,420.0,540.0,120.0,0
2023-12-14,Brinjal,420.0,,480.0,,480.0,2023,12,December,14,3,Thursday,50,4,0,420.0,480.0,60.0,0
2023-12-15,Brinjal,420.0,,480.0,,480.0,2023,12,December,15,4,Friday,50,4,0,420.0,480.0,60.0,0
2023-12-18,Brinjal,350.0,,400.0,,600.0,2023,12,December,18,0,Monday,51,4,0,350.0,500.0,150.0,0
2023-12-19,Brinjal,350.0,,400.0,,600.0,2023,12,December,19,1,Tuesday,51,4,0,350.0,500.0,150.0,0
2023-12-20,Brinjal,350.0,,400.0,,600.0,2023,12,December,20,2,Wednesday,51,4,0,350.0,500.0,150.0,0
2023-12-21,Brinjal,400.0,,450.0,,600.0,2023,12,December,21,3,Thursday,51,4,0,400.0,525.0,125.0,0
2023-12-22,Brinjal,600.0,,650.0,,760.0,2023,12,December,22,4,Friday,51,4,0,600.0,705.0,105.0,0
2023-12-27,Brinjal,700.0,,750.0,,800.0,2023,12,December,27,2,Wednesday,52,4,0,700.0,775.0,75.0,0
2023-12-28,Brinjal,700.0,,750.0,,1000.0,2023,12,December,28,3,Thursday,52,4,0,700.0,875.0,175.0,0
2023-12-29,Brinjal,700.0,,750.0,,900.0,2023,12,December,29,4,Friday,52,4,0,700.0,825.0,125.0,0
2024-02-01,Brinjal,500.0,,550.0,,800.0,2024,2,February,1,3,Thursday,5,1,0,500.0,675.0,175.0,0
2024-02-02,Brinjal,450.0,,500.0,,700.0,2024,2,February,2,4,Friday,5,1,0,450.0,600.0,150.0,0
2024-02-05,Brinjal,350.0,,400.0,,600.0,2024,2,February,5,0,Monday,6,1,0,350.0,500.0,150.0,0
2024-02-06,Brinjal,350.0,,400.0,,600.0,2024,2,February,6,1,Tuesday,6,1,0,350.0,500.0,150.0,0
2024-02-07,Brinjal,380.0,,430.0,,500.0,2024,2,February,7,2,Wednesday,6,1,0,380.0,465.0,85.0,0
2024-02-08,Brinjal,250.0,,300.0,,500.0,2024,2,February,8,3,Thursday,6,1,0,250.0,400.0,150.0,0
2024-02-09,Brinjal,200.0,,250.0,,400.0,2024,2,February,9,4,Friday,6,1,0,200.0,325.0,125.0,0
2024-02-12,Brinjal,200.0,,250.0,,400.0,2024,2,February,12,0,Monday,7,1,0,200.0,325.0,125.0,0
2024-02-13,Brinjal,200.0,,250.0,,400.0,2024,2,February,13,1,Tuesday,7,1,0,200.0,325.0,125.0,0
2024-02-14,Brinjal,200.0,,250.0,,360.0,2024,2,February,14,2,Wednesday,7,1,0,200.0,305.0,105.0,0
2024-02-15,Brinjal,200.0,,250.0,,300.0,2024,2,February,15,3,Thursday,7,1,0,200.0,275.0,75.0,0
2024-02-16,Brinjal,150.0,,200.0,,300.0,2024,2,February,16,4,Friday,7,1,0,150.0,250.0,100.0,0
2024-02-19,Brinjal,150.0,,200.0,,200.0,2024,2,February,19,0,Monday,8,1,0,150.0,200.0,50.0,0
2024-02-20,Brinjal,150.0,,200.0,,200.0,2024,2,February,20,1,Tuesday,8,1,0,150.0,200.0,50.0,0
2024-02-21,Brinjal,150.0,,200.0,,300.0,2024,2,February,21,2,Wednesday,8,1,0,150.0,250.0,100.0,0
2024-02-22,Brinjal,150.0,,200.0,,300.0,2024,2,February,22,3,Thursday,8,1,0,150.0,250.0,100.0,0
2024-02-26,Brinjal,180.0,,230.0,,300.0,2024,2,February,26,0,Monday,9,1,0,180.0,265.0,85.0,0
2024-02-27,Brinjal,150.0,,200.0,,300.0,2024,2,February,27,1,Tuesday,9,1,0,150.0,250.0,100.0,0
2024-02-28,Brinjal,180.0,,230.0,,320.0,2024,2,February,28,2,Wednesday,9,1,0,180.0,275.0,95.0,0
2024-02-29,Brinjal,150.0,,200.0,,300.0,2024,2,February,29,3,Thursday,9,1,0,150.0,250.0,100.0,0
2024-03-01,Brinjal,150.0,,200.0,,280.0,2024,3,March,1,4,Friday,9,1,0,150.0,240.0,90.0,0
2024-03-04,Brinjal,150.0,,200.0,,300.0,2024,3,March,4,0,Monday,10,1,0,150.0,250.0,100.0,0
2024-03-05,Brinjal,150.0,,200.0,,300.0,2024,3,March,5,1,Tuesday,10,1,0,150.0,250.0,100.0,0
2024-03-06,Brinjal,150.0,,200.0,,300.0,2024,3,March,6,2,Wednesday,10,1,0,150.0,250.0,100.0,0
2024-03-07,Brinjal,150.0,,200.0,,280.0,2024,3,March,7,3,Thursday,10,1,0,150.0,240.0,90.0,0
2024-03-11,Brinjal,200.0,,250.0,,360.0,2024,3,March,11,0,Monday,11,1,0,200.0,305.0,105.0,0
2024-03-12,Brinjal,230.0,,280.0,,400.0,2024,3,March,12,1,Tuesday,11,1,0,230.0,340.0,110.0,0
2024-03-13,Brinjal,230.0,,280.0,,400.0,2024,3,March,13,2,Wednesday,11,1,0,230.0,340.0,110.0,0
2024-03-14,Brinjal,230.0,,280.0,,360.0,2024,3,March,14,3,Thursday,11,1,0,230.0,320.0,90.0,0
2024-03-15,Brinjal,230.0,,280.0,,360.0,2024,3,March,15,4,Friday,11,1,0,230.0,320.0,90.0,0
2024-03-18,Brinjal,230.0,,280.0,,360.0,2024,3,March,18,0,Monday,12,1,0,230.0,320.0,90.0,0
2024-03-19,Brinjal,200.0,,250.0,,360.0,2024,3,March,19,1,Tuesday,12,1,0,200.0,305.0,105.0,0
2024-03-20,Brinjal,150.0,,200.0,,400.0,2024,3,March,20,2,Wednesday,12,1,0,150.0,300.0,150.0,0
2024-03-21,Brinjal,200.0,,250.0,,360.0,2024,3,March,21,3,Thursday,12,1,0,200.0,305.0,105.0,0
2024-03-22,Brinjal,150.0,,200.0,,400.0,2024,3,March,22,4,Friday,12,1,0,150.0,300.0,150.0,0
2024-03-25,Brinjal,250.0,,300.0,,320.0,2024,3,March,25,0,Monday,13,1,0,250.0,310.0,60.0,0
2024-03-26,Brinjal,150.0,,200.0,,320.0,2024,3,March,26,1,Tuesday,13,1,0,150.0,260.0,110.0,0
2024-03-27,Brinjal,150.0,,200.0,,320.0,2024,3,March,27,2,Wednesday,13,1,0,150.0,260.0,110.0,0
2024-03-28,Brinjal,150.0,,200.0,,320.0,2024,3,March,28,3,Thursday,13,1,0,150.0,260.0,110.0,0
2024-04-01,Brinjal,150.0,,200.0,,360.0,2024,4,April,1,0,Monday,14,2,0,150.0,280.0,130.0,0
2024-04-02,Brinjal,150.0,,200.0,,360.0,2024,4,April,2,1,Tuesday,14,2,0,150.0,280.0,130.0,0
2024-04-03,Brinjal,150.0,,200.0,,320.0,2024,4,April,3,2,Wednesday,14,2,0,150.0,260.0,110.0,0
2024-04-04,Brinjal,150.0,,200.0,,280.0,2024,4,April,4,3,Thursday,14,2,0,150.0,240.0,90.0,0
2024-04-05,Brinjal,130.0,,180.0,,320.0,2024,4,April,5,4,Friday,14,2,0,130.0,250.0,120.0,0
2024-04-08,Brinjal,180.0,,240.0,,360.0,2024,4,April,8,0,Monday,15,2,0,180.0,300.0,120.0,0
2024-04-09,Brinjal,280.0,,330.0,,480.0,2024,4,April,9,1,Tuesday,15,2,0,280.0,405.0,125.0,0
2024-04-10,Brinjal,280.0,,330.0,,360.0,2024,4,April,10,2,Wednesday,15,2,0,280.0,345.0,65.0,0
2024-04-15,Brinjal,350.0,,380.0,,360.0,2024,4,April,15,0,Monday,16,2,0,350.0,370.0,20.0,0
2024-04-16,Brinjal,300.0,,350.0,,360.0,2024,4,April,16,1,Tuesday,16,2,0,300.0,350.0,50.0,0
2024-04-17,Brinjal,180.0,,230.0,,400.0,2024,4,April,17,2,Wednesday,16,2,0,180.0,315.0,135.0,0
2024-04-18,Brinjal,150.0,,200.0,,400.0,2024,4,April,18,3,Thursday,16,2,0,150.0,300.0,150.0,0
2024-04-19,Brinjal,150.0,,200.0,,320.0,2024,4,April,19,4,Friday,16,2,0,150.0,260.0,110.0,0
2024-04-22,Brinjal,130.0,,180.0,,280.0,2024,4,April,22,0,Monday,17,2,0,130.0,230.0,100.0,0
2024-04-24,Brinjal,150.0,,200.0,,280.0,2024,4,April,24,2,Wednesday,17,2,0,150.0,240.0,90.0,0
2024-04-25,Brinjal,130.0,,180.0,,280.0,2024,4,April,25,3,Thursday,17,2,0,130.0,230.0,100.0,0
2024-04-26,Brinjal,130.0,,180.0,,280.0,2024,4,April,26,4,Friday,17,2,0,130.0,230.0,100.0,0
2024-04-29,Brinjal,100.0,,150.0,,280.0,2024,4,April,29,0,Monday,18,2,0,100.0,215.0,115.0,0
2024-04-30,Brinjal,100.0,,150.0,,280.0,2024,4,April,30,1,Tuesday,18,2,0,100.0,215.0,115.0,0
2024-05-02,Brinjal,120.0,,170.0,,280.0,2024,5,May,2,3,Thursday,18,2,0,120.0,225.0,105.0,0
2024-05-03,Brinjal,130.0,,180.0,,280.0,2024,5,May,3,4,Friday,18,2,0,130.0,230.0,100.0,0
2024-05-06,Brinjal,170.0,,230.0,,360.0,2024,5,May,6,0,Monday,19,2,0,170.0,295.0,125.0,0
2024-05-07,Brinjal,170.0,,230.0,,320.0,2024,5,May,7,1,Tuesday,19,2,0,170.0,275.0,105.0,0
2024-05-08,Brinjal,160.0,,200.0,,320.0,2024,5,May,8,2,Wednesday,19,2,0,160.0,260.0,100.0,0
2024-05-09,Brinjal,160.0,,200.0,,320.0,2024,5,May,9,3,Thursday,19,2,0,160.0,260.0,100.0,0
2024-05-10,Brinjal,160.0,,200.0,,360.0,2024,5,May,10,4,Friday,19,2,0,160.0,280.0,120.0,0
2024-05-13,Brinjal,160.0,,200.0,,320.0,2024,5,May,13,0,Monday,20,2,0,160.0,260.0,100.0,0
2024-05-14,Brinjal,160.0,,200.0,,360.0,2024,5,May,14,1,Tuesday,20,2,0,160.0,280.0,120.0,0
2024-05-15,Brinjal,160.0,,200.0,,320.0,2024,5,May,15,2,Wednesday,20,2,0,160.0,260.0,100.0,0
2024-05-16,Brinjal,160.0,,200.0,,320.0,2024,5,May,16,3,Thursday,20,2,0,160.0,260.0,100.0,0
2024-05-17,Brinjal,160.0,,200.0,,360.0,2024,5,May,17,4,Friday,20,2,0,160.0,280.0,120.0,0
2024-05-20,Brinjal,200.0,,250.0,,360.0,2024,5,May,20,0,Monday,21,2,0,200.0,305.0,105.0,0
2024-05-21,Brinjal,200.0,,250.0,,320.0,2024,5,May,21,1,Tuesday,21,2,0,200.0,285.0,85.0,0
2024-05-22,Brinjal,280.0,,330.0,,400.0,2024,5,May,22,2,Wednesday,21,2,0,280.0,365.0,85.0,0
2024-05-22,Brinjal,200.0,,250.0,,320.0,2024,5,May,22,2,Wednesday,21,2,0,200.0,285.0,85.0,0
2024-05-27,Brinjal,200.0,,250.0,,400.0,2024,5,May,27,0,Monday,22,2,0,200.0,325.0,125.0,0
2024-05-28,Brinjal,200.0,,250.0,,400.0,2024,5,May,28,1,Tuesday,22,2,0,200.0,325.0,125.0,0
2024-05-29,Brinjal,240.0,,280.0,,400.0,2024,5,May,29,2,Wednesday,22,2,0,240.0,340.0,100.0,0
2024-05-31,Brinjal,350.0,,400.0,,480.0,2024,5,May,31,4,Friday,22,2,0,350.0,440.0,90.0,0
2024-06-03,Brinjal,400.0,,450.0,,600.0,2024,6,June,3,0,Monday,23,2,0,400.0,525.0,125.0,0
2024-06-04,Brinjal,450.0,,500.0,,600.0,2024,6,June,4,1,Tuesday,23,2,0,450.0,550.0,100.0,0
2024-06-05,Brinjal,450.0,,500.0,,600.0,2024,6,June,5,2,Wednesday,23,2,0,450.0,550.0,100.0,0
2024-06-06,Brinjal,450.0,,500.0,,600.0,2024,6,June,6,3,Thursday,23,2,0,450.0,550.0,100.0,0
2024-06-07,Brinjal,450.0,,500.0,,600.0,2024,6,June,7,4,Friday,23,2,0,450.0,550.0,100.0,0
2024-06-10,Brinjal,450.0,,500.0,,600.0,2024,6,June,10,0,Monday,24,2,0,450.0,550.0,100.0,0
2024-06-11,Brinjal,350.0,,400.0,,600.0,2024,6,June,11,1,Tuesday,24,2,0,350.0,500.0,150.0,0
2024-06-12,Brinjal,350.0,,400.0,,600.0,2024,6,June,12,2,Wednesday,24,2,0,350.0,500.0,150.0,0
2024-06-13,Brinjal,350.0,,400.0,,600.0,2024,6,June,13,3,Thursday,24,2,0,350.0,500.0,150.0,0
2024-06-14,Brinjal,400.0,,450.0,,600.0,2024,6,June,14,4,Friday,24,2,0,400.0,525.0,125.0,0
2024-06-18,Brinjal,400.0,,450.0,,600.0,2024,6,June,18,1,Tuesday,25,2,0,400.0,525.0,125.0,0
2024-06-19,Brinjal,400.0,,450.0,,600.0,2024,6,June,19,2,Wednesday,25,2,0,400.0,525.0,125.0,0
2024-06-20,Brinjal,300.0,,350.0,,600.0,2024,6,June,20,3,Thursday,25,2,0,300.0,475.0,175.0,0
2024-06-24,Brinjal,400.0,,450.0,,600.0,2024,6,June,24,0,Monday,26,2,0,400.0,525.0,125.0,0
2024-06-25,Brinjal,350.0,,400.0,,500.0,2024,6,June,25,1,Tuesday,26,2,0,350.0,450.0,100.0,0
2024-06-26,Brinjal,300.0,,350.0,,500.0,2024,6,June,26,2,Wednesday,26,2,0,300.0,425.0,125.0,0
2024-06-27,Brinjal,250.0,,300.0,,500.0,2024,6,June,27,3,Thursday,26,2,0,250.0,400.0,150.0,0
2024-06-28,Brinjal,250.0,,300.0,,500.0,2024,6,June,28,4,Friday,26,2,0,250.0,400.0,150.0,0
2024-07-01,Brinjal,300.0,,350.0,,560.0,2024,7,July,1,0,Monday,27,3,0,300.0,455.0,155.0,0
2024-07-02,Brinjal,350.0,,400.0,,480.0,2024,7,July,2,1,Tuesday,27,3,0,350.0,440.0,90.0,0
2024-07-03,Brinjal,300.0,,350.0,,480.0,2024,7,July,3,2,Wednesday,27,3,0,300.0,415.0,115.0,0
2024-07-04,Brinjal,280.0,,330.0,,520.0,2024,7,July,4,3,Thursday,27,3,0,280.0,425.0,145.0,0
2024-07-05,Brinjal,280.0,,330.0,,440.0,2024,7,July,5,4,Friday,27,3,0,280.0,385.0,105.0,0
2024-07-08,Brinjal,200.0,,250.0,,400.0,2024,7,July,8,0,Monday,28,3,0,200.0,325.0,125.0,0
2024-07-09,Brinjal,200.0,,250.0,,400.0,2024,7,July,9,1,Tuesday,28,3,0,200.0,325.0,125.0,0
2024-07-10,Brinjal,180.0,,230.0,,360.0,2024,7,July,10,2,Wednesday,28,3,0,180.0,295.0,115.0,0
2024-07-11,Brinjal,150.0,,200.0,,340.0,2024,7,July,11,3,Thursday,28,3,0,150.0,270.0,120.0,0
2024-07-11,Brinjal,200.0,,250.0,,320.0,2024,7,July,11,3,Thursday,28,3,0,200.0,285.0,85.0,0
2024-07-12,Brinjal,170.0,,220.0,,360.0,2024,7,July,12,4,Friday,28,3,0,170.0,290.0,120.0,0
2024-07-15,Brinjal,150.0,,200.0,,360.0,2024,7,July,15,0,Monday,29,3,0,150.0,280.0,130.0,0
2024-07-16,Brinjal,180.0,,230.0,,360.0,2024,7,July,16,1,Tuesday,29,3,0,180.0,295.0,115.0,0
2024-07-17,Brinjal,200.0,,250.0,,360.0,2024,7,July,17,2,Wednesday,29,3,0,200.0,305.0,105.0,0
2024-07-18,Brinjal,250.0,,300.0,,360.0,2024,7,July,18,3,Thursday,29,3,0,250.0,330.0,80.0,0
2024-07-19,Brinjal,250.0,,300.0,,360.0,2024,7,July,19,4,Friday,29,3,0,250.0,330.0,80.0,0
2024-07-22,Brinjal,250.0,,300.0,,360.0,2024,7,July,22,0,Monday,30,3,0,250.0,330.0,80.0,0
2024-07-23,Brinjal,270.0,,320.0,,400.0,2024,7,July,23,1,Tuesday,30,3,0,270.0,360.0,90.0,0
2024-07-24,Brinjal,300.0,,350.0,,400.0,2024,7,July,24,2,Wednesday,30,3,0,300.0,375.0,75.0,0
2024-07-25,Brinjal,300.0,,350.0,,400.0,2024,7,July,25,3,Thursday,30,3,0,300.0,375.0,75.0,0
2024-07-26,Brinjal,300.0,,350.0,,400.0,2024,7,July,26,4,Friday,30,3,0,300.0,375.0,75.0,0
2024-07-29,Brinjal,300.0,,350.0,,400.0,2024,7,July,29,0,Monday,31,3,0,300.0,375.0,75.0,0
2024-07-30,Brinjal,300.0,,350.0,,480.0,2024,7,July,30,1,Tuesday,31,3,0,300.0,415.0,115.0,0
2024-07-31,Brinjal,250.0,,300.0,,480.0,2024,7,July,31,2,Wednesday,31,3,0,250.0,390.0,140.0,0
2024-08-01,Brinjal,300.0,,350.0,,400.0,2024,8,August,1,3,Thursday,31,3,0,300.0,375.0,75.0,0
2024-08-02,Brinjal,300.0,,350.0,,400.0,2024,8,August,2,4,Friday,31,3,0,300.0,375.0,75.0,0
2024-08-05,Brinjal,280.0,,330.0,,480.0,2024,8,August,5,0,Monday,32,3,0,280.0,405.0,125.0,0
2024-08-06,Brinjal,280.0,,330.0,,480.0,2024,8,August,6,1,Tuesday,32,3,0,280.0,405.0,125.0,0
2024-08-07,Brinjal,280.0,,330.0,,480.0,2024,8,August,7,2,Wednesday,32,3,0,280.0,405.0,125.0,0
2024-08-08,Brinjal,230.0,,280.0,,400.0,2024,8,August,8,3,Thursday,32,3,0,230.0,340.0,110.0,0
2024-08-09,Brinjal,250.0,,300.0,,400.0,2024,8,August,9,4,Friday,32,3,0,250.0,350.0,100.0,0
2024-08-12,Brinjal,200.0,,250.0,,480.0,2024,8,August,12,0,Monday,33,3,0,200.0,365.0,165.0,0
2024-08-13,Brinjal,200.0,,250.0,,480.0,2024,8,August,13,1,Tuesday,33,3,0,200.0,365.0,165.0,0
2024-08-14,Brinjal,250.0,,300.0,,480.0,2024,8,August,14,2,Wednesday,33,3,0,250.0,390.0,140.0,0
2024-08-15,Brinjal,250.0,,300.0,,400.0,2024,8,August,15,3,Thursday,33,3,0,250.0,350.0,100.0,0
2024-08-16,Brinjal,200.0,,250.0,,400.0,2024,8,August,16,4,Friday,33,3,0,200.0,325.0,125.0,0
2024-08-20,Brinjal,200.0,,250.0,,400.0,2024,8,August,20,1,Tuesday,34,3,0,200.0,325.0,125.0,0
2024-08-21,Brinjal,220.0,,270.0,,400.0,2024,8,August,21,2,Wednesday,34,3,0,220.0,335.0,115.0,0
2024-08-22,Brinjal,200.0,,250.0,,400.0,2024,8,August,22,3,Thursday,34,3,0,200.0,325.0,125.0,0
2024-08-23,Brinjal,200.0,,250.0,,400.0,2024,8,August,23,4,Friday,34,3,0,200.0,325.0,125.0,0
2024-08-26,Brinjal,200.0,,250.0,,360.0,2024,8,August,26,0,Monday,35,3,0,200.0,305.0,105.0,0
2024-08-27,Brinjal,220.0,,270.0,,360.0,2024,8,August,27,1,Tuesday,35,3,0,220.0,315.0,95.0,0
2024-08-28,Brinjal,200.0,,250.0,,360.0,2024,8,August,28,2,Wednesday,35,3,0,200.0,305.0,105.0,0
2024-08-29,Brinjal,250.0,,300.0,,400.0,2024,8,August,29,3,Thursday,35,3,0,250.0,350.0,100.0,0
2024-08-30,Brinjal,230.0,,280.0,,400.0,2024,8,August,30,4,Friday,35,3,0,230.0,340.0,110.0,0
2024-09-02,Brinjal,250.0,,300.0,,400.0,2024,9,September,2,0,Monday,36,3,0,250.0,350.0,100.0,0
2024-09-03,Brinjal,200.0,,250.0,,400.0,2024,9,September,3,1,Tuesday,36,3,0,200.0,325.0,125.0,0
2024-09-04,Brinjal,250.0,,300.0,,400.0,2024,9,September,4,2,Wednesday,36,3,0,250.0,350.0,100.0,0
2024-09-05,Brinjal,300.0,,350.0,,400.0,2024,9,September,5,3,Thursday,36,3,0,300.0,375.0,75.0,0
2024-09-06,Brinjal,350.0,,400.0,,400.0,2024,9,September,6,4,Friday,36,3,0,350.0,400.0,50.0,0
2024-09-09,Brinjal,350.0,,400.0,,400.0,2024,9,September,9,0,Monday,37,3,0,350.0,400.0,50.0,0
2024-09-10,Brinjal,350.0,,400.0,,400.0,2024,9,September,10,1,Tuesday,37,3,0,350.0,400.0,50.0,0
2024-09-11,Brinjal,380.0,,430.0,,400.0,2024,9,September,11,2,Wednesday,37,3,0,380.0,415.0,35.0,0
2024-09-12,Brinjal,380.0,,430.0,,400.0,2024,9,September,12,3,Thursday,37,3,0,380.0,415.0,35.0,0
2024-09-13,Brinjal,380.0,,430.0,,400.0,2024,9,September,13,4,Friday,37,3,0,380.0,415.0,35.0,0
2024-09-18,Brinjal,260.0,,300.0,,360.0,2024,9,September,18,2,Wednesday,38,3,0,260.0,330.0,70.0,0
2024-09-19,Brinjal,250.0,,300.0,,380.0,2024,9,September,19,3,Thursday,38,3,0,250.0,340.0,90.0,0
2024-09-20,Brinjal,250.0,,300.0,,320.0,2024,9,September,20,4,Friday,38,3,0,250.0,310.0,60.0,0
2024-09-23,Brinjal,250.0,,300.0,,320.0,2024,9,September,23,0,Monday,39,3,0,250.0,310.0,60.0,0
2024-09-24,Brinjal,250.0,,300.0,,360.0,2024,9,September,24,1,Tuesday,39,3,0,250.0,330.0,80.0,0
2024-09-25,Brinjal,200.0,,250.0,,360.0,2024,9,September,25,2,Wednesday,39,3,0,200.0,305.0,105.0,0
2024-09-26,Brinjal,200.0,,250.0,,400.0,2024,9,September,26,3,Thursday,39,3,0,200.0,325.0,125.0,0
2024-09-27,Brinjal,150.0,,200.0,,400.0,2024,9,September,27,4,Friday,39,3,0,150.0,300.0,150.0,0
2024-09-30,Brinjal,200.0,,250.0,,240.0,2024,9,September,30,0,Monday,40,3,0,200.0,245.0,45.0,0
2024-10-01,Brinjal,200.0,,250.0,,240.0,2024,10,October,1,1,Tuesday,40,4,0,200.0,245.0,45.0,0
2024-10-02,Brinjal,200.0,,250.0,,260.0,2024,10,October,2,2,Wednesday,40,4,0,200.0,255.0,55.0,0
2024-10-03,Brinjal,200.0,,250.0,,260.0,2024,10,October,3,3,Thursday,40,4,0,200.0,255.0,55.0,0
2024-10-04,Brinjal,200.0,,250.0,,240.0,2024,10,October,4,4,Friday,40,4,0,200.0,245.0,45.0,0
2024-10-07,Brinjal,250.0,,300.0,,240.0,2024,10,October,7,0,Monday,41,4,0,250.0,270.0,20.0,0
2024-10-08,Brinjal,200.0,,250.0,,240.0,2024,10,October,8,1,Tuesday,41,4,0,200.0,245.0,45.0,0
2024-10-09,Brinjal,200.0,,250.0,,240.0,2024,10,October,9,2,Wednesday,41,4,0,200.0,245.0,45.0,0
2024-10-10,Brinjal,130.0,,180.0,,240.0,2024,10,October,10,3,Thursday,41,4,0,130.0,210.0,80.0,0
2024-10-11,Brinjal,120.0,,170.0,,240.0,2024,10,October,11,4,Friday,41,4,0,120.0,205.0,85.0,0
2024-10-14,Brinjal,130.0,,180.0,,280.0,2024,10,October,14,0,Monday,42,4,0,130.0,230.0,100.0,0
2024-10-15,Brinjal,150.0,,200.0,,280.0,2024,10,October,15,1,Tuesday,42,4,0,150.0,240.0,90.0,0
2024-10-16,Brinjal,130.0,,180.0,,240.0,2024,10,October,16,2,Wednesday,42,4,0,130.0,210.0,80.0,0
2024-10-18,Brinjal,100.0,,150.0,,240.0,2024,10,October,18,4,Friday,42,4,0,100.0,195.0,95.0,0
2024-10-21,Brinjal,200.0,,250.0,,280.0,2024,10,October,21,0,Monday,43,4,0,200.0,265.0,65.0,0
2024-10-22,Brinjal,250.0,,300.0,,280.0,2024,10,October,22,1,Tuesday,43,4,0,250.0,290.0,40.0,0
2024-10-23,Brinjal,200.0,,250.0,,280.0,2024,10,October,23,2,Wednesday,43,4,0,200.0,265.0,65.0,0
2024-10-24,Brinjal,200.0,,250.0,,320.0,2024,10,October,24,3,Thursday,43,4,0,200.0,285.0,85.0,0
2024-10-25,Brinjal,150.0,,200.0,,320.0,2024,10,October,25,4,Friday,43,4,0,150.0,260.0,110.0,0
2024-10-28,Brinjal,180.0,,230.0,,360.0,2024,10,October,28,0,Monday,44,4,0,180.0,295.0,115.0,0
2024-10-29,Brinjal,250.0,,300.0,,360.0,2024,10,October,29,1,Tuesday,44,4,0,250.0,330.0,80.0,0
2024-10-30,Brinjal,280.0,,330.0,,360.0,2024,10,October,30,2,Wednesday,44,4,0,280.0,345.0,65.0,0
2024-11-01,Brinjal,300.0,,350.0,,380.0,2024,11,November,1,4,Friday,44,4,0,300.0,365.0,65.0,0
2024-11-04,Brinjal,250.0,,300.0,,400.0,2024,11,November,4,0,Monday,45,4,0,250.0,350.0,100.0,0
2024-11-05,Brinjal,200.0,,250.0,,400.0,2024,11,November,5,1,Tuesday,45,4,0,200.0,325.0,125.0,0
2024-11-06,Brinjal,200.0,,250.0,,400.0,2024,11,November,6,2,Wednesday,45,4,0,200.0,325.0,125.0,0
2024-11-08,Brinjal,250.0,,300.0,,360.0,2024,11,November,8,4,Friday,45,4,0,250.0,330.0,80.0,0
2024-11-11,Brinjal,200.0,,250.0,,320.0,2024,11,November,11,0,Monday,46,4,0,200.0,285.0,85.0,0
2024-11-12,Brinjal,250.0,,300.0,,320.0,2024,11,November,12,1,Tuesday,46,4,0,250.0,310.0,60.0,0
2024-11-13,Brinjal,200.0,,250.0,,320.0,2024,11,November,13,2,Wednesday,46,4,0,200.0,285.0,85.0,0
2024-11-14,Brinjal,250.0,,300.0,,320.0,2024,11,November,14,3,Thursday,46,4,0,250.0,310.0,60.0,0
2024-11-18,Brinjal,200.0,,250.0,,360.0,2024,11,November,18,0,Monday,47,4,0,200.0,305.0,105.0,0
2024-11-19,Brinjal,150.0,,200.0,,360.0,2024,11,November,19,1,Tuesday,47,4,0,150.0,280.0,130.0,0
2024-11-20,Brinjal,150.0,,200.0,,360.0,2024,11,November,20,2,Wednesday,47,4,0,150.0,280.0,130.0,0
2024-11-21,Brinjal,200.0,,250.0,,300.0,2024,11,November,21,3,Thursday,47,4,0,200.0,275.0,75.0,0
2024-11-22,Brinjal,200.0,,250.0,,300.0,2024,11,November,22,4,Friday,47,4,0,200.0,275.0,75.0,0
2024-11-25,Brinjal,200.0,,250.0,,320.0,2024,11,November,25,0,Monday,48,4,0,200.0,285.0,85.0,0
2024-11-26,Brinjal,200.0,,250.0,,320.0,2024,11,November,26,1,Tuesday,48,4,0,200.0,285.0,85.0,0
2024-11-27,Brinjal,250.0,,300.0,,480.0,2024,11,November,27,2,Wednesday,48,4,0,250.0,390.0,140.0,0
2024-11-28,Brinjal,300.0,,350.0,,360.0,2024,11,November,28,3,Thursday,48,4,0,300.0,355.0,55.0,0
2024-11-29,Brinjal,300.0,,350.0,,360.0,2024,11,November,29,4,Friday,48,4,0,300.0,355.0,55.0,0
2024-12-02,Brinjal,300.0,,350.0,,360.0,2024,12,December,2,0,Monday,49,4,0,300.0,355.0,55.0,0
2024-12-03,Brinjal,300.0,,350.0,,480.0,2024,12,December,3,1,Tuesday,49,4,0,300.0,415.0,115.0,0
2024-12-04,Brinjal,300.0,,350.0,,480.0,2024,12,December,4,2,Wednesday,49,4,0,300.0,415.0,115.0,0
2024-12-05,Brinjal,300.0,,350.0,,480.0,2024,12,December,5,3,Thursday,49,4,0,300.0,415.0,115.0,0
2024-12-06,Brinjal,250.0,,300.0,,480.0,2024,12,December,6,4,Friday,49,4,0,250.0,390.0,140.0,0
2024-12-09,Brinjal,250.0,,300.0,,400.0,2024,12,December,9,0,Monday,50,4,0,250.0,350.0,100.0,0
2024-12-10,Brinjal,250.0,,300.0,,400.0,2024,12,December,10,1,Tuesday,50,4,0,250.0,350.0,100.0,0
2024-12-11,Brinjal,200.0,,250.0,,400.0,2024,12,December,11,2,Wednesday,50,4,0,200.0,325.0,125.0,0
2024-12-12,Brinjal,250.0,,300.0,,400.0,2024,12,December,12,3,Thursday,50,4,0,250.0,350.0,100.0,0
2024-12-13,Brinjal,250.0,,300.0,,400.0,2024,12,December,13,4,Friday,50,4,0,250.0,350.0,100.0,0
2024-12-16,Brinjal,300.0,,350.0,,480.0,2024,12,December,16,0,Monday,51,4,0,300.0,415.0,115.0,0
2024-12-17,Brinjal,280.0,,330.0,,380.0,2024,12,December,17,1,Tuesday,51,4,0,280.0,355.0,75.0,0
2024-12-18,Brinjal,280.0,,330.0,,520.0,2024,12,December,18,2,Wednesday,51,4,0,280.0,425.0,145.0,0
2024-12-19,Brinjal,280.0,,330.0,,400.0,2024,12,December,19,3,Thursday,51,4,0,280.0,365.0,85.0,0
2024-12-20,Brinjal,280.0,,330.0,,560.0,2024,12,December,20,4,Friday,51,4,0,280.0,445.0,165.0,0
2024-12-23,Brinjal,350.0,,400.0,,560.0,2024,12,December,23,0,Monday,52,4,0,350.0,480.0,130.0,0
2024-12-24,Brinjal,300.0,,350.0,,520.0,2024,12,December,24,1,Tuesday,52,4,0,300.0,435.0,135.0,0
2024-12-26,Brinjal,450.0,,500.0,,660.0,2024,12,December,26,3,Thursday,52,4,0,450.0,580.0,130.0,0
2024-12-27,Brinjal,420.0,,470.0,,700.0,2024,12,December,27,4,Friday,52,4,0,420.0,585.0,165.0,0
2024-12-30,Brinjal,350.0,,400.0,,600.0,2024,12,December,30,0,Monday,1,4,0,350.0,500.0,150.0,0
2024-12-31,Brinjal,400.0,,450.0,,600.0,2024,12,December,31,1,Tuesday,1,4,0,400.0,525.0,125.0,0
2025-01-01,Brinjal,400.0,,450.0,,600.0,2025,1,January,1,2,Wednesday,1,1,0,400.0,525.0,125.0,0
2025-01-02,Brinjal,400.0,,450.0,,480.0,2025,1,January,2,3,Thursday,1,1,0,400.0,465.0,65.0,0
2025-01-03,Brinjal,400.0,,450.0,,460.0,2025,1,January,3,4,Friday,1,1,0,400.0,455.0,55.0,0
2025-01-06,Brinjal,300.0,,350.0,,520.0,2025,1,January,6,0,Monday,2,1,0,300.0,435.0,135.0,0
2025-01-07,Brinjal,300.0,,350.0,,480.0,2025,1,January,7,1,Tuesday,2,1,0,300.0,415.0,115.0,0
2025-01-08,Brinjal,300.0,,350.0,,480.0,2025,1,January,8,2,Wednesday,2,1,0,300.0,415.0,115.0,0
2025-01-09,Brinjal,250.0,,300.0,,560.0,2025,1,January,9,3,Thursday,2,1,0,250.0,430.0,180.0,0
2025-01-10,Brinjal,250.0,,300.0,,560.0,2025,1,January,10,4,Friday,2,1,0,250.0,430.0,180.0,0
2025-01-15,Brinjal,300.0,,350.0,,480.0,2025,1,January,15,2,Wednesday,3,1,0,300.0,415.0,115.0,0
2025-01-16,Brinjal,300.0,,350.0,,480.0,2025,1,January,16,3,Thursday,3,1,0,300.0,415.0,115.0,0
2025-01-17,Brinjal,250.0,,300.0,,480.0,2025,1,January,17,4,Friday,3,1,0,250.0,390.0,140.0,0
2025-01-20,Brinjal,300.0,,350.0,,480.0,2025,1,January,20,0,Monday,4,1,0,300.0,415.0,115.0,0
2025-01-21,Brinjal,350.0,,400.0,,480.0,2025,1,January,21,1,Tuesday,4,1,0,350.0,440.0,90.0,0
2025-01-22,Brinjal,300.0,,350.0,,480.0,2025,1,January,22,2,Wednesday,4,1,0,300.0,415.0,115.0,0
2025-01-23,Brinjal,250.0,,300.0,,480.0,2025,1,January,23,3,Thursday,4,1,0,250.0,390.0,140.0,0
2025-01-24,Brinjal,300.0,,350.0,,480.0,2025,1,January,24,4,Friday,4,1,0,300.0,415.0,115.0,0
2025-01-27,Brinjal,300.0,,350.0,,480.0,2025,1,January,27,0,Monday,5,1,0,300.0,415.0,115.0,0
2025-01-28,Brinjal,350.0,,400.0,,480.0,2025,1,January,28,1,Tuesday,5,1,0,350.0,440.0,90.0,0
2025-01-29,Brinjal,350.0,,400.0,,600.0,2025,1,January,29,2,Wednesday,5,1,0,350.0,500.0,150.0,0
2025-01-30,Brinjal,330.0,,380.0,,600.0,2025,1,January,30,3,Thursday,5,1,0,330.0,490.0,160.0,0
2025-01-31,Brinjal,330.0,,380.0,,600.0,2025,1,January,31,4,Friday,5,1,0,330.0,490.0,160.0,0
2025-02-03,Brinjal,300.0,,350.0,,480.0,2025,2,February,3,0,Monday,6,1,0,300.0,415.0,115.0,0
2025-02-05,Brinjal,300.0,,350.0,,600.0,2025,2,February,5,2,Wednesday,6,1,0,300.0,475.0,175.0,0
2025-02-06,Brinjal,400.0,,450.0,,600.0,2025,2,February,6,3,Thursday,6,1,0,400.0,525.0,125.0,0
2025-02-07,Brinjal,400.0,,450.0,,600.0,2025,2,February,7,4,Friday,6,1,0,400.0,525.0,125.0,0
2025-02-10,Brinjal,550.0,,600.0,,600.0,2025,2,February,10,0,Monday,7,1,0,550.0,600.0,50.0,0
2025-02-11,Brinjal,550.0,,600.0,,700.0,2025,2,February,11,1,Tuesday,7,1,0,550.0,650.0,100.0,0
2025-02-13,Brinjal,550.0,,600.0,,800.0,2025,2,February,13,3,Thursday,7,1,0,550.0,700.0,150.0,0
2025-02-14,Brinjal,550.0,,600.0,,800.0,2025,2,February,14,4,Friday,7,1,0,550.0,700.0,150.0,0
2025-02-17,Brinjal,500.0,,550.0,,700.0,2025,2,February,17,0,Monday,8,1,0,500.0,625.0,125.0,0
2025-02-18,Brinjal,500.0,,550.0,,700.0,2025,2,February,18,1,Tuesday,8,1,0,500.0,625.0,125.0,0
2025-02-19,Brinjal,500.0,,550.0,,700.0,2025,2,February,19,2,Wednesday,8,1,0,500.0,625.0,125.0,0
2025-02-20,Brinjal,550.0,,600.0,,760.0,2025,2,February,20,3,Thursday,8,1,0,550.0,680.0,130.0,0
2025-02-21,Brinjal,550.0,,600.0,,560.0,2025,2,February,21,4,Friday,8,1,0,550.0,580.0,30.0,0
2025-02-24,Brinjal,200.0,,250.0,,480.0,2025,2,February,24,0,Monday,9,1,0,200.0,365.0,165.0,0
2025-02-25,Brinjal,150.0,,200.0,,480.0,2025,2,February,25,1,Tuesday,9,1,0,150.0,340.0,190.0,0
2025-02-27,Brinjal,150.0,,200.0,,400.0,2025,2,February,27,3,Thursday,9,1,0,150.0,300.0,150.0,0
2025-02-28,Brinjal,150.0,,200.0,,360.0,2025,2,February,28,4,Friday,9,1,0,150.0,280.0,130.0,0
2025-03-03,Brinjal,120.0,,180.0,,400.0,2025,3,March,3,0,Monday,10,1,0,120.0,290.0,170.0,0
2025-03-04,Brinjal,120.0,,180.0,,400.0,2025,3,March,4,1,Tuesday,10,1,0,120.0,290.0,170.0,0
2025-03-05,Brinjal,120.0,,180.0,,400.0,2025,3,March,5,2,Wednesday,10,1,0,120.0,290.0,170.0,0
2025-03-06,Brinjal,120.0,,180.0,,360.0,2025,3,March,6,3,Thursday,10,1,0,120.0,270.0,150.0,0
2025-03-07,Brinjal,120.0,,180.0,,360.0,2025,3,March,7,4,Friday,10,1,0,120.0,270.0,150.0,0
2025-03-10,Brinjal,150.0,,200.0,,320.0,2025,3,March,10,0,Monday,11,1,0,150.0,260.0,110.0,0
2025-03-11,Brinjal,150.0,,200.0,,320.0,2025,3,March,11,1,Tuesday,11,1,0,150.0,260.0,110.0,0
2025-03-12,Brinjal,150.0,,200.0,,320.0,2025,3,March,12,2,Wednesday,11,1,0,150.0,260.0,110.0,0
2025-03-14,Brinjal,180.0,,230.0,,360.0,2025,3,March,14,4,Friday,11,1,0,180.0,295.0,115.0,0
2025-03-17,Brinjal,150.0,,200.0,,360.0,2025,3,March,17,0,Monday,12,1,0,150.0,280.0,130.0,0
2025-03-18,Brinjal,130.0,,180.0,,360.0,2025,3,March,18,1,Tuesday,12,1,0,130.0,270.0,140.0,0
2025-03-19,Brinjal,150.0,,200.0,,360.0,2025,3,March,19,2,Wednesday,12,1,0,150.0,280.0,130.0,0
2025-03-20,Brinjal,200.0,,250.0,,400.0,2025,3,March,20,3,Thursday,12,1,0,200.0,325.0,125.0,0
2025-03-21,Brinjal,200.0,,250.0,,400.0,2025,3,March,21,4,Friday,12,1,0,200.0,325.0,125.0,0
2025-03-24,Brinjal,300.0,,350.0,,520.0,2025,3,March,24,0,Monday,13,1,0,300.0,435.0,135.0,0
2025-03-25,Brinjal,300.0,,350.0,,520.0,2025,3,March,25,1,Tuesday,13,1,0,300.0,435.0,135.0,0
2025-03-26,Brinjal,300.0,,350.0,,600.0,2025,3,March,26,2,Wednesday,13,1,0,300.0,475.0,175.0,0
2025-03-27,Brinjal,300.0,,350.0,,600.0,2025,3,March,27,3,Thursday,13,1,0,300.0,475.0,175.0,0
2025-03-28,Brinjal,300.0,,350.0,,600.0,2025,3,March,28,4,Friday,13,1,0,300.0,475.0,175.0,0
2025-04-01,Brinjal,500.0,,550.0,,700.0,2025,4,April,1,1,Tuesday,14,2,0,500.0,625.0,125.0,0
2025-04-02,Brinjal,500.0,,550.0,,700.0,2025,4,April,2,2,Wednesday,14,2,0,500.0,625.0,125.0,0
2025-04-03,Brinjal,500.0,,550.0,,700.0,2025,4,April,3,3,Thursday,14,2,0,500.0,625.0,125.0,0
2025-04-04,Brinjal,500.0,,550.0,,660.0,2025,4,April,4,4,Friday,14,2,0,500.0,605.0,105.0,0
2025-04-07,Brinjal,500.0,,550.0,,660.0,2025,4,April,7,0,Monday,15,2,0,500.0,605.0,105.0,0
2025-04-08,Brinjal,500.0,,550.0,,700.0,2025,4,April,8,1,Tuesday,15,2,0,500.0,625.0,125.0,0
2025-04-09,Brinjal,500.0,,550.0,,760.0,2025,4,April,9,2,Wednesday,15,2,0,500.0,655.0,155.0,0
2025-04-10,Brinjal,500.0,,550.0,,760.0,2025,4,April,10,3,Thursday,15,2,0,500.0,655.0,155.0,0
2025-04-11,Brinjal,500.0,,550.0,,740.0,2025,4,April,11,4,Friday,15,2,0,500.0,645.0,145.0,0
2025-04-16,Brinjal,450.0,,500.0,,740.0,2025,4,April,16,2,Wednesday,16,2,0,450.0,620.0,170.0,0
2025-04-17,Brinjal,450.0,,500.0,,740.0,2025,4,April,17,3,Thursday,16,2,0,450.0,500.0,50.0,0
2025-04-21,Brinjal,400.0,,450.0,,480.0,2025,4,April,21,0,Monday,17,2,0,400.0,465.0,65.0,0
2025-04-22,Brinjal,350.0,,400.0,,480.0,2025,4,April,22,1,Tuesday,17,2,0,350.0,440.0,90.0,0
2025-04-23,Brinjal,300.0,,350.0,,480.0,2025,4,April,23,2,Wednesday,17,2,0,300.0,415.0,115.0,0
2025-04-24,Brinjal,300.0,,350.0,,700.0,2025,4,April,24,3,Thursday,17,2,0,300.0,525.0,225.0,0
2025-04-25,Brinjal,300.0,,350.0,,700.0,2025,4,April,25,4,Friday,17,2,0,300.0,525.0,225.0,0
2025-04-28,Brinjal,400.0,,450.0,,700.0,2025,4,April,28,0,Monday,18,2,0,400.0,575.0,175.0,0
2025-04-29,Brinjal,450.0,,500.0,,700.0,2025,4,April,29,1,Tuesday,18,2,0,450.0,600.0,150.0,0
2025-04-30,Brinjal,500.0,,550.0,,700.0,2025,4,April,30,2,Wednesday,18,2,0,500.0,625.0,125.0,0
2025-05-02,Brinjal,450.0,,500.0,,700.0,2025,5,May,2,4,Friday,18,2,0,450.0,600.0,150.0,0
2025-05-05,Brinjal,400.0,,450.0,,600.0,2025,5,May,5,0,Monday,19,2,0,400.0,525.0,125.0,0
2025-05-06,Brinjal,500.0,,550.0,,600.0,2025,5,May,6,1,Tuesday,19,2,0,500.0,575.0,75.0,0
2025-05-07,Brinjal,450.0,,500.0,,600.0,2025,5,May,7,2,Wednesday,19,2,0,450.0,550.0,100.0,0
2025-05-08,Brinjal,400.0,,450.0,,700.0,2025,5,May,8,3,Thursday,19,2,0,400.0,575.0,175.0,0
2025-05-09,Brinjal,400.0,,450.0,,700.0,2025,5,May,9,4,Friday,19,2,0,400.0,575.0,175.0,0
2025-05-14,Brinjal,400.0,,450.0,,600.0,2025,5,May,14,2,Wednesday,20,2,0,400.0,525.0,125.0,0
2025-05-15,Brinjal,400.0,,450.0,,700.0,2025,5,May,15,3,Thursday,20,2,0,400.0,575.0,175.0,0
2025-05-16,Brinjal,400.0,,450.0,,700.0,2025,5,May,16,4,Friday,20,2,0,400.0,575.0,175.0,0
2025-05-19,Brinjal,300.0,,350.0,,600.0,2025,5,May,19,0,Monday,21,2,0,300.0,475.0,175.0,0
2025-05-20,Brinjal,300.0,,350.0,,600.0,2025,5,May,20,1,Tuesday,21,2,0,300.0,475.0,175.0,0
2025-05-21,Brinjal,300.0,,350.0,,600.0,2025,5,May,21,2,Wednesday,21,2,0,300.0,475.0,175.0,0
2025-05-22,Brinjal,400.0,,450.0,,600.0,2025,5,May,22,3,Thursday,21,2,0,400.0,525.0,125.0,0
2025-05-23,Brinjal,300.0,,350.0,,600.0,2025,5,May,23,4,Friday,21,2,0,300.0,475.0,175.0,0
2025-05-26,Brinjal,350.0,,400.0,,600.0,2025,5,May,26,0,Monday,22,2,0,350.0,500.0,150.0,0
2025-05-27,Brinjal,400.0,,450.0,,600.0,2025,5,May,27,1,Tuesday,22,2,0,400.0,525.0,125.0,0
2025-05-28,Brinjal,400.0,,450.0,,600.0,2025,5,May,28,2,Wednesday,22,2,0,400.0,525.0,125.0,0
2025-05-29,Brinjal,350.0,,400.0,,600.0,2025,5,May,29,3,Thursday,22,2,0,350.0,500.0,150.0,0
2025-05-30,Brinjal,400.0,,450.0,,600.0,2025,5,May,30,4,Friday,22,2,0,400.0,525.0,125.0,0
2025-06-02,Brinjal,350.0,,400.0,,600.0,2025,6,June,2,0,Monday,23,2,0,350.0,500.0,150.0,0
2025-06-03,Brinjal,300.0,,350.0,,600.0,2025,6,June,3,1,Tuesday,23,2,0,300.0,475.0,175.0,0
2025-06-04,Brinjal,350.0,,400.0,,600.0,2025,6,June,4,2,Wednesday,23,2,0,350.0,500.0,150.0,0
2025-06-05,Brinjal,350.0,,400.0,,600.0,2025,6,June,5,3,Thursday,23,2,0,350.0,500.0,150.0,0
2025-06-06,Brinjal,400.0,,450.0,,700.0,2025,6,June,6,4,Friday,23,2,0,400.0,575.0,175.0,0
2025-06-09,Brinjal,400.0,,450.0,,600.0,2025,6,June,9,0,Monday,24,2,0,400.0,525.0,125.0,0
2025-06-11,Brinjal,400.0,,450.0,,600.0,2025,6,June,11,2,Wednesday,24,2,0,400.0,525.0,125.0,0
2025-06-12,Brinjal,450.0,,500.0,,600.0,2025,6,June,12,3,Thursday,24,2,0,450.0,550.0,100.0,0
2025-06-13,Brinjal,450.0,,500.0,,600.0,2025,6,June,13,4,Friday,24,2,0,450.0,550.0,100.0,0
2025-06-16,Brinjal,350.0,,400.0,,600.0,2025,6,June,16,0,Monday,25,2,0,350.0,500.0,150.0,0
2025-06-17,Brinjal,450.0,,500.0,,800.0,2025,6,June,17,1,Tuesday,25,2,0,450.0,650.0,200.0,0
2025-06-18,Brinjal,450.0,,500.0,,700.0,2025,6,June,18,2,Wednesday,25,2,0,450.0,600.0,150.0,0
2025-06-19,Brinjal,400.0,,450.0,,600.0,2025,6,June,19,3,Thursday,25,2,0,400.0,525.0,125.0,0
2025-06-20,Brinjal,350.0,,400.0,,700.0,2025,6,June,20,4,Friday,25,2,0,350.0,550.0,200.0,0
2025-06-23,Brinjal,400.0,,450.0,,600.0,2025,6,June,23,0,Monday,26,2,0,400.0,525.0,125.0,0
2025-06-24,Brinjal,350.0,,400.0,,660.0,2025,6,June,24,1,Tuesday,26,2,0,350.0,530.0,180.0,0
2025-06-25,Brinjal,400.0,,450.0,,700.0,2025,6,June,25,2,Wednesday,26,2,0,400.0,575.0,175.0,0
2025-06-26,Brinjal,350.0,,400.0,,600.0,2025,6,June,26,3,Thursday,26,2,0,350.0,500.0,150.0,0
2025-06-27,Brinjal,400.0,,450.0,,600.0,2025,6,June,27,4,Friday,26,2,0,400.0,525.0,125.0,0
2025-06-30,Brinjal,400.0,,450.0,,600.0,2025,6,June,30,0,Monday,27,2,0,400.0,525.0,125.0,0
2025-07-01,Brinjal,350.0,,400.0,,600.0,2025,7,July,1,1,Tuesday,27,3,0,350.0,500.0,150.0,0
2025-07-02,Brinjal,400.0,,450.0,,560.0,2025,7,July,2,2,Wednesday,27,3,0,400.0,505.0,105.0,0
2025-07-03,Brinjal,350.0,,400.0,,560.0,2025,7,July,3,3,Thursday,27,3,0,350.0,480.0,130.0,0
2025-07-04,Brinjal,350.0,,400.0,,600.0,2025,7,July,4,4,Friday,27,3,0,350.0,500.0,150.0,0
2025-07-07,Brinjal,400.0,,450.0,,600.0,2025,7,July,7,0,Monday,28,3,0,400.0,525.0,125.0,0
2025-07-08,Brinjal,400.0,,450.0,,600.0,2025,7,July,8,1,Tuesday,28,3,0,400.0,525.0,125.0,0
2025-07-09,Brinjal,350.0,,400.0,,600.0,2025,7,July,9,2,Wednesday,28,3,0,350.0,500.0,150.0,0
2025-07-11,Brinjal,400.0,,450.0,,600.0,2025,7,July,11,4,Friday,28,3,0,400.0,525.0,125.0,0
2025-07-14,Brinjal,300.0,,350.0,,480.0,2025,7,July,14,0,Monday,29,3,0,300.0,415.0,115.0,0
2025-07-15,Brinjal,250.0,,300.0,,480.0,2025,7,July,15,1,Tuesday,29,3,0,250.0,390.0,140.0,0
2025-07-16,Brinjal,250.0,,300.0,,480.0,2025,7,July,16,2,Wednesday,29,3,0,250.0,390.0,140.0,0
2025-07-17,Brinjal,300.0,,350.0,,480.0,2025,7,July,17,3,Thursday,29,3,0,300.0,415.0,115.0,0
2025-07-18,Brinjal,250.0,,300.0,,480.0,2025,7,July,18,4,Friday,29,3,0,250.0,390.0,140.0,0
2025-07-21,Brinjal,250.0,,300.0,,400.0,2025,7,July,21,0,Monday,30,3,0,250.0,350.0,100.0,0
2025-07-22,Brinjal,200.0,,250.0,,360.0,2025,7,July,22,1,Tuesday,30,3,0,200.0,305.0,105.0,0
2025-07-23,Brinjal,250.0,,300.0,,360.0,2025,7,July,23,2,Wednesday,30,3,0,250.0,330.0,80.0,0
2025-07-24,Brinjal,250.0,,300.0,,380.0,2025,7,July,24,3,Thursday,30,3,0,250.0,340.0,90.0,0
2025-07-25,Brinjal,250.0,,300.0,,400.0,2025,7,July,25,4,Friday,30,3,0,250.0,350.0,100.0,0
2025-07-28,Brinjal,300.0,,350.0,,480.0,2025,7,July,28,0,Monday,31,3,0,300.0,415.0,115.0,0
2025-07-29,Brinjal,300.0,,350.0,,480.0,2025,7,July,29,1,Tuesday,31,3,0,300.0,415.0,115.0,0
2025-07-30,Brinjal,300.0,,350.0,,480.0,2025,7,July,30,2,Wednesday,31,3,0,300.0,415.0,115.0,0
2025-07-31,Brinjal,300.0,,350.0,,400.0,2025,7,July,31,3,Thursday,31,3,0,300.0,375.0,75.0,0
2025-08-01,Brinjal,300.0,,350.0,,480.0,2025,8,August,1,4,Friday,31,3,0,300.0,415.0,115.0,0
2025-08-04,Brinjal,350.0,,400.0,,400.0,2025,8,August,4,0,Monday,32,3,0,350.0,400.0,50.0,0
2025-08-05,Brinjal,350.0,,400.0,,480.0,2025,8,August,5,1,Tuesday,32,3,0,350.0,440.0,90.0,0
2025-08-06,Brinjal,300.0,,350.0,,480.0,2025,8,August,6,2,Wednesday,32,3,0,300.0,415.0,115.0,0
2025-08-07,Brinjal,300.0,,350.0,,480.0,2025,8,August,7,3,Thursday,32,3,0,300.0,415.0,115.0,0
2025-08-11,Brinjal,350.0,,400.0,,480.0,2025,8,August,11,0,Monday,33,3,0,350.0,440.0,90.0,0
2025-08-12,Brinjal,300.0,,350.0,,460.0,2025,8,August,12,1,Tuesday,33,3,0,300.0,405.0,105.0,0
2025-08-13,Brinjal,300.0,,350.0,,460.0,2025,8,August,13,2,Wednesday,33,3,0,300.0,405.0,105.0,0
2025-08-14,Brinjal,300.0,,350.0,,460.0,2025,8,August,14,3,Thursday,33,3,0,300.0,405.0,105.0,0
2025-08-15,Brinjal,300.0,,350.0,,480.0,2025,8,August,15,4,Friday,33,3,0,300.0,415.0,115.0,0
2025-08-18,Brinjal,300.0,,350.0,,480.0,2025,8,August,18,0,Monday,34,3,0,300.0,415.0,115.0,0
2025-08-19,Brinjal,300.0,,350.0,,520.0,2025,8,August,19,1,Tuesday,34,3,0,300.0,435.0,135.0,0
2025-08-20,Brinjal,350.0,,400.0,,480.0,2025,8,August,20,2,Wednesday,34,3,0,350.0,440.0,90.0,0
2025-08-21,Brinjal,300.0,,350.0,,560.0,2025,8,August,21,3,Thursday,34,3,0,300.0,455.0,155.0,0
2025-08-22,Brinjal,350.0,,400.0,,560.0,2025,8,August,22,4,Friday,34,3,0,350.0,480.0,130.0,0
2025-08-25,Brinjal,300.0,,350.0,,560.0,2025,8,August,25,0,Monday,35,3,0,300.0,455.0,155.0,0
2025-08-26,Brinjal,300.0,,350.0,,560.0,2025,8,August,26,1,Tuesday,35,3,0,300.0,455.0,155.0,0
2025-08-27,Brinjal,300.0,,350.0,,600.0,2025,8,August,27,2,Wednesday,35,3,0,300.0,475.0,175.0,0
2025-08-28,Brinjal,300.0,,350.0,,600.0,2025,8,August,28,3,Thursday,35,3,0,300.0,475.0,175.0,0
2025-08-29,Brinjal,300.0,,350.0,,600.0,2025,8,August,29,4,Friday,35,3,0,300.0,475.0,175.0,0
2025-09-01,Brinjal,300.0,,350.0,,600.0,2025,9,September,1,0,Monday,36,3,0,300.0,475.0,175.0,0
2025-09-02,Brinjal,300.0,,350.0,,600.0,2025,9,September,2,1,Tuesday,36,3,0,300.0,475.0,175.0,0
2025-09-03,Brinjal,350.0,,400.0,,600.0,2025,9,September,3,2,Wednesday,36,3,0,350.0,500.0,150.0,0
2025-09-04,Brinjal,300.0,,350.0,,600.0,2025,9,September,4,3,Thursday,36,3,0,300.0,475.0,175.0,0
2025-09-08,Brinjal,300.0,,350.0,,600.0,2025,9,September,8,0,Monday,37,3,0,300.0,475.0,175.0,0
2025-09-09,Brinjal,300.0,,350.0,,600.0,2025,9,September,9,1,Tuesday,37,3,0,300.0,475.0,175.0,0
2025-09-10,Brinjal,250.0,,300.0,,480.0,2025,9,September,10,2,Wednesday,37,3,0,250.0,390.0,140.0,0
2025-09-11,Brinjal,300.0,,350.0,,480.0,2025,9,September,11,3,Thursday,37,3,0,300.0,415.0,115.0,0
2025-09-12,Brinjal,250.0,,300.0,,480.0,2025,9,September,12,4,Friday,37,3,0,250.0,390.0,140.0,0
2025-09-15,Brinjal,200.0,,250.0,,560.0,2025,9,September,15,0,Monday,38,3,0,200.0,405.0,205.0,0
2025-09-16,Brinjal,200.0,,250.0,,400.0,2025,9,September,16,1,Tuesday,38,3,0,200.0,325.0,125.0,0
2025-09-17,Brinjal,200.0,,250.0,,480.0,2025,9,September,17,2,Wednesday,38,3,0,200.0,365.0,165.0,0
2025-09-18,Brinjal,250.0,,300.0,,400.0,2025,9,September,18,3,Thursday,38,3,0,250.0,350.0,100.0,0
2025-09-19,Brinjal,250.0,,300.0,,400.0,2025,9,September,19,4,Friday,38,3,0,250.0,350.0,100.0,0
2025-09-22,Brinjal,200.0,,250.0,,400.0,2025,9,September,22,0,Monday,39,3,0,200.0,325.0,125.0,0
2025-09-23,Brinjal,200.0,,250.0,,400.0,2025,9,September,23,1,Tuesday,39,3,0,200.0,325.0,125.0,0
2025-09-26,Brinjal,150.0,,200.0,,400.0,2025,9,September,26,4,Friday,39,3,0,150.0,300.0,150.0,0
2025-09-29,Brinjal,150.0,,200.0,,400.0,2025,9,September,29,0,Monday,40,3,0,150.0,300.0,150.0,0
2025-09-30,Brinjal,150.0,,200.0,,400.0,2025,9,September,30,1,Tuesday,40,3,0,150.0,300.0,150.0,0
2025-10-01,Brinjal,200.0,,250.0,,400.0,2025,10,October,1,2,Wednesday,40,4,0,200.0,325.0,125.0,0
2025-10-02,Brinjal,200.0,,250.0,,480.0,2025,10,October,2,3,Thursday,40,4,0,200.0,365.0,165.0,0
2025-10-03,Brinjal,180.0,,230.0,,400.0,2025,10,October,3,4,Friday,40,4,0,180.0,315.0,135.0,0
2025-10-07,Brinjal,180.0,,230.0,,400.0,2025,10,October,7,1,Tuesday,41,4,0,180.0,315.0,135.0,0
2025-10-08,Brinjal,200.0,,250.0,,400.0,2025,10,October,8,2,Wednesday,41,4,0,200.0,325.0,125.0,0
2025-10-09,Brinjal,180.0,,230.0,,400.0,2025,10,October,9,3,Thursday,41,4,0,180.0,315.0,135.0,0
2025-10-10,Brinjal,200.0,,250.0,,400.0,2025,10,October,10,4,Friday,41,4,0,200.0,325.0,125.0,0
2025-10-13,Brinjal,200.0,,250.0,,400.0,2025,10,October,13,0,Monday,42,4,0,200.0,325.0,125.0,0
2025-10-14,Brinjal,200.0,,250.0,,400.0,2025,10,October,14,1,Tuesday,42,4,0,200.0,325.0,125.0,0
2025-10-15,Brinjal,200.0,,250.0,,400.0,2025,10,October,15,2,Wednesday,42,4,0,200.0,325.0,125.0,0
2025-10-16,Brinjal,200.0,,250.0,,400.0,2025,10,October,16,3,Thursday,42,4,0,200.0,325.0,125.0,0
2025-10-17,Brinjal,200.0,,250.0,,400.0,2025,10,October,17,4,Friday,42,4,0,200.0,325.0,125.0,0
2025-10-21,Brinjal,200.0,,250.0,,380.0,2025,10,October,21,1,Tuesday,43,4,0,200.0,315.0,115.0,0
2025-10-22,Brinjal,200.0,,250.0,,400.0,2025,10,October,22,2,Wednesday,43,4,0,200.0,325.0,125.0,0
2025-10-23,Brinjal,200.0,,250.0,,440.0,2025,10,October,23,3,Thursday,43,4,0,200.0,345.0,145.0,0
2025-10-24,Brinjal,200.0,,250.0,,400.0,2025,10,October,24,4,Friday,43,4,0,200.0,325.0,125.0,0
2025-10-27,Brinjal,200.0,,250.0,,480.0,2025,10,October,27,0,Monday,44,4,0,200.0,365.0,165.0,0
2025-10-28,Brinjal,200.0,,250.0,,480.0,2025,10,October,28,1,Tuesday,44,4,0,200.0,365.0,165.0,0
2025-10-29,Brinjal,200.0,,250.0,,480.0,2025,10,October,29,2,Wednesday,44,4,0,200.0,365.0,165.0,0
2025-10-30,Brinjal,250.0,,300.0,,480.0,2025,10,October,30,3,Thursday,44,4,0,250.0,390.0,140.0,0
2025-10-31,Brinjal,200.0,,250.0,,480.0,2025,10,October,31,4,Friday,44,4,0,200.0,365.0,165.0,0
2025-11-03,Brinjal,250.0,,300.0,,480.0,2025,11,November,3,0,Monday,45,4,0,250.0,390.0,140.0,0
2025-11-04,Brinjal,280.0,,330.0,,600.0,2025,11,November,4,1,Tuesday,45,4,0,280.0,465.0,185.0,0
2025-11-06,Brinjal,250.0,,300.0,,480.0,2025,11,November,6,3,Thursday,45,4,0,250.0,390.0,140.0,0
2025-11-07,Brinjal,250.0,,300.0,,480.0,2025,11,November,7,4,Friday,45,4,0,250.0,390.0,140.0,0
2025-11-10,Brinjal,300.0,,350.0,,560.0,2025,11,November,10,0,Monday,46,4,0,300.0,455.0,155.0,0
2025-11-11,Brinjal,300.0,,350.0,,560.0,2025,11,November,11,1,Tuesday,46,4,0,300.0,455.0,155.0,0
2025-11-12,Brinjal,320.0,,370.0,,560.0,2025,11,November,12,2,Wednesday,46,4,0,320.0,465.0,145.0,0
2025-11-13,Brinjal,320.0,,370.0,,480.0,2025,11,November,13,3,Thursday,46,4,0,320.0,425.0,105.0,0
2025-11-14,Brinjal,250.0,,300.0,,480.0,2025,11,November,14,4,Friday,46,4,0,250.0,390.0,140.0,0
2025-11-17,Brinjal,250.0,,300.0,,480.0,2025,11,November,17,0,Monday,47,4,0,250.0,390.0,140.0,0
2025-11-18,Brinjal,150.0,,200.0,,480.0,2025,11,November,18,1,Tuesday,47,4,0,150.0,340.0,190.0,0
2025-11-19,Brinjal,200.0,,250.0,,480.0,2025,11,November,19,2,Wednesday,47,4,0,200.0,365.0,165.0,0
2025-11-20,Brinjal,200.0,,250.0,,480.0,2025,11,November,20,3,Thursday,47,4,0,200.0,365.0,165.0,0
2025-11-21,Brinjal,200.0,,250.0,,480.0,2025,11,November,21,4,Friday,47,4,0,200.0,365.0,165.0,0
2025-11-24,Brinjal,200.0,,250.0,,480.0,2025,11,November,24,0,Monday,48,4,0,200.0,365.0,165.0,0
2025-11-25,Brinjal,250.0,,300.0,,480.0,2025,11,November,25,1,Tuesday,48,4,0,250.0,390.0,140.0,0
2025-11-26,Brinjal,250.0,,300.0,,480.0,2025,11,November,26,2,Wednesday,48,4,0,250.0,390.0,140.0,0
2025-11-27,Brinjal,250.0,,300.0,,480.0,2025,11,November,27,3,Thursday,48,4,0,250.0,390.0,140.0,0
2025-11-28,Brinjal,250.0,,300.0,,480.0,2025,11,November,28,4,Friday,48,4,0,250.0,390.0,140.0,0
2025-12-01,Brinjal,350.0,,400.0,,600.0,2025,12,December,1,0,Monday,49,4,0,350.0,500.0,150.0,0
2025-12-02,Brinjal,250.0,,300.0,,480.0,2025,12,December,2,1,Tuesday,49,4,0,250.0,390.0,140.0,0
2025-12-03,Brinjal,250.0,,300.0,,480.0,2025,12,December,3,2,Wednesday,49,4,0,250.0,390.0,140.0,0
2025-12-05,Brinjal,300.0,,350.0,,600.0,2025,12,December,5,4,Friday,49,4,0,300.0,475.0,175.0,0
2025-12-08,Brinjal,300.0,,350.0,,600.0,2025,12,December,8,0,Monday,50,4,0,300.0,475.0,175.0,0
2025-12-09,Brinjal,300.0,,350.0,,600.0,2025,12,December,9,1,Tuesday,50,4,0,300.0,475.0,175.0,0
2025-12-10,Brinjal,250.0,,300.0,,600.0,2025,12,December,10,2,Wednesday,50,4,0,250.0,450.0,200.0,0
2025-12-11,Brinjal,200.0,,250.0,,600.0,2025,12,December,11,3,Thursday,50,4,0,200.0,425.0,225.0,0
2025-12-12,Brinjal,200.0,,250.0,,700.0,2025,12,December,12,4,Friday,50,4,0,200.0,475.0,275.0,0
2025-12-15,Brinjal,400.0,,450.0,,700.0,2025,12,December,15,0,Monday,51,4,0,400.0,575.0,175.0,0
2025-12-16,Brinjal,400.0,,450.0,,700.0,2025,12,December,16,1,Tuesday,51,4,0,400.0,575.0,175.0,0
2025-12-17,Brinjal,420.0,,470.0,,700.0,2025,12,December,17,2,Wednesday,51,4,0,420.0,585.0,165.0,0
2025-12-18,Brinjal,450.0,,500.0,,800.0,2025,12,December,18,3,Thursday,51,4,0,450.0,650.0,200.0,0
2025-12-19,Brinjal,500.0,,550.0,,800.0,2025,12,December,19,4,Friday,51,4,0,500.0,675.0,175.0,0
2025-12-22,Brinjal,500.0,,550.0,,700.0,2025,12,December,22,0,Monday,52,4,0,500.0,625.0,125.0,0
2025-12-23,Brinjal,500.0,,550.0,,700.0,2025,12,December,23,1,Tuesday,52,4,0,500.0,625.0,125.0,0
2025-12-24,Brinjal,500.0,,550.0,,700.0,2025,12,December,24,2,Wednesday,52,4,0,500.0,625.0,125.0,0
2025-12-26,Brinjal,650.0,,700.0,,800.0,2025,12,December,26,4,Friday,52,4,0,650.0,750.0,100.0,0
2025-12-29,Brinjal,500.0,,550.0,,700.0,2025,12,December,29,0,Monday,1,4,0,500.0,625.0,125.0,0
2025-12-30,Brinjal,450.0,,500.0,,700.0,2025,12,December,30,1,Tuesday,1,4,0,450.0,600.0,150.0,0
2025-12-31,Brinjal,400.0,,450.0,,600.0,2025,12,December,31,2,Wednesday,1,4,0,400.0,525.0,125.0,0
2026-01-01,Brinjal,450.0,,500.0,,600.0,2026,1,January,1,3,Thursday,1,1,0,450.0,550.0,100.0,0
2026-01-02,Brinjal,350.0,,400.0,,600.0,2026,1,January,2,4,Friday,1,1,0,350.0,500.0,150.0,0
2026-01-05,Brinjal,400.0,,450.0,,700.0,2026,1,January,5,0,Monday,2,1,0,400.0,575.0,175.0,0
2026-01-06,Brinjal,400.0,,450.0,,600.0,2026,1,January,6,1,Tuesday,2,1,0,400.0,525.0,125.0,0
2026-01-07,Brinjal,400.0,,450.0,,600.0,2026,1,January,7,2,Wednesday,2,1,0,400.0,525.0,125.0,0
2026-01-08,Brinjal,350.0,,400.0,,600.0,2026,1,January,8,3,Thursday,2,1,0,350.0,500.0,150.0,0
2026-01-09,Brinjal,350.0,,400.0,,600.0,2026,1,January,9,4,Friday,2,1,0,350.0,500.0,150.0,0
2026-01-12,Brinjal,300.0,,350.0,,600.0,2026,1,January,12,0,Monday,3,1,0,300.0,475.0,175.0,0
2026-01-13,Brinjal,350.0,,400.0,,600.0,2026,1,January,13,1,Tuesday,3,1,0,350.0,500.0,150.0,0
2026-01-14,Brinjal,350.0,,400.0,,480.0,2026,1,January,14,2,Wednesday,3,1,0,350.0,440.0,90.0,0
2026-01-16,Brinjal,300.0,,350.0,,480.0,2026,1,January,16,4,Friday,3,1,0,300.0,415.0,115.0,0
2026-01-19,Brinjal,200.0,,300.0,,480.0,2026,1,January,19,0,Monday,4,1,0,200.0,390.0,190.0,0
2026-01-20,Brinjal,150.0,,200.0,,400.0,2026,1,January,20,1,Tuesday,4,1,0,150.0,300.0,150.0,0
2026-01-21,Brinjal,150.0,,200.0,,400.0,2026,1,January,21,2,Wednesday,4,1,0,150.0,300.0,150.0,0
2026-01-22,Brinjal,150.0,,200.0,,360.0,2026,1,January,22,3,Thursday,4,1,0,150.0,280.0,130.0,0
2026-01-23,Brinjal,150.0,,200.0,,400.0,2026,1,January,23,4,Friday,4,1,0,150.0,300.0,150.0,0
2026-01-26,Brinjal,150.0,,200.0,,360.0,2026,1,January,26,0,Monday,5,1,0,150.0,280.0,130.0,0
2026-01-27,Brinjal,150.0,,200.0,,320.0,2026,1,January,27,1,Tuesday,5,1,0,150.0,260.0,110.0,0
2026-01-28,Brinjal,150.0,,200.0,,320.0,2026,1,January,28,2,Wednesday,5,1,0,150.0,260.0,110.0,0
2026-01-29,Brinjal,120.0,,170.0,,400.0,2026,1,January,29,3,Thursday,5,1,0,120.0,285.0,165.0,0
2026-01-30,Brinjal,150.0,,200.0,,400.0,2026,1,January,30,4,Friday,5,1,0,150.0,300.0,150.0,0
2026-02-02,Brinjal,150.0,,200.0,,400.0,2026,2,February,2,0,Monday,6,1,0,150.0,300.0,150.0,0
2026-02-03,Brinjal,150.0,,200.0,,360.0,2026,2,February,3,1,Tuesday,6,1,0,150.0,280.0,130.0,0
2026-02-05,Brinjal,150.0,,200.0,,360.0,2026,2,February,5,3,Thursday,6,1,0,150.0,280.0,130.0,0
2026-02-06,Brinjal,150.0,,200.0,,320.0,2026,2,February,6,4,Friday,6,1,0,150.0,260.0,110.0,0
2026-02-09,Brinjal,120.0,,170.0,,320.0,2026,2,February,9,0,Monday,7,1,0,120.0,245.0,125.0,0
2026-02-10,Brinjal,120.0,,170.0,,320.0,2026,2,February,10,1,Tuesday,7,1,0,120.0,245.0,125.0,0
2026-02-11,Brinjal,120.0,,170.0,,280.0,2026,2,February,11,2,Wednesday,7,1,0,120.0,225.0,105.0,0
2026-02-12,Brinjal,100.0,,150.0,,280.0,2026,2,February,12,3,Thursday,7,1,0,100.0,215.0,115.0,0
2026-02-13,Brinjal,100.0,,150.0,,320.0,2026,2,February,13,4,Friday,7,1,0,100.0,235.0,135.0,0
2026-02-16,Brinjal,120.0,,170.0,,280.0,2026,2,February,16,0,Monday,8,1,0,120.0,225.0,105.0,0
2026-02-17,Brinjal,100.0,,150.0,,320.0,2026,2,February,17,1,Tuesday,8,1,0,100.0,235.0,135.0,0
2026-02-18,Brinjal,100.0,,150.0,,320.0,2026,2,February,18,2,Wednesday,8,1,0,100.0,235.0,135.0,0
2026-02-19,Brinjal,100.0,,150.0,,340.0,2026,2,February,19,3,Thursday,8,1,0,100.0,245.0,145.0,0
2026-02-20,Brinjal,100.0,,150.0,,320.0,2026,2,February,20,4,Friday,8,1,0,100.0,235.0,135.0,0
2026-02-23,Brinjal,120.0,,170.0,,320.0,2026,2,February,23,0,Monday,9,1,0,120.0,245.0,125.0,0
2026-02-24,Brinjal,120.0,,170.0,,280.0,2026,2,February,24,1,Tuesday,9,1,0,120.0,225.0,105.0,0
2026-02-25,Brinjal,120.0,,170.0,,320.0,2026,2,February,25,2,Wednesday,9,1,0,120.0,245.0,125.0,0
2026-02-26,Brinjal,140.0,,180.0,,320.0,2026,2,February,26,3,Thursday,9,1,0,140.0,250.0,110.0,0
2026-02-27,Brinjal,150.0,,200.0,,320.0,2026,2,February,27,4,Friday,9,1,0,150.0,260.0,110.0,0
2026-03-03,Brinjal,200.0,,250.0,,320.0,2026,3,March,3,1,Tuesday,10,1,0,200.0,285.0,85.0,0
2026-03-04,Brinjal,250.0,,300.0,,320.0,2026,3,March,4,2,Wednesday,10,1,0,250.0,310.0,60.0,0
2026-03-05,Brinjal,250.0,,300.0,,400.0,2026,3,March,5,3,Thursday,10,1,0,250.0,350.0,100.0,0
2026-03-06,Brinjal,250.0,,300.0,,400.0,2026,3,March,6,4,Friday,10,1,0,250.0,350.0,100.0,0
2026-03-09,Brinjal,300.0,,350.0,,360.0,2026,3,March,9,0,Monday,11,1,0,300.0,355.0,55.0,0
2026-03-10,Brinjal,300.0,,350.0,,360.0,2026,3,March,10,1,Tuesday,11,1,0,300.0,355.0,55.0,0
2026-03-11,Brinjal,300.0,,350.0,,360.0,2026,3,March,11,2,Wednesday,11,1,0,300.0,355.0,55.0,0
2026-03-12,Brinjal,300.0,,350.0,,360.0,2026,3,March,12,3,Thursday,11,1,0,300.0,355.0,55.0,0
2026-03-13,Brinjal,250.0,,300.0,,400.0,2026,3,March,13,4,Friday,11,1,0,250.0,350.0,100.0,0
2026-03-16,Brinjal,250.0,,300.0,,400.0,2026,3,March,16,0,Monday,12,1,0,250.0,350.0,100.0,0
2026-03-17,Brinjal,300.0,,350.0,,400.0,2026,3,March,17,1,Tuesday,12,1,0,300.0,375.0,75.0,0
2026-03-18,Brinjal,250.0,,300.0,,400.0,2026,3,March,18,2,Wednesday,12,1,0,250.0,350.0,100.0,0
2026-03-19,Brinjal,250.0,,300.0,,480.0,2026,3,March,19,3,Thursday,12,1,0,250.0,390.0,140.0,0
2026-03-20,Brinjal,250.0,,300.0,,480.0,2026,3,March,20,4,Friday,12,1,0,250.0,390.0,140.0,0
2026-03-23,Brinjal,250.0,,300.0,,400.0,2026,3,March,23,0,Monday,13,1,0,250.0,350.0,100.0,0
2026-03-24,Brinjal,200.0,,300.0,,400.0,2026,3,March,24,1,Tuesday,13,1,0,200.0,400.0,200.0,0
2026-03-25,Brinjal,200.0,,250.0,,400.0,2026,3,March,25,2,Wednesday,13,1,0,200.0,325.0,125.0,0
2026-03-26,Brinjal,150.0,,200.0,,360.0,2026,3,March,26,3,Thursday,13,1,0,150.0,280.0,130.0,0
2026-03-27,Brinjal,120.0,,170.0,,320.0,2026,3,March,27,4,Friday,13,1,0,120.0,245.0,125.0,0
2026-03-30,Brinjal,100.0,,150.0,,320.0,2026,3,March,30,0,Monday,14,1,0,100.0,235.0,135.0,0
2026-03-31,Brinjal,120.0,,170.0,,320.0,2026,3,March,31,1,Tuesday,14,1,0,120.0,245.0,125.0,0
2026-04-02,Brinjal,100.0,,150.0,,320.0,2026,4,April,2,3,Thursday,14,2,0,100.0,235.0,135.0,0
2026-04-06,Brinjal,100.0,,100.0,,280.0,2026,4,April,6,0,Monday,15,2,0,100.0,190.0,90.0,0
2026-04-07,Brinjal,100.0,,100.0,,280.0,2026,4,April,7,1,Tuesday,15,2,0,100.0,190.0,90.0,0
2026-04-08,Brinjal,100.0,,100.0,,240.0,2026,4,April,8,2,Wednesday,15,2,0,100.0,170.0,90.0,0
2026-04-09,Brinjal,100.0,,100.0,,240.0,2026,4,April,9,3,Thursday,15,2,0,100.0,170.0,90.0,0
2026-04-10,Brinjal,150.0,,200.0,,240.0,2026,4,April,10,4,Friday,15,2,0,150.0,220.0,70.0,0
2026-04-16,Brinjal,150.0,,200.0,,240.0,2026,4,April,16,3,Thursday,16,2,0,150.0,220.0,70.0,0
2026-04-17,Brinjal,150.0,,200.0,,240.0,2026,4,April,17,4,Friday,16,2,0,150.0,220.0,70.0,0
2026-04-20,Brinjal,150.0,,200.0,,320.0,2026,4,April,20,0,Monday,17,2,0,150.0,260.0,110.0,0
2026-04-21,Brinjal,150.0,,200.0,,320.0,2026,4,April,21,1,Tuesday,17,2,0,150.0,260.0,110.0,0
2026-04-22,Brinjal,150.0,,200.0,,320.0,2026,4,April,22,2,Wednesday,17,2,0,150.0,260.0,110.0,0
2026-04-23,Brinjal,100.0,,150.0,,320.0,2026,4,April,23,3,Thursday,17,2,0,100.0,235.0,135.0,0
2026-04-24,Brinjal,150.0,,200.0,,360.0,2026,4,April,24,4,Friday,17,2,0,150.0,280.0,130.0,0
2026-04-27,Brinjal,250.0,,300.0,,400.0,2026,4,April,27,0,Monday,18,2,0,250.0,350.0,100.0,0
2026-04-28,Brinjal,250.0,,300.0,,400.0,2026,4,April,28,1,Tuesday,18,2,0,250.0,350.0,100.0,0
2026-04-29,Brinjal,280.0,,330.0,,400.0,2026,4,April,29,2,Wednesday,18,2,0,280.0,365.0,85.0,0
2026-04-30,Brinjal,300.0,,350.0,,480.0,2026,4,April,30,3,Thursday,18,2,0,300.0,415.0,115.0,0
2026-05-04,Brinjal,250.0,,300.0,,360.0,2026,5,May,4,0,Monday,19,2,0,250.0,330.0,80.0,0
2026-05-05,Brinjal,300.0,,350.0,,360.0,2026,5,May,5,1,Tuesday,19,2,0,300.0,355.0,55.0,0
2026-05-06,Brinjal,350.0,,400.0,,400.0,2026,5,May,6,2,Wednesday,19,2,0,350.0,400.0,50.0,0
2026-05-07,Brinjal,300.0,,350.0,,400.0,2026,5,May,7,3,Thursday,19,2,0,300.0,375.0,75.0,0
2026-05-08,Brinjal,300.0,,350.0,,600.0,2026,5,May,8,4,Friday,19,2,0,300.0,475.0,175.0,0
2026-05-11,Brinjal,350.0,,400.0,,480.0,2026,5,May,11,0,Monday,20,2,0,350.0,440.0,90.0,0
2023-01-02,Cabbage,110.0,,150.0,,240.0,2023,1,January,2,0,Monday,1,1,0,110.0,195.0,85.0,0
2023-01-03,Cabbage,110.0,,150.0,,220.0,2023,1,January,3,1,Tuesday,1,1,0,110.0,185.0,75.0,0
2023-01-04,Cabbage,110.0,,150.0,,240.0,2023,1,January,4,2,Wednesday,1,1,0,110.0,195.0,85.0,0
2023-01-05,Cabbage,110.0,,150.0,,240.0,2023,1,January,5,3,Thursday,1,1,0,110.0,195.0,85.0,0
2023-01-09,Cabbage,110.0,,120.0,,240.0,2023,1,January,9,0,Monday,2,1,0,110.0,180.0,70.0,0
2023-01-10,Cabbage,110.0,,120.0,,200.0,2023,1,January,10,1,Tuesday,2,1,0,110.0,160.0,70.0,0
2023-01-11,Cabbage,110.0,,100.0,,200.0,2023,1,January,11,2,Wednesday,2,1,0,110.0,150.0,70.0,0
2023-01-12,Cabbage,110.0,,100.0,,200.0,2023,1,January,12,3,Thursday,2,1,0,110.0,150.0,70.0,0
2023-01-13,Cabbage,110.0,,100.0,,200.0,2023,1,January,13,4,Friday,2,1,0,110.0,150.0,70.0,0
2023-01-17,Cabbage,110.0,,120.0,,240.0,2023,1,January,17,1,Tuesday,3,1,0,110.0,180.0,70.0,0
2023-01-18,Cabbage,110.0,,100.0,,260.0,2023,1,January,18,2,Wednesday,3,1,0,110.0,180.0,70.0,0
2023-01-19,Cabbage,110.0,,100.0,,200.0,2023,1,January,19,3,Thursday,3,1,0,110.0,150.0,70.0,0
2023-01-20,Cabbage,110.0,,100.0,,200.0,2023,1,January,20,4,Friday,3,1,0,110.0,150.0,70.0,0
2023-01-23,Cabbage,110.0,,100.0,,180.0,2023,1,January,23,0,Monday,4,1,0,110.0,140.0,70.0,0
2023-01-24,Cabbage,110.0,,100.0,,180.0,2023,1,January,24,1,Tuesday,4,1,0,110.0,140.0,70.0,0
2023-01-25,Cabbage,110.0,,100.0,,180.0,2023,1,January,25,2,Wednesday,4,1,0,110.0,140.0,70.0,0
2023-01-26,Cabbage,110.0,,100.0,,200.0,2023,1,January,26,3,Thursday,4,1,0,110.0,200.0,70.0,0
2023-01-27,Cabbage,110.0,,100.0,,200.0,2023,1,January,27,4,Friday,4,1,0,110.0,150.0,70.0,0
2023-01-30,Cabbage,110.0,,100.0,,180.0,2023,1,January,30,0,Monday,5,1,0,110.0,140.0,70.0,0
2023-01-31,Cabbage,110.0,,100.0,,160.0,2023,1,January,31,1,Tuesday,5,1,0,110.0,160.0,70.0,0
2023-02-01,Cabbage,110.0,,100.0,,160.0,2023,2,February,1,2,Wednesday,5,1,0,110.0,160.0,70.0,0
2023-02-01,Cabbage,110.0,,100.0,,160.0,2023,2,February,1,2,Wednesday,5,1,0,110.0,160.0,70.0,0
2023-02-02,Cabbage,110.0,,100.0,,160.0,2023,2,February,2,3,Thursday,5,1,0,110.0,160.0,70.0,0
2023-02-03,Cabbage,110.0,,100.0,,160.0,2023,2,February,3,4,Friday,5,1,0,110.0,160.0,70.0,0
2023-02-06,Cabbage,110.0,,100.0,,180.0,2023,2,February,6,0,Monday,6,1,0,110.0,180.0,70.0,0
2023-02-07,Cabbage,110.0,,100.0,,180.0,2023,2,February,7,1,Tuesday,6,1,0,110.0,180.0,70.0,0
2023-02-08,Cabbage,110.0,,100.0,,160.0,2023,2,February,8,2,Wednesday,6,1,0,110.0,160.0,70.0,0
2023-02-09,Cabbage,110.0,,100.0,,160.0,2023,2,February,9,3,Thursday,6,1,0,110.0,160.0,70.0,0
2023-02-10,Cabbage,110.0,,100.0,,140.0,2023,2,February,10,4,Friday,6,1,0,110.0,140.0,70.0,0
2023-02-13,Cabbage,110.0,,100.0,,160.0,2023,2,February,13,0,Monday,7,1,0,110.0,160.0,70.0,0
2023-02-14,Cabbage,110.0,,100.0,,180.0,2023,2,February,14,1,Tuesday,7,1,0,110.0,180.0,70.0,0
2023-02-15,Cabbage,110.0,,100.0,,120.0,2023,2,February,15,2,Wednesday,7,1,0,110.0,120.0,70.0,0
2023-02-16,Cabbage,110.0,,100.0,,120.0,2023,2,February,16,3,Thursday,7,1,0,110.0,120.0,70.0,0
2023-02-17,Cabbage,110.0,,100.0,,160.0,2023,2,February,17,4,Friday,7,1,0,110.0,160.0,70.0,0
2023-02-20,Cabbage,110.0,,100.0,,160.0,2023,2,February,20,0,Monday,8,1,0,110.0,160.0,70.0,0
2023-02-21,Cabbage,110.0,,100.0,,140.0,2023,2,February,21,1,Tuesday,8,1,0,110.0,140.0,70.0,0
2023-02-22,Cabbage,110.0,,100.0,,140.0,2023,2,February,22,2,Wednesday,8,1,0,110.0,140.0,70.0,0
2023-02-23,Cabbage,110.0,,100.0,,140.0,2023,2,February,23,3,Thursday,8,1,0,110.0,140.0,70.0,0
2023-02-24,Cabbage,110.0,,100.0,,140.0,2023,2,February,24,4,Friday,8,1,0,110.0,140.0,70.0,0
2023-02-27,Cabbage,110.0,,100.0,,160.0,2023,2,February,27,0,Monday,9,1,0,110.0,130.0,70.0,0
2023-02-28,Cabbage,110.0,,100.0,,120.0,2023,2,February,28,1,Tuesday,9,1,0,110.0,110.0,70.0,0
2023-03-01,Cabbage,110.0,,100.0,,120.0,2023,3,March,1,2,Wednesday,9,1,0,110.0,110.0,70.0,0
2023-03-02,Cabbage,110.0,,120.0,,160.0,2023,3,March,2,3,Thursday,9,1,0,110.0,140.0,70.0,0
2023-03-03,Cabbage,110.0,,120.0,,160.0,2023,3,March,3,4,Friday,9,1,0,110.0,140.0,70.0,0
2023-03-07,Cabbage,110.0,,120.0,,160.0,2023,3,March,7,1,Tuesday,10,1,0,110.0,140.0,70.0,0
2023-03-08,Cabbage,110.0,,120.0,,160.0,2023,3,March,8,2,Wednesday,10,1,0,110.0,140.0,70.0,0
2023-03-09,Cabbage,110.0,,100.0,,160.0,2023,3,March,9,3,Thursday,10,1,0,110.0,130.0,70.0,0
2023-03-10,Cabbage,110.0,,100.0,,160.0,2023,3,March,10,4,Friday,10,1,0,110.0,130.0,70.0,0
2023-03-13,Cabbage,110.0,,100.0,,160.0,2023,3,March,13,0,Monday,11,1,0,110.0,130.0,70.0,0
2023-03-14,Cabbage,110.0,,100.0,,160.0,2023,3,March,14,1,Tuesday,11,1,0,110.0,130.0,70.0,0
2023-03-15,Cabbage,110.0,,100.0,,160.0,2023,3,March,15,2,Wednesday,11,1,0,110.0,130.0,70.0,0
2023-03-16,Cabbage,110.0,,100.0,,160.0,2023,3,March,16,3,Thursday,11,1,0,110.0,130.0,70.0,0
2023-03-17,Cabbage,110.0,,100.0,,160.0,2023,3,March,17,4,Friday,11,1,0,110.0,130.0,70.0,0
2023-03-20,Cabbage,110.0,,100.0,,160.0,2023,3,March,20,0,Monday,12,1,0,110.0,130.0,70.0,0
2023-03-21,Cabbage,110.0,,100.0,,160.0,2023,3,March,21,1,Tuesday,12,1,0,110.0,130.0,70.0,0
2023-03-22,Cabbage,110.0,,100.0,,160.0,2023,3,March,22,2,Wednesday,12,1,0,110.0,130.0,70.0,0
2023-03-23,Cabbage,110.0,,100.0,,160.0,2023,3,March,23,3,Thursday,12,1,0,110.0,130.0,70.0,0
2023-03-24,Cabbage,110.0,,100.0,,160.0,2023,3,March,24,4,Friday,12,1,0,110.0,130.0,70.0,0
2023-03-27,Cabbage,110.0,,120.0,,160.0,2023,3,March,27,0,Monday,13,1,0,110.0,140.0,70.0,0
2023-03-28,Cabbage,110.0,,120.0,,160.0,2023,3,March,28,1,Tuesday,13,1,0,110.0,140.0,70.0,0
2023-03-29,Cabbage,110.0,,120.0,,160.0,2023,3,March,29,2,Wednesday,13,1,0,110.0,140.0,70.0,0
2023-03-30,Cabbage,110.0,,120.0,,180.0,2023,3,March,30,3,Thursday,13,1,0,110.0,150.0,70.0,0
2023-03-31,Cabbage,110.0,,100.0,,180.0,2023,3,March,31,4,Friday,13,1,0,110.0,140.0,70.0,0
2023-04-03,Cabbage,110.0,,120.0,,180.0,2023,4,April,3,0,Monday,14,2,0,110.0,150.0,70.0,0
2023-04-04,Cabbage,110.0,,120.0,,180.0,2023,4,April,4,1,Tuesday,14,2,0,110.0,150.0,70.0,0
2023-04-06,Cabbage,110.0,,120.0,,180.0,2023,4,April,6,3,Thursday,14,2,0,110.0,150.0,70.0,0
2023-04-10,Cabbage,100.0,,150.0,,200.0,2023,4,April,10,0,Monday,15,2,0,100.0,175.0,75.0,0
2023-04-11,Cabbage,100.0,,150.0,,180.0,2023,4,April,11,1,Tuesday,15,2,0,100.0,165.0,65.0,0
2023-04-12,Cabbage,120.0,,180.0,,180.0,2023,4,April,12,2,Wednesday,15,2,0,120.0,180.0,60.0,0
2023-04-17,Cabbage,160.0,,200.0,,180.0,2023,4,April,17,0,Monday,16,2,0,160.0,190.0,30.0,0
2023-04-18,Cabbage,160.0,,200.0,,280.0,2023,4,April,18,1,Tuesday,16,2,0,160.0,240.0,80.0,0
2023-04-19,Cabbage,160.0,,200.0,,260.0,2023,4,April,19,2,Wednesday,16,2,0,160.0,230.0,70.0,0
2023-04-20,Cabbage,180.0,,220.0,,200.0,2023,4,April,20,3,Thursday,16,2,0,180.0,210.0,30.0,0
2023-04-21,Cabbage,160.0,,200.0,,200.0,2023,4,April,21,4,Friday,16,2,0,160.0,200.0,40.0,0
2023-04-24,Cabbage,160.0,,200.0,,200.0,2023,4,April,24,0,Monday,17,2,0,160.0,200.0,40.0,0
2023-04-25,Cabbage,160.0,,200.0,,200.0,2023,4,April,25,1,Tuesday,17,2,0,160.0,200.0,40.0,0
2023-04-26,Cabbage,160.0,,200.0,,200.0,2023,4,April,26,2,Wednesday,17,2,0,160.0,200.0,40.0,0
2023-04-27,Cabbage,160.0,,200.0,,240.0,2023,4,April,27,3,Thursday,17,2,0,160.0,220.0,60.0,0
2023-04-28,Cabbage,160.0,,200.0,,200.0,2023,4,April,28,4,Friday,17,2,0,160.0,200.0,40.0,0
2023-05-02,Cabbage,140.0,,200.0,,240.0,2023,5,May,2,1,Tuesday,18,2,0,140.0,220.0,80.0,0
2023-05-03,Cabbage,140.0,,200.0,,240.0,2023,5,May,3,2,Wednesday,18,2,0,140.0,220.0,80.0,0
2023-05-04,Cabbage,150.0,,220.0,,240.0,2023,5,May,4,3,Thursday,18,2,0,150.0,230.0,80.0,0
2023-05-08,Cabbage,150.0,,200.0,,200.0,2023,5,May,8,0,Monday,19,2,0,150.0,200.0,50.0,0
2023-05-09,Cabbage,150.0,,200.0,,200.0,2023,5,May,9,1,Tuesday,19,2,0,150.0,200.0,50.0,0
2023-05-10,Cabbage,150.0,,200.0,,200.0,2023,5,May,10,2,Wednesday,19,2,0,150.0,200.0,50.0,0
2023-05-11,Cabbage,150.0,,200.0,,240.0,2023,5,May,11,3,Thursday,19,2,0,150.0,220.0,70.0,0
2023-05-12,Cabbage,150.0,,200.0,,240.0,2023,5,May,12,4,Friday,19,2,0,150.0,220.0,70.0,0
2023-05-15,Cabbage,180.0,,250.0,,280.0,2023,5,May,15,0,Monday,20,2,0,180.0,265.0,85.0,0
2023-05-16,Cabbage,180.0,,250.0,,280.0,2023,5,May,16,1,Tuesday,20,2,0,180.0,265.0,85.0,0
2023-05-17,Cabbage,160.0,,230.0,,320.0,2023,5,May,17,2,Wednesday,20,2,0,160.0,275.0,115.0,0
2023-05-18,Cabbage,160.0,,230.0,,320.0,2023,5,May,18,3,Thursday,20,2,0,160.0,275.0,115.0,0
2023-05-19,Cabbage,160.0,,230.0,,320.0,2023,5,May,19,4,Friday,20,2,0,160.0,275.0,115.0,0
2023-05-22,Cabbage,200.0,,260.0,,320.0,2023,5,May,22,0,Monday,21,2,0,200.0,290.0,90.0,0
2023-05-23,Cabbage,280.0,,330.0,,320.0,2023,5,May,23,1,Tuesday,21,2,0,280.0,325.0,45.0,0
2023-05-24,Cabbage,280.0,,330.0,,360.0,2023,5,May,24,2,Wednesday,21,2,0,280.0,345.0,65.0,0
2023-05-25,Cabbage,280.0,,330.0,,360.0,2023,5,May,25,3,Thursday,21,2,0,280.0,345.0,65.0,0
2023-05-26,Cabbage,300.0,,380.0,,360.0,2023,5,May,26,4,Friday,21,2,0,300.0,370.0,70.0,0
2023-05-29,Cabbage,300.0,,380.0,,480.0,2023,5,May,29,0,Monday,22,2,0,300.0,430.0,130.0,0
2023-05-30,Cabbage,320.0,,400.0,,480.0,2023,5,May,30,1,Tuesday,22,2,0,320.0,440.0,120.0,0
2023-05-31,Cabbage,320.0,,400.0,,440.0,2023,5,May,31,2,Wednesday,22,2,0,320.0,420.0,100.0,0
2023-06-01,Cabbage,320.0,,400.0,,440.0,2023,6,June,1,3,Thursday,22,2,0,320.0,420.0,100.0,0
2023-06-02,Cabbage,320.0,,400.0,,480.0,2023,6,June,2,4,Friday,22,2,0,320.0,440.0,120.0,0
2023-06-05,Cabbage,300.0,,350.0,,480.0,2023,6,June,5,0,Monday,23,2,0,300.0,415.0,115.0,0
2023-06-06,Cabbage,300.0,,350.0,,480.0,2023,6,June,6,1,Tuesday,23,2,0,300.0,415.0,115.0,0
2023-06-07,Cabbage,300.0,,350.0,,480.0,2023,6,June,7,2,Wednesday,23,2,0,300.0,415.0,115.0,0
2023-06-08,Cabbage,300.0,,350.0,,440.0,2023,6,June,8,3,Thursday,23,2,0,300.0,395.0,95.0,0
2023-06-09,Cabbage,250.0,,300.0,,480.0,2023,6,June,9,4,Friday,23,2,0,250.0,390.0,140.0,0
2023-06-12,Cabbage,220.0,,260.0,,360.0,2023,6,June,12,0,Monday,24,2,0,220.0,310.0,90.0,0
2023-06-13,Cabbage,200.0,,250.0,,360.0,2023,6,June,13,1,Tuesday,24,2,0,200.0,305.0,105.0,0
2023-06-14,Cabbage,200.0,,250.0,,480.0,2023,6,June,14,2,Wednesday,24,2,0,200.0,365.0,165.0,0
2023-06-15,Cabbage,200.0,,250.0,,360.0,2023,6,June,15,3,Thursday,24,2,0,200.0,305.0,105.0,0
2023-06-16,Cabbage,200.0,,250.0,,360.0,2023,6,June,16,4,Friday,24,2,0,200.0,305.0,105.0,0
2023-06-19,Cabbage,180.0,,230.0,,360.0,2023,6,June,19,0,Monday,25,2,0,180.0,295.0,115.0,0
2023-06-20,Cabbage,180.0,,230.0,,320.0,2023,6,June,20,1,Tuesday,25,2,0,180.0,275.0,95.0,0
2023-06-21,Cabbage,160.0,,220.0,,320.0,2023,6,June,21,2,Wednesday,25,2,0,160.0,270.0,110.0,0
2023-06-22,Cabbage,160.0,,220.0,,320.0,2023,6,June,22,3,Thursday,25,2,0,160.0,270.0,110.0,0
2023-06-23,Cabbage,160.0,,220.0,,320.0,2023,6,June,23,4,Friday,25,2,0,160.0,270.0,110.0,0
2023-06-26,Cabbage,180.0,,230.0,,320.0,2023,6,June,26,0,Monday,26,2,0,180.0,275.0,95.0,0
2023-06-27,Cabbage,180.0,,230.0,,320.0,2023,6,June,27,1,Tuesday,26,2,0,180.0,275.0,95.0,0
2023-06-28,Cabbage,180.0,,230.0,,300.0,2023,6,June,28,2,Wednesday,26,2,0,180.0,265.0,85.0,0
2023-07-04,Cabbage,200.0,,250.0,,320.0,2023,7,July,4,1,Tuesday,27,3,0,200.0,285.0,85.0,0
2023-07-05,Cabbage,160.0,,220.0,,280.0,2023,7,July,5,2,Wednesday,27,3,0,160.0,250.0,90.0,0
2023-07-06,Cabbage,180.0,,250.0,,280.0,2023,7,July,6,3,Thursday,27,3,0,180.0,265.0,85.0,0
2023-07-07,Cabbage,180.0,,250.0,,360.0,2023,7,July,7,4,Friday,27,3,0,180.0,305.0,125.0,0
2023-07-10,Cabbage,160.0,,220.0,,320.0,2023,7,July,10,0,Monday,28,3,0,160.0,270.0,110.0,0
2023-07-11,Cabbage,150.0,,200.0,,320.0,2023,7,July,11,1,Tuesday,28,3,0,150.0,260.0,110.0,0
2023-07-12,Cabbage,150.0,,200.0,,320.0,2023,7,July,12,2,Wednesday,28,3,0,150.0,260.0,110.0,0
2023-07-13,Cabbage,150.0,,200.0,,320.0,2023,7,July,13,3,Thursday,28,3,0,150.0,260.0,110.0,0
2023-07-14,Cabbage,130.0,,180.0,,320.0,2023,7,July,14,4,Friday,28,3,0,130.0,250.0,120.0,0
2023-07-17,Cabbage,130.0,,180.0,,320.0,2023,7,July,17,0,Monday,29,3,0,130.0,250.0,120.0,0
2023-07-18,Cabbage,130.0,,180.0,,280.0,2023,7,July,18,1,Tuesday,29,3,0,130.0,230.0,100.0,0
2023-07-19,Cabbage,130.0,,180.0,,300.0,2023,7,July,19,2,Wednesday,29,3,0,130.0,240.0,110.0,0
2023-07-20,Cabbage,130.0,,180.0,,280.0,2023,7,July,20,3,Thursday,29,3,0,130.0,230.0,100.0,0
2023-07-21,Cabbage,130.0,,180.0,,280.0,2023,7,July,21,4,Friday,29,3,0,130.0,230.0,100.0,0
2023-07-24,Cabbage,140.0,,200.0,,280.0,2023,7,July,24,0,Monday,30,3,0,140.0,240.0,100.0,0
2023-07-25,Cabbage,140.0,,200.0,,360.0,2023,7,July,25,1,Tuesday,30,3,0,140.0,280.0,140.0,0
2023-07-26,Cabbage,140.0,,200.0,,320.0,2023,7,July,26,2,Wednesday,30,3,0,140.0,260.0,120.0,0
2023-07-27,Cabbage,140.0,,200.0,,280.0,2023,7,July,27,3,Thursday,30,3,0,140.0,240.0,100.0,0
2023-07-28,Cabbage,140.0,,200.0,,320.0,2023,7,July,28,4,Friday,30,3,0,140.0,260.0,120.0,0
2023-07-31,Cabbage,140.0,,200.0,,280.0,2023,7,July,31,0,Monday,31,3,0,140.0,240.0,100.0,0
2023-08-02,Cabbage,140.0,,200.0,,280.0,2023,8,August,2,2,Wednesday,31,3,0,140.0,240.0,100.0,0
2023-08-03,Cabbage,160.0,,220.0,,280.0,2023,8,August,3,3,Thursday,31,3,0,160.0,250.0,90.0,0
2023-08-04,Cabbage,160.0,,220.0,,280.0,2023,8,August,4,4,Friday,31,3,0,160.0,250.0,90.0,0
2023-08-07,Cabbage,160.0,,220.0,,280.0,2023,8,August,7,0,Monday,32,3,0,160.0,250.0,90.0,0
2023-08-08,Cabbage,150.0,,200.0,,320.0,2023,8,August,8,1,Tuesday,32,3,0,150.0,260.0,110.0,0
2023-08-09,Cabbage,150.0,,200.0,,320.0,2023,8,August,9,2,Wednesday,32,3,0,150.0,260.0,110.0,0
2023-08-10,Cabbage,150.0,,200.0,,320.0,2023,8,August,10,3,Thursday,32,3,0,150.0,260.0,110.0,0
2023-08-11,Cabbage,150.0,,200.0,,280.0,2023,8,August,11,4,Friday,32,3,0,150.0,240.0,90.0,0
2023-08-14,Cabbage,150.0,,200.0,,280.0,2023,8,August,14,0,Monday,33,3,0,150.0,240.0,90.0,0
2023-08-15,Cabbage,150.0,,200.0,,300.0,2023,8,August,15,1,Tuesday,33,3,0,150.0,250.0,100.0,0
2023-08-16,Cabbage,150.0,,200.0,,380.0,2023,8,August,16,2,Wednesday,33,3,0,150.0,290.0,140.0,0
2023-08-17,Cabbage,150.0,,200.0,,280.0,2023,8,August,17,3,Thursday,33,3,0,150.0,240.0,90.0,0
2023-08-18,Cabbage,150.0,,200.0,,280.0,2023,8,August,18,4,Friday,33,3,0,150.0,240.0,90.0,0
2023-08-21,Cabbage,150.0,,200.0,,240.0,2023,8,August,21,0,Monday,34,3,0,150.0,220.0,70.0,0
2023-08-22,Cabbage,150.0,,200.0,,240.0,2023,8,August,22,1,Tuesday,34,3,0,150.0,220.0,70.0,0
2023-08-23,Cabbage,150.0,,200.0,,240.0,2023,8,August,23,2,Wednesday,34,3,0,150.0,220.0,70.0,0
2023-08-25,Cabbage,140.0,,200.0,,240.0,2023,8,August,25,4,Friday,34,3,0,140.0,220.0,80.0,0
2023-08-28,Cabbage,140.0,,200.0,,240.0,2023,8,August,28,0,Monday,35,3,0,140.0,220.0,80.0,0
2023-08-29,Cabbage,140.0,,200.0,,80.0,2023,8,August,29,1,Tuesday,35,3,0,140.0,80.0,80.0,0
2023-08-31,Cabbage,140.0,,180.0,,240.0,2023,8,August,31,3,Thursday,35,3,0,140.0,210.0,70.0,0
2023-09-01,Cabbage,120.0,,160.0,,240.0,2023,9,September,1,4,Friday,35,3,0,120.0,200.0,80.0,0
2023-09-04,Cabbage,120.0,,160.0,,280.0,2023,9,September,4,0,Monday,36,3,0,120.0,220.0,100.0,0
2023-09-05,Cabbage,100.0,,150.0,,280.0,2023,9,September,5,1,Tuesday,36,3,0,100.0,215.0,115.0,0
2023-09-06,Cabbage,100.0,,150.0,,200.0,2023,9,September,6,2,Wednesday,36,3,0,100.0,175.0,75.0,0
2023-09-07,Cabbage,100.0,,120.0,,200.0,2023,9,September,7,3,Thursday,36,3,0,100.0,160.0,60.0,0
2023-09-08,Cabbage,100.0,,120.0,,200.0,2023,9,September,8,4,Friday,36,3,0,100.0,160.0,60.0,0
2023-09-11,Cabbage,100.0,,120.0,,240.0,2023,9,September,11,0,Monday,37,3,0,100.0,180.0,60.0,0
2023-09-12,Cabbage,100.0,,120.0,,200.0,2023,9,September,12,1,Tuesday,37,3,0,100.0,160.0,60.0,0
2023-09-13,Cabbage,100.0,,120.0,,200.0,2023,9,September,13,2,Wednesday,37,3,0,100.0,160.0,60.0,0
2023-09-14,Cabbage,100.0,,120.0,,200.0,2023,9,September,14,3,Thursday,37,3,0,100.0,160.0,60.0,0
2023-09-15,Cabbage,100.0,,100.0,,200.0,2023,9,September,15,4,Friday,37,3,0,100.0,150.0,60.0,0
2023-09-18,Cabbage,100.0,,100.0,,240.0,2023,9,September,18,0,Monday,38,3,0,100.0,170.0,60.0,0
2023-09-19,Cabbage,100.0,,100.0,,200.0,2023,9,September,19,1,Tuesday,38,3,0,100.0,150.0,60.0,0
2023-09-20,Cabbage,100.0,,100.0,,240.0,2023,9,September,20,2,Wednesday,38,3,0,100.0,170.0,60.0,0
2023-09-21,Cabbage,100.0,,100.0,,240.0,2023,9,September,21,3,Thursday,38,3,0,100.0,170.0,60.0,0
2023-09-22,Cabbage,100.0,,100.0,,200.0,2023,9,September,22,4,Friday,38,3,0,100.0,150.0,60.0,0
2023-09-25,Cabbage,100.0,,100.0,,200.0,2023,9,September,25,0,Monday,39,3,0,100.0,150.0,60.0,0
2023-09-26,Cabbage,100.0,,100.0,,160.0,2023,9,September,26,1,Tuesday,39,3,0,100.0,130.0,60.0,0
2023-09-27,Cabbage,100.0,,120.0,,240.0,2023,9,September,27,2,Wednesday,39,3,0,100.0,180.0,60.0,0
2023-10-02,Cabbage,100.0,,120.0,,200.0,2023,10,October,2,0,Monday,40,4,0,100.0,160.0,60.0,0
2023-10-03,Cabbage,100.0,,120.0,,200.0,2023,10,October,3,1,Tuesday,40,4,0,100.0,160.0,60.0,0
2023-10-04,Cabbage,100.0,,120.0,,200.0,2023,10,October,4,2,Wednesday,40,4,0,100.0,160.0,60.0,0
2023-10-05,Cabbage,100.0,,120.0,,240.0,2023,10,October,5,3,Thursday,40,4,0,100.0,180.0,60.0,0
2023-10-06,Cabbage,100.0,,140.0,,240.0,2023,10,October,6,4,Friday,40,4,0,100.0,190.0,60.0,0
2023-10-09,Cabbage,100.0,,100.0,,200.0,2023,10,October,9,0,Monday,41,4,0,100.0,150.0,60.0,0
2023-10-10,Cabbage,100.0,,100.0,,200.0,2023,10,October,10,1,Tuesday,41,4,0,100.0,150.0,60.0,0
2023-10-11,Cabbage,100.0,,100.0,,200.0,2023,10,October,11,2,Wednesday,41,4,0,100.0,150.0,60.0,0
2023-10-12,Cabbage,100.0,,120.0,,240.0,2023,10,October,12,3,Thursday,41,4,0,100.0,180.0,60.0,0
2023-10-13,Cabbage,100.0,,130.0,,240.0,2023,10,October,13,4,Friday,41,4,0,100.0,185.0,60.0,0
2023-10-16,Cabbage,100.0,,150.0,,240.0,2023,10,October,16,0,Monday,42,4,0,100.0,195.0,60.0,0
2023-10-17,Cabbage,100.0,,150.0,,200.0,2023,10,October,17,1,Tuesday,42,4,0,100.0,175.0,60.0,0
2023-10-18,Cabbage,100.0,,130.0,,200.0,2023,10,October,18,2,Wednesday,42,4,0,100.0,165.0,60.0,0
2023-10-19,Cabbage,100.0,,130.0,,240.0,2023,10,October,19,3,Thursday,42,4,0,100.0,185.0,60.0,0
2023-10-20,Cabbage,100.0,,130.0,,240.0,2023,10,October,20,4,Friday,42,4,0,100.0,185.0,60.0,0
2023-10-23,Cabbage,100.0,,150.0,,200.0,2023,10,October,23,0,Monday,43,4,0,100.0,175.0,75.0,0
2023-10-24,Cabbage,100.0,,150.0,,240.0,2023,10,October,24,1,Tuesday,43,4,0,100.0,195.0,95.0,0
2023-10-25,Cabbage,100.0,,150.0,,280.0,2023,10,October,25,2,Wednesday,43,4,0,100.0,215.0,115.0,0
2023-10-26,Cabbage,100.0,,150.0,,280.0,2023,10,October,26,3,Thursday,43,4,0,100.0,215.0,115.0,0
2023-10-27,Cabbage,100.0,,150.0,,280.0,2023,10,October,27,4,Friday,43,4,0,100.0,215.0,115.0,0
2023-10-30,Cabbage,250.0,,300.0,,280.0,2023,10,October,30,0,Monday,44,4,0,250.0,290.0,40.0,0
2023-10-31,Cabbage,230.0,,280.0,,360.0,2023,10,October,31,1,Tuesday,44,4,0,230.0,320.0,90.0,0
2023-11-01,Cabbage,200.0,,250.0,,360.0,2023,11,November,1,2,Wednesday,44,4,0,200.0,305.0,105.0,0
2023-11-02,Cabbage,220.0,,270.0,,380.0,2023,11,November,2,3,Thursday,44,4,0,220.0,325.0,105.0,0
2023-11-03,Cabbage,200.0,,250.0,,400.0,2023,11,November,3,4,Friday,44,4,0,200.0,325.0,125.0,0
2023-11-06,Cabbage,200.0,,250.0,,400.0,2023,11,November,6,0,Monday,45,4,0,200.0,325.0,125.0,0
2023-11-07,Cabbage,200.0,,250.0,,360.0,2023,11,November,7,1,Tuesday,45,4,0,200.0,305.0,105.0,0
2023-11-08,Cabbage,200.0,,250.0,,360.0,2023,11,November,8,2,Wednesday,45,4,0,200.0,305.0,105.0,0
2023-11-09,Cabbage,180.0,,230.0,,300.0,2023,11,November,9,3,Thursday,45,4,0,180.0,265.0,85.0,0
2023-11-10,Cabbage,180.0,,230.0,,300.0,2023,11,November,10,4,Friday,45,4,0,180.0,265.0,85.0,0
2023-11-13,Cabbage,220.0,,280.0,,400.0,2023,11,November,13,0,Monday,46,4,0,220.0,340.0,120.0,0
2023-11-14,Cabbage,220.0,,280.0,,400.0,2023,11,November,14,1,Tuesday,46,4,0,220.0,340.0,120.0,0
2023-11-15,Cabbage,240.0,,300.0,,400.0,2023,11,November,15,2,Wednesday,46,4,0,240.0,350.0,110.0,0
2023-11-16,Cabbage,240.0,,300.0,,360.0,2023,11,November,16,3,Thursday,46,4,0,240.0,330.0,90.0,0
2023-11-17,Cabbage,240.0,,300.0,,400.0,2023,11,November,17,4,Friday,46,4,0,240.0,350.0,110.0,0
2023-11-20,Cabbage,200.0,,280.0,,360.0,2023,11,November,20,0,Monday,47,4,0,200.0,320.0,120.0,0
2023-11-21,Cabbage,200.0,,280.0,,360.0,2023,11,November,21,1,Tuesday,47,4,0,200.0,320.0,120.0,0
2023-11-22,Cabbage,250.0,,320.0,,360.0,2023,11,November,22,2,Wednesday,47,4,0,250.0,340.0,90.0,0
2023-11-23,Cabbage,280.0,,350.0,,360.0,2023,11,November,23,3,Thursday,47,4,0,280.0,355.0,75.0,0
2023-11-24,Cabbage,280.0,,350.0,,400.0,2023,11,November,24,4,Friday,47,4,0,280.0,375.0,95.0,0
2023-11-27,Cabbage,330.0,,400.0,,480.0,2023,11,November,27,0,Monday,48,4,0,330.0,440.0,110.0,0
2023-11-28,Cabbage,320.0,,380.0,,480.0,2023,11,November,28,1,Tuesday,48,4,0,320.0,430.0,110.0,0
2023-11-29,Cabbage,320.0,,380.0,,480.0,2023,11,November,29,2,Wednesday,48,4,0,320.0,430.0,110.0,0
2023-11-30,Cabbage,280.0,,350.0,,480.0,2023,11,November,30,3,Thursday,48,4,0,280.0,415.0,135.0,0
2023-12-01,Cabbage,250.0,,300.0,,500.0,2023,12,December,1,4,Friday,48,4,0,250.0,400.0,150.0,0
2023-12-04,Cabbage,350.0,,400.0,,520.0,2023,12,December,4,0,Monday,49,4,0,350.0,460.0,110.0,0
2023-12-05,Cabbage,400.0,,450.0,,520.0,2023,12,December,5,1,Tuesday,49,4,0,400.0,485.0,85.0,0
2023-12-06,Cabbage,400.0,,450.0,,480.0,2023,12,December,6,2,Wednesday,49,4,0,400.0,465.0,65.0,0
2023-12-07,Cabbage,400.0,,450.0,,560.0,2023,12,December,7,3,Thursday,49,4,0,400.0,505.0,105.0,0
2023-12-08,Cabbage,400.0,,450.0,,520.0,2023,12,December,8,4,Friday,49,4,0,400.0,485.0,85.0,0
2023-12-11,Cabbage,370.0,,420.0,,500.0,2023,12,December,11,0,Monday,50,4,0,370.0,460.0,90.0,0
2023-12-12,Cabbage,370.0,,420.0,,500.0,2023,12,December,12,1,Tuesday,50,4,0,370.0,460.0,90.0,0
2023-12-13,Cabbage,370.0,,420.0,,600.0,2023,12,December,13,2,Wednesday,50,4,0,370.0,510.0,140.0,0
2023-12-14,Cabbage,350.0,,400.0,,500.0,2023,12,December,14,3,Thursday,50,4,0,350.0,450.0,100.0,0
2023-12-15,Cabbage,350.0,,400.0,,500.0,2023,12,December,15,4,Friday,50,4,0,350.0,450.0,100.0,0
2023-12-18,Cabbage,320.0,,370.0,,600.0,2023,12,December,18,0,Monday,51,4,0,320.0,485.0,165.0,0
2023-12-19,Cabbage,320.0,,370.0,,580.0,2023,12,December,19,1,Tuesday,51,4,0,320.0,475.0,155.0,0
2023-12-20,Cabbage,350.0,,400.0,,600.0,2023,12,December,20,2,Wednesday,51,4,0,350.0,500.0,150.0,0
2023-12-21,Cabbage,350.0,,400.0,,600.0,2023,12,December,21,3,Thursday,51,4,0,350.0,500.0,150.0,0
2023-12-22,Cabbage,350.0,,400.0,,600.0,2023,12,December,22,4,Friday,51,4,0,350.0,500.0,150.0,0
2023-12-27,Cabbage,450.0,,500.0,,600.0,2023,12,December,27,2,Wednesday,52,4,0,450.0,550.0,100.0,0
2023-12-28,Cabbage,450.0,,500.0,,600.0,2023,12,December,28,3,Thursday,52,4,0,450.0,550.0,100.0,0
2023-12-29,Cabbage,450.0,,500.0,,600.0,2023,12,December,29,4,Friday,52,4,0,450.0,550.0,100.0,0
2024-02-01,Cabbage,550.0,,600.0,,700.0,2024,2,February,1,3,Thursday,5,1,0,550.0,650.0,100.0,0
2024-02-02,Cabbage,500.0,,550.0,,700.0,2024,2,February,2,4,Friday,5,1,0,500.0,625.0,125.0,0
2024-02-05,Cabbage,400.0,,450.0,,600.0,2024,2,February,5,0,Monday,6,1,0,400.0,525.0,125.0,0
2024-02-06,Cabbage,400.0,,450.0,,600.0,2024,2,February,6,1,Tuesday,6,1,0,400.0,525.0,125.0,0
2024-02-07,Cabbage,380.0,,430.0,,600.0,2024,2,February,7,2,Wednesday,6,1,0,380.0,515.0,135.0,0
2024-02-08,Cabbage,380.0,,430.0,,600.0,2024,2,February,8,3,Thursday,6,1,0,380.0,515.0,135.0,0
2024-02-09,Cabbage,400.0,,450.0,,600.0,2024,2,February,9,4,Friday,6,1,0,400.0,525.0,125.0,0
2024-02-12,Cabbage,400.0,,450.0,,600.0,2024,2,February,12,0,Monday,7,1,0,400.0,525.0,125.0,0
2024-02-13,Cabbage,400.0,,450.0,,600.0,2024,2,February,13,1,Tuesday,7,1,0,400.0,525.0,125.0,0
2024-02-14,Cabbage,400.0,,450.0,,600.0,2024,2,February,14,2,Wednesday,7,1,0,400.0,525.0,125.0,0
2024-02-15,Cabbage,400.0,,450.0,,600.0,2024,2,February,15,3,Thursday,7,1,0,400.0,525.0,125.0,0
2024-02-16,Cabbage,400.0,,450.0,,600.0,2024,2,February,16,4,Friday,7,1,0,400.0,525.0,125.0,0
2024-02-19,Cabbage,400.0,,450.0,,600.0,2024,2,February,19,0,Monday,8,1,0,400.0,525.0,125.0,0
2024-02-20,Cabbage,400.0,,450.0,,600.0,2024,2,February,20,1,Tuesday,8,1,0,400.0,525.0,125.0,0
2024-02-21,Cabbage,400.0,,450.0,,600.0,2024,2,February,21,2,Wednesday,8,1,0,400.0,525.0,125.0,0
2024-02-22,Cabbage,400.0,,450.0,,580.0,2024,2,February,22,3,Thursday,8,1,0,400.0,515.0,115.0,0
2024-02-26,Cabbage,350.0,,400.0,,600.0,2024,2,February,26,0,Monday,9,1,0,350.0,500.0,150.0,0
2024-02-27,Cabbage,350.0,,400.0,,500.0,2024,2,February,27,1,Tuesday,9,1,0,350.0,450.0,100.0,0
2024-02-28,Cabbage,330.0,,380.0,,600.0,2024,2,February,28,2,Wednesday,9,1,0,330.0,490.0,160.0,0
2024-02-29,Cabbage,400.0,,450.0,,600.0,2024,2,February,29,3,Thursday,9,1,0,400.0,525.0,125.0,0
2024-03-01,Cabbage,350.0,,400.0,,600.0,2024,3,March,1,4,Friday,9,1,0,350.0,500.0,150.0,0
2024-03-04,Cabbage,300.0,,350.0,,600.0,2024,3,March,4,0,Monday,10,1,0,300.0,475.0,175.0,0
2024-03-05,Cabbage,300.0,,350.0,,600.0,2024,3,March,5,1,Tuesday,10,1,0,300.0,475.0,175.0,0
2024-03-06,Cabbage,300.0,,350.0,,600.0,2024,3,March,6,2,Wednesday,10,1,0,300.0,475.0,175.0,0
2024-03-07,Cabbage,350.0,,400.0,,500.0,2024,3,March,7,3,Thursday,10,1,0,350.0,450.0,100.0,0
2024-03-11,Cabbage,420.0,,480.0,,600.0,2024,3,March,11,0,Monday,11,1,0,420.0,540.0,120.0,0
2024-03-12,Cabbage,430.0,,500.0,,600.0,2024,3,March,12,1,Tuesday,11,1,0,430.0,550.0,120.0,0
2024-03-13,Cabbage,450.0,,530.0,,600.0,2024,3,March,13,2,Wednesday,11,1,0,450.0,565.0,115.0,0
2024-03-14,Cabbage,450.0,,530.0,,600.0,2024,3,March,14,3,Thursday,11,1,0,450.0,565.0,115.0,0
2024-03-15,Cabbage,450.0,,530.0,,600.0,2024,3,March,15,4,Friday,11,1,0,450.0,565.0,115.0,0
2024-03-18,Cabbage,450.0,,530.0,,600.0,2024,3,March,18,0,Monday,12,1,0,450.0,565.0,115.0,0
2024-03-19,Cabbage,330.0,,380.0,,600.0,2024,3,March,19,1,Tuesday,12,1,0,330.0,490.0,160.0,0
2024-03-20,Cabbage,300.0,,350.0,,480.0,2024,3,March,20,2,Wednesday,12,1,0,300.0,415.0,115.0,0
2024-03-21,Cabbage,300.0,,350.0,,600.0,2024,3,March,21,3,Thursday,12,1,0,300.0,475.0,175.0,0
2024-03-22,Cabbage,200.0,,250.0,,500.0,2024,3,March,22,4,Friday,12,1,0,200.0,375.0,175.0,0
2024-03-25,Cabbage,250.0,,300.0,,520.0,2024,3,March,25,0,Monday,13,1,0,250.0,410.0,160.0,0
2024-03-26,Cabbage,250.0,,300.0,,460.0,2024,3,March,26,1,Tuesday,13,1,0,250.0,380.0,130.0,0
2024-03-27,Cabbage,200.0,,250.0,,400.0,2024,3,March,27,2,Wednesday,13,1,0,200.0,325.0,125.0,0
2024-03-28,Cabbage,200.0,,250.0,,400.0,2024,3,March,28,3,Thursday,13,1,0,200.0,325.0,125.0,0
2024-04-01,Cabbage,150.0,,200.0,,400.0,2024,4,April,1,0,Monday,14,2,0,150.0,300.0,150.0,0
2024-04-02,Cabbage,150.0,,200.0,,400.0,2024,4,April,2,1,Tuesday,14,2,0,150.0,300.0,150.0,0
2024-04-03,Cabbage,140.0,,200.0,,400.0,2024,4,April,3,2,Wednesday,14,2,0,140.0,300.0,160.0,0
2024-04-04,Cabbage,160.0,,220.0,,400.0,2024,4,April,4,3,Thursday,14,2,0,160.0,310.0,150.0,0
2024-04-05,Cabbage,160.0,,220.0,,360.0,2024,4,April,5,4,Friday,14,2,0,160.0,290.0,130.0,0
2024-04-08,Cabbage,130.0,,200.0,,360.0,2024,4,April,8,0,Monday,15,2,0,130.0,280.0,150.0,0
2024-04-09,Cabbage,130.0,,200.0,,360.0,2024,4,April,9,1,Tuesday,15,2,0,130.0,280.0,150.0,0
2024-04-10,Cabbage,120.0,,200.0,,320.0,2024,4,April,10,2,Wednesday,15,2,0,120.0,260.0,140.0,0
2024-04-15,Cabbage,250.0,,280.0,,320.0,2024,4,April,15,0,Monday,16,2,0,250.0,300.0,50.0,0
2024-04-16,Cabbage,180.0,,230.0,,320.0,2024,4,April,16,1,Tuesday,16,2,0,180.0,230.0,50.0,0
2024-04-17,Cabbage,160.0,,200.0,,380.0,2024,4,April,17,2,Wednesday,16,2,0,160.0,290.0,130.0,0
2024-04-18,Cabbage,160.0,,200.0,,380.0,2024,4,April,18,3,Thursday,16,2,0,160.0,290.0,130.0,0
2024-04-19,Cabbage,160.0,,200.0,,380.0,2024,4,April,19,4,Friday,16,2,0,160.0,290.0,130.0,0
2024-04-22,Cabbage,100.0,,150.0,,320.0,2024,4,April,22,0,Monday,17,2,0,100.0,235.0,135.0,0
2024-04-24,Cabbage,130.0,,180.0,,360.0,2024,4,April,24,2,Wednesday,17,2,0,130.0,270.0,140.0,0
2024-04-25,Cabbage,130.0,,180.0,,360.0,2024,4,April,25,3,Thursday,17,2,0,130.0,270.0,140.0,0
2024-04-26,Cabbage,100.0,,150.0,,320.0,2024,4,April,26,4,Friday,17,2,0,100.0,235.0,135.0,0
2024-04-29,Cabbage,100.0,,150.0,,280.0,2024,4,April,29,0,Monday,18,2,0,100.0,215.0,115.0,0
2024-04-30,Cabbage,100.0,,120.0,,280.0,2024,4,April,30,1,Tuesday,18,2,0,100.0,200.0,100.0,0
2024-05-02,Cabbage,100.0,,120.0,,280.0,2024,5,May,2,3,Thursday,18,2,0,100.0,200.0,100.0,0
2024-05-03,Cabbage,100.0,,120.0,,240.0,2024,5,May,3,4,Friday,18,2,0,100.0,180.0,100.0,0
2024-05-06,Cabbage,100.0,,150.0,,280.0,2024,5,May,6,0,Monday,19,2,0,100.0,215.0,115.0,0
2024-05-07,Cabbage,100.0,,150.0,,240.0,2024,5,May,7,1,Tuesday,19,2,0,100.0,195.0,95.0,0
2024-05-08,Cabbage,120.0,,180.0,,240.0,2024,5,May,8,2,Wednesday,19,2,0,120.0,210.0,90.0,0
2024-05-09,Cabbage,100.0,,150.0,,280.0,2024,5,May,9,3,Thursday,19,2,0,100.0,215.0,115.0,0
2024-05-10,Cabbage,100.0,,150.0,,240.0,2024,5,May,10,4,Friday,19,2,0,100.0,195.0,95.0,0
2024-05-13,Cabbage,100.0,,150.0,,240.0,2024,5,May,13,0,Monday,20,2,0,100.0,195.0,95.0,0
2024-05-14,Cabbage,100.0,,100.0,,240.0,2024,5,May,14,1,Tuesday,20,2,0,100.0,170.0,70.0,0
2024-05-15,Cabbage,100.0,,100.0,,240.0,2024,5,May,15,2,Wednesday,20,2,0,100.0,170.0,70.0,0
2024-05-16,Cabbage,100.0,,100.0,,240.0,2024,5,May,16,3,Thursday,20,2,0,100.0,170.0,70.0,0
2024-05-17,Cabbage,100.0,,130.0,,240.0,2024,5,May,17,4,Friday,20,2,0,100.0,185.0,70.0,0
2024-05-20,Cabbage,100.0,,100.0,,240.0,2024,5,May,20,0,Monday,21,2,0,100.0,170.0,70.0,0
2024-05-21,Cabbage,100.0,,100.0,,240.0,2024,5,May,21,1,Tuesday,21,2,0,100.0,170.0,70.0,0
2024-05-22,Cabbage,100.0,,120.0,,280.0,2024,5,May,22,2,Wednesday,21,2,0,100.0,200.0,70.0,0
2024-05-22,Cabbage,100.0,,100.0,,240.0,2024,5,May,22,2,Wednesday,21,2,0,100.0,170.0,70.0,0
2024-05-27,Cabbage,100.0,,130.0,,240.0,2024,5,May,27,0,Monday,22,2,0,100.0,185.0,70.0,0
2024-05-28,Cabbage,100.0,,100.0,,280.0,2024,5,May,28,1,Tuesday,22,2,0,100.0,190.0,70.0,0
2024-05-29,Cabbage,100.0,,100.0,,300.0,2024,5,May,29,2,Wednesday,22,2,0,100.0,200.0,70.0,0
2024-05-31,Cabbage,100.0,,100.0,,300.0,2024,5,May,31,4,Friday,22,2,0,100.0,200.0,70.0,0
2024-06-03,Cabbage,100.0,,100.0,,280.0,2024,6,June,3,0,Monday,23,2,0,100.0,190.0,70.0,0
2024-06-04,Cabbage,100.0,,120.0,,280.0,2024,6,June,4,1,Tuesday,23,2,0,100.0,200.0,70.0,0
2024-06-05,Cabbage,100.0,,120.0,,280.0,2024,6,June,5,2,Wednesday,23,2,0,100.0,200.0,70.0,0
2024-06-06,Cabbage,100.0,,120.0,,280.0,2024,6,June,6,3,Thursday,23,2,0,100.0,200.0,70.0,0
2024-06-07,Cabbage,100.0,,120.0,,280.0,2024,6,June,7,4,Friday,23,2,0,100.0,200.0,70.0,0
2024-06-10,Cabbage,100.0,,150.0,,320.0,2024,6,June,10,0,Monday,24,2,0,100.0,235.0,135.0,0
2024-06-11,Cabbage,100.0,,150.0,,320.0,2024,6,June,11,1,Tuesday,24,2,0,100.0,235.0,135.0,0
2024-06-12,Cabbage,100.0,,150.0,,360.0,2024,6,June,12,2,Wednesday,24,2,0,100.0,255.0,155.0,0
2024-06-13,Cabbage,100.0,,150.0,,360.0,2024,6,June,13,3,Thursday,24,2,0,100.0,255.0,155.0,0
2024-06-14,Cabbage,120.0,,170.0,,360.0,2024,6,June,14,4,Friday,24,2,0,120.0,265.0,145.0,0
2024-06-18,Cabbage,120.0,,170.0,,320.0,2024,6,June,18,1,Tuesday,25,2,0,120.0,245.0,125.0,0
2024-06-19,Cabbage,120.0,,170.0,,320.0,2024,6,June,19,2,Wednesday,25,2,0,120.0,245.0,125.0,0
2024-06-20,Cabbage,150.0,,200.0,,320.0,2024,6,June,20,3,Thursday,25,2,0,150.0,260.0,110.0,0
2024-06-24,Cabbage,200.0,,250.0,,360.0,2024,6,June,24,0,Monday,26,2,0,200.0,305.0,105.0,0
2024-06-25,Cabbage,200.0,,250.0,,360.0,2024,6,June,25,1,Tuesday,26,2,0,200.0,305.0,105.0,0
2024-06-26,Cabbage,200.0,,250.0,,360.0,2024,6,June,26,2,Wednesday,26,2,0,200.0,305.0,105.0,0
2024-06-27,Cabbage,200.0,,250.0,,360.0,2024,6,June,27,3,Thursday,26,2,0,200.0,305.0,105.0,0
2024-06-28,Cabbage,200.0,,250.0,,380.0,2024,6,June,28,4,Friday,26,2,0,200.0,315.0,115.0,0
2024-07-01,Cabbage,200.0,,250.0,,360.0,2024,7,July,1,0,Monday,27,3,0,200.0,305.0,105.0,0
2024-07-02,Cabbage,180.0,,230.0,,400.0,2024,7,July,2,1,Tuesday,27,3,0,180.0,315.0,135.0,0
2024-07-03,Cabbage,180.0,,230.0,,320.0,2024,7,July,3,2,Wednesday,27,3,0,180.0,275.0,95.0,0
2024-07-04,Cabbage,180.0,,230.0,,360.0,2024,7,July,4,3,Thursday,27,3,0,180.0,295.0,115.0,0
2024-07-05,Cabbage,180.0,,230.0,,320.0,2024,7,July,5,4,Friday,27,3,0,180.0,275.0,95.0,0
2024-07-08,Cabbage,200.0,,250.0,,360.0,2024,7,July,8,0,Monday,28,3,0,200.0,305.0,105.0,0
2024-07-09,Cabbage,200.0,,250.0,,360.0,2024,7,July,9,1,Tuesday,28,3,0,200.0,305.0,105.0,0
2024-07-10,Cabbage,230.0,,280.0,,400.0,2024,7,July,10,2,Wednesday,28,3,0,230.0,340.0,110.0,0
2024-07-11,Cabbage,230.0,,280.0,,400.0,2024,7,July,11,3,Thursday,28,3,0,230.0,340.0,110.0,0
2024-07-11,Cabbage,230.0,,120.0,,240.0,2024,7,July,11,3,Thursday,28,3,0,230.0,180.0,110.0,0
2024-07-12,Cabbage,230.0,,280.0,,360.0,2024,7,July,12,4,Friday,28,3,0,230.0,320.0,90.0,0
2024-07-15,Cabbage,200.0,,250.0,,400.0,2024,7,July,15,0,Monday,29,3,0,200.0,325.0,125.0,0
2024-07-16,Cabbage,250.0,,300.0,,400.0,2024,7,July,16,1,Tuesday,29,3,0,250.0,350.0,100.0,0
2024-07-17,Cabbage,220.0,,280.0,,400.0,2024,7,July,17,2,Wednesday,29,3,0,220.0,340.0,120.0,0
2024-07-18,Cabbage,240.0,,300.0,,360.0,2024,7,July,18,3,Thursday,29,3,0,240.0,330.0,90.0,0
2024-07-19,Cabbage,240.0,,300.0,,400.0,2024,7,July,19,4,Friday,29,3,0,240.0,350.0,110.0,0
2024-07-22,Cabbage,240.0,,300.0,,400.0,2024,7,July,22,0,Monday,30,3,0,240.0,350.0,110.0,0
2024-07-23,Cabbage,240.0,,300.0,,400.0,2024,7,July,23,1,Tuesday,30,3,0,240.0,350.0,110.0,0
2024-07-24,Cabbage,320.0,,380.0,,400.0,2024,7,July,24,2,Wednesday,30,3,0,320.0,390.0,70.0,0
2024-07-25,Cabbage,320.0,,380.0,,400.0,2024,7,July,25,3,Thursday,30,3,0,320.0,390.0,70.0,0
2024-07-26,Cabbage,340.0,,400.0,,400.0,2024,7,July,26,4,Friday,30,3,0,340.0,400.0,60.0,0
2024-07-29,Cabbage,300.0,,350.0,,400.0,2024,7,July,29,0,Monday,31,3,0,300.0,375.0,75.0,0
2024-07-30,Cabbage,270.0,,320.0,,400.0,2024,7,July,30,1,Tuesday,31,3,0,270.0,360.0,90.0,0
2024-07-31,Cabbage,300.0,,350.0,,400.0,2024,7,July,31,2,Wednesday,31,3,0,300.0,375.0,75.0,0
2024-08-01,Cabbage,320.0,,370.0,,400.0,2024,8,August,1,3,Thursday,31,3,0,320.0,385.0,65.0,0
2024-08-02,Cabbage,300.0,,350.0,,400.0,2024,8,August,2,4,Friday,31,3,0,300.0,375.0,75.0,0
2024-08-05,Cabbage,270.0,,320.0,,400.0,2024,8,August,5,0,Monday,32,3,0,270.0,360.0,90.0,0
2024-08-06,Cabbage,280.0,,330.0,,400.0,2024,8,August,6,1,Tuesday,32,3,0,280.0,365.0,85.0,0
2024-08-07,Cabbage,300.0,,350.0,,400.0,2024,8,August,7,2,Wednesday,32,3,0,300.0,375.0,75.0,0
2024-08-08,Cabbage,230.0,,300.0,,400.0,2024,8,August,8,3,Thursday,32,3,0,230.0,350.0,120.0,0
2024-08-09,Cabbage,230.0,,300.0,,400.0,2024,8,August,9,4,Friday,32,3,0,230.0,350.0,120.0,0
2024-08-12,Cabbage,220.0,,270.0,,400.0,2024,8,August,12,0,Monday,33,3,0,220.0,335.0,115.0,0
2024-08-13,Cabbage,220.0,,270.0,,400.0,2024,8,August,13,1,Tuesday,33,3,0,220.0,335.0,115.0,0
2024-08-14,Cabbage,220.0,,270.0,,360.0,2024,8,August,14,2,Wednesday,33,3,0,220.0,315.0,95.0,0
2024-08-15,Cabbage,200.0,,250.0,,400.0,2024,8,August,15,3,Thursday,33,3,0,200.0,325.0,125.0,0
2024-08-16,Cabbage,200.0,,250.0,,400.0,2024,8,August,16,4,Friday,33,3,0,200.0,325.0,125.0,0
2024-08-20,Cabbage,200.0,,250.0,,400.0,2024,8,August,20,1,Tuesday,34,3,0,200.0,325.0,125.0,0
2024-08-21,Cabbage,180.0,,230.0,,400.0,2024,8,August,21,2,Wednesday,34,3,0,180.0,315.0,135.0,0
2024-08-22,Cabbage,160.0,,220.0,,400.0,2024,8,August,22,3,Thursday,34,3,0,160.0,310.0,150.0,0
2024-08-23,Cabbage,180.0,,240.0,,360.0,2024,8,August,23,4,Friday,34,3,0,180.0,300.0,120.0,0
2024-08-26,Cabbage,160.0,,220.0,,360.0,2024,8,August,26,0,Monday,35,3,0,160.0,290.0,130.0,0
2024-08-27,Cabbage,180.0,,230.0,,360.0,2024,8,August,27,1,Tuesday,35,3,0,180.0,295.0,115.0,0
2024-08-28,Cabbage,180.0,,230.0,,360.0,2024,8,August,28,2,Wednesday,35,3,0,180.0,295.0,115.0,0
2024-08-29,Cabbage,180.0,,230.0,,400.0,2024,8,August,29,3,Thursday,35,3,0,180.0,315.0,135.0,0
2024-08-30,Cabbage,160.0,,200.0,,400.0,2024,8,August,30,4,Friday,35,3,0,160.0,300.0,140.0,0
2024-09-02,Cabbage,200.0,,250.0,,360.0,2024,9,September,2,0,Monday,36,3,0,200.0,305.0,105.0,0
2024-09-03,Cabbage,200.0,,250.0,,360.0,2024,9,September,3,1,Tuesday,36,3,0,200.0,305.0,105.0,0
2024-09-04,Cabbage,220.0,,270.0,,400.0,2024,9,September,4,2,Wednesday,36,3,0,220.0,335.0,115.0,0
2024-09-05,Cabbage,220.0,,270.0,,360.0,2024,9,September,5,3,Thursday,36,3,0,220.0,315.0,95.0,0
2024-09-06,Cabbage,220.0,,270.0,,360.0,2024,9,September,6,4,Friday,36,3,0,220.0,315.0,95.0,0
2024-09-09,Cabbage,200.0,,250.0,,360.0,2024,9,September,9,0,Monday,37,3,0,200.0,305.0,105.0,0
2024-09-10,Cabbage,180.0,,230.0,,360.0,2024,9,September,10,1,Tuesday,37,3,0,180.0,295.0,115.0,0
2024-09-11,Cabbage,180.0,,230.0,,360.0,2024,9,September,11,2,Wednesday,37,3,0,180.0,295.0,115.0,0
2024-09-12,Cabbage,180.0,,230.0,,360.0,2024,9,September,12,3,Thursday,37,3,0,180.0,295.0,115.0,0
2024-09-13,Cabbage,180.0,,230.0,,360.0,2024,9,September,13,4,Friday,37,3,0,180.0,295.0,115.0,0
2024-09-18,Cabbage,180.0,,230.0,,360.0,2024,9,September,18,2,Wednesday,38,3,0,180.0,295.0,115.0,0
2024-09-19,Cabbage,180.0,,230.0,,320.0,2024,9,September,19,3,Thursday,38,3,0,180.0,275.0,95.0,0
2024-09-20,Cabbage,180.0,,230.0,,320.0,2024,9,September,20,4,Friday,38,3,0,180.0,275.0,95.0,0
2024-09-23,Cabbage,200.0,,250.0,,320.0,2024,9,September,23,0,Monday,39,3,0,200.0,285.0,85.0,0
2024-09-24,Cabbage,250.0,,300.0,,360.0,2024,9,September,24,1,Tuesday,39,3,0,250.0,330.0,80.0,0
2024-09-25,Cabbage,250.0,,300.0,,360.0,2024,9,September,25,2,Wednesday,39,3,0,250.0,330.0,80.0,0
2024-09-26,Cabbage,200.0,,250.0,,360.0,2024,9,September,26,3,Thursday,39,3,0,200.0,305.0,105.0,0
2024-09-27,Cabbage,180.0,,230.0,,360.0,2024,9,September,27,4,Friday,39,3,0,180.0,295.0,115.0,0
2024-09-30,Cabbage,180.0,,230.0,,320.0,2024,9,September,30,0,Monday,40,3,0,180.0,275.0,95.0,0
2024-10-01,Cabbage,180.0,,230.0,,320.0,2024,10,October,1,1,Tuesday,40,4,0,180.0,275.0,95.0,0
2024-10-02,Cabbage,150.0,,200.0,,320.0,2024,10,October,2,2,Wednesday,40,4,0,150.0,260.0,110.0,0
2024-10-03,Cabbage,170.0,,220.0,,320.0,2024,10,October,3,3,Thursday,40,4,0,170.0,270.0,100.0,0
2024-10-04,Cabbage,150.0,,200.0,,350.0,2024,10,October,4,4,Friday,40,4,0,150.0,275.0,125.0,0
2024-10-07,Cabbage,120.0,,180.0,,280.0,2024,10,October,7,0,Monday,41,4,0,120.0,230.0,110.0,0
2024-10-08,Cabbage,120.0,,180.0,,280.0,2024,10,October,8,1,Tuesday,41,4,0,120.0,230.0,110.0,0
2024-10-09,Cabbage,140.0,,200.0,,280.0,2024,10,October,9,2,Wednesday,41,4,0,140.0,240.0,100.0,0
2024-10-10,Cabbage,120.0,,170.0,,280.0,2024,10,October,10,3,Thursday,41,4,0,120.0,225.0,105.0,0
2024-10-11,Cabbage,100.0,,150.0,,300.0,2024,10,October,11,4,Friday,41,4,0,100.0,225.0,125.0,0
2024-10-14,Cabbage,100.0,,150.0,,320.0,2024,10,October,14,0,Monday,42,4,0,100.0,235.0,135.0,0
2024-10-15,Cabbage,100.0,,130.0,,320.0,2024,10,October,15,1,Tuesday,42,4,0,100.0,225.0,125.0,0
2024-10-16,Cabbage,100.0,,130.0,,280.0,2024,10,October,16,2,Wednesday,42,4,0,100.0,205.0,125.0,0
2024-10-18,Cabbage,100.0,,130.0,,280.0,2024,10,October,18,4,Friday,42,4,0,100.0,205.0,125.0,0
2024-10-21,Cabbage,130.0,,180.0,,280.0,2024,10,October,21,0,Monday,43,4,0,130.0,230.0,100.0,0
2024-10-22,Cabbage,100.0,,150.0,,280.0,2024,10,October,22,1,Tuesday,43,4,0,100.0,215.0,115.0,0
2024-10-23,Cabbage,100.0,,150.0,,280.0,2024,10,October,23,2,Wednesday,43,4,0,100.0,215.0,115.0,0
2024-10-24,Cabbage,100.0,,150.0,,280.0,2024,10,October,24,3,Thursday,43,4,0,100.0,215.0,115.0,0
2024-10-25,Cabbage,100.0,,150.0,,280.0,2024,10,October,25,4,Friday,43,4,0,100.0,215.0,115.0,0
2024-10-28,Cabbage,120.0,,170.0,,280.0,2024,10,October,28,0,Monday,44,4,0,120.0,225.0,105.0,0
2024-10-29,Cabbage,120.0,,130.0,,280.0,2024,10,October,29,1,Tuesday,44,4,0,120.0,205.0,85.0,0
2024-10-30,Cabbage,120.0,,130.0,,240.0,2024,10,October,30,2,Wednesday,44,4,0,120.0,185.0,85.0,0
2024-11-01,Cabbage,100.0,,150.0,,240.0,2024,11,November,1,4,Friday,44,4,0,100.0,195.0,95.0,0
2024-11-04,Cabbage,100.0,,130.0,,240.0,2024,11,November,4,0,Monday,45,4,0,100.0,185.0,85.0,0
2024-11-05,Cabbage,100.0,,100.0,,240.0,2024,11,November,5,1,Tuesday,45,4,0,100.0,170.0,85.0,0
2024-11-06,Cabbage,100.0,,100.0,,240.0,2024,11,November,6,2,Wednesday,45,4,0,100.0,170.0,85.0,0
2024-11-08,Cabbage,100.0,,120.0,,240.0,2024,11,November,8,4,Friday,45,4,0,100.0,180.0,85.0,0
2024-11-11,Cabbage,100.0,,100.0,,240.0,2024,11,November,11,0,Monday,46,4,0,100.0,170.0,85.0,0
2024-11-12,Cabbage,100.0,,130.0,,240.0,2024,11,November,12,1,Tuesday,46,4,0,100.0,185.0,85.0,0
2024-11-13,Cabbage,100.0,,100.0,,240.0,2024,11,November,13,2,Wednesday,46,4,0,100.0,170.0,85.0,0
2024-11-14,Cabbage,100.0,,100.0,,240.0,2024,11,November,14,3,Thursday,46,4,0,100.0,170.0,85.0,0
2024-11-18,Cabbage,100.0,,100.0,,240.0,2024,11,November,18,0,Monday,47,4,0,100.0,170.0,85.0,0
2024-11-19,Cabbage,100.0,,100.0,,240.0,2024,11,November,19,1,Tuesday,47,4,0,100.0,170.0,85.0,0
2024-11-20,Cabbage,100.0,,100.0,,240.0,2024,11,November,20,2,Wednesday,47,4,0,100.0,170.0,85.0,0
2024-11-21,Cabbage,100.0,,100.0,,240.0,2024,11,November,21,3,Thursday,47,4,0,100.0,170.0,85.0,0
2024-11-22,Cabbage,100.0,,100.0,,240.0,2024,11,November,22,4,Friday,47,4,0,100.0,240.0,85.0,0
2024-11-25,Cabbage,100.0,,100.0,,200.0,2024,11,November,25,0,Monday,48,4,0,100.0,150.0,85.0,0
2024-11-26,Cabbage,100.0,,100.0,,200.0,2024,11,November,26,1,Tuesday,48,4,0,100.0,150.0,85.0,0
2024-11-27,Cabbage,100.0,,130.0,,320.0,2024,11,November,27,2,Wednesday,48,4,0,100.0,225.0,85.0,0
2024-11-28,Cabbage,100.0,,150.0,,240.0,2024,11,November,28,3,Thursday,48,4,0,100.0,195.0,95.0,0
2024-11-29,Cabbage,100.0,,130.0,,240.0,2024,11,November,29,4,Friday,48,4,0,100.0,185.0,85.0,0
2024-12-02,Cabbage,100.0,,130.0,,280.0,2024,12,December,2,0,Monday,49,4,0,100.0,205.0,85.0,0
2024-12-03,Cabbage,100.0,,150.0,,240.0,2024,12,December,3,1,Tuesday,49,4,0,100.0,195.0,95.0,0
2024-12-04,Cabbage,100.0,,130.0,,240.0,2024,12,December,4,2,Wednesday,49,4,0,100.0,185.0,85.0,0
2024-12-05,Cabbage,100.0,,130.0,,240.0,2024,12,December,5,3,Thursday,49,4,0,100.0,185.0,85.0,0
2024-12-06,Cabbage,100.0,,100.0,,360.0,2024,12,December,6,4,Friday,49,4,0,100.0,230.0,85.0,0
2024-12-09,Cabbage,100.0,,130.0,,280.0,2024,12,December,9,0,Monday,50,4,0,100.0,205.0,85.0,0
2024-12-10,Cabbage,100.0,,150.0,,260.0,2024,12,December,10,1,Tuesday,50,4,0,100.0,205.0,105.0,0
2024-12-11,Cabbage,180.0,,230.0,,260.0,2024,12,December,11,2,Wednesday,50,4,0,180.0,245.0,65.0,0
2024-12-12,Cabbage,180.0,,230.0,,260.0,2024,12,December,12,3,Thursday,50,4,0,180.0,245.0,65.0,0
2024-12-13,Cabbage,200.0,,250.0,,260.0,2024,12,December,13,4,Friday,50,4,0,200.0,255.0,55.0,0
2024-12-16,Cabbage,250.0,,300.0,,360.0,2024,12,December,16,0,Monday,51,4,0,250.0,330.0,80.0,0
2024-12-17,Cabbage,200.0,,250.0,,280.0,2024,12,December,17,1,Tuesday,51,4,0,200.0,265.0,65.0,0
2024-12-18,Cabbage,200.0,,250.0,,360.0,2024,12,December,18,2,Wednesday,51,4,0,200.0,305.0,105.0,0
2024-12-19,Cabbage,150.0,,200.0,,400.0,2024,12,December,19,3,Thursday,51,4,0,150.0,300.0,150.0,0
2024-12-20,Cabbage,150.0,,200.0,,360.0,2024,12,December,20,4,Friday,51,4,0,150.0,280.0,130.0,0
2024-12-23,Cabbage,150.0,,200.0,,360.0,2024,12,December,23,0,Monday,52,4,0,150.0,280.0,130.0,0
2024-12-24,Cabbage,150.0,,200.0,,320.0,2024,12,December,24,1,Tuesday,52,4,0,150.0,260.0,110.0,0
2024-12-26,Cabbage,150.0,,200.0,,360.0,2024,12,December,26,3,Thursday,52,4,0,150.0,280.0,130.0,0
2024-12-27,Cabbage,150.0,,200.0,,360.0,2024,12,December,27,4,Friday,52,4,0,150.0,280.0,130.0,0
2024-12-30,Cabbage,150.0,,200.0,,400.0,2024,12,December,30,0,Monday,1,4,0,150.0,300.0,150.0,0
2024-12-31,Cabbage,130.0,,180.0,,360.0,2024,12,December,31,1,Tuesday,1,4,0,130.0,270.0,140.0,0
2025-01-01,Cabbage,100.0,,150.0,,360.0,2025,1,January,1,2,Wednesday,1,1,0,100.0,255.0,155.0,0
2025-01-02,Cabbage,120.0,,180.0,,360.0,2025,1,January,2,3,Thursday,1,1,0,120.0,270.0,150.0,0
2025-01-03,Cabbage,160.0,,220.0,,360.0,2025,1,January,3,4,Friday,1,1,0,160.0,290.0,130.0,0
2025-01-06,Cabbage,150.0,,200.0,,360.0,2025,1,January,6,0,Monday,2,1,0,150.0,280.0,130.0,0
2025-01-07,Cabbage,150.0,,200.0,,360.0,2025,1,January,7,1,Tuesday,2,1,0,150.0,280.0,130.0,0
2025-01-08,Cabbage,130.0,,180.0,,360.0,2025,1,January,8,2,Wednesday,2,1,0,130.0,270.0,140.0,0
2025-01-09,Cabbage,130.0,,180.0,,360.0,2025,1,January,9,3,Thursday,2,1,0,130.0,270.0,140.0,0
2025-01-10,Cabbage,150.0,,200.0,,360.0,2025,1,January,10,4,Friday,2,1,0,150.0,280.0,130.0,0
2025-01-15,Cabbage,150.0,,200.0,,320.0,2025,1,January,15,2,Wednesday,3,1,0,150.0,260.0,110.0,0
2025-01-16,Cabbage,150.0,,200.0,,360.0,2025,1,January,16,3,Thursday,3,1,0,150.0,280.0,130.0,0
2025-01-17,Cabbage,150.0,,200.0,,360.0,2025,1,January,17,4,Friday,3,1,0,150.0,280.0,130.0,0
2025-01-20,Cabbage,150.0,,200.0,,360.0,2025,1,January,20,0,Monday,4,1,0,150.0,280.0,130.0,0
2025-01-21,Cabbage,150.0,,200.0,,360.0,2025,1,January,21,1,Tuesday,4,1,0,150.0,280.0,130.0,0
2025-01-22,Cabbage,150.0,,200.0,,360.0,2025,1,January,22,2,Wednesday,4,1,0,150.0,280.0,130.0,0
2025-01-23,Cabbage,150.0,,200.0,,280.0,2025,1,January,23,3,Thursday,4,1,0,150.0,240.0,90.0,0
2025-01-24,Cabbage,150.0,,200.0,,320.0,2025,1,January,24,4,Friday,4,1,0,150.0,260.0,110.0,0
2025-01-27,Cabbage,150.0,,200.0,,280.0,2025,1,January,27,0,Monday,5,1,0,150.0,240.0,90.0,0
2025-01-28,Cabbage,150.0,,200.0,,280.0,2025,1,January,28,1,Tuesday,5,1,0,150.0,240.0,90.0,0
2025-01-29,Cabbage,130.0,,180.0,,320.0,2025,1,January,29,2,Wednesday,5,1,0,130.0,250.0,120.0,0
2025-01-30,Cabbage,130.0,,180.0,,320.0,2025,1,January,30,3,Thursday,5,1,0,130.0,250.0,120.0,0
2025-01-31,Cabbage,150.0,,200.0,,320.0,2025,1,January,31,4,Friday,5,1,0,150.0,260.0,110.0,0
2025-02-03,Cabbage,200.0,,250.0,,360.0,2025,2,February,3,0,Monday,6,1,0,200.0,305.0,105.0,0
2025-02-05,Cabbage,200.0,,250.0,,360.0,2025,2,February,5,2,Wednesday,6,1,0,200.0,305.0,105.0,0
2025-02-06,Cabbage,200.0,,250.0,,360.0,2025,2,February,6,3,Thursday,6,1,0,200.0,305.0,105.0,0
2025-02-07,Cabbage,200.0,,250.0,,360.0,2025,2,February,7,4,Friday,6,1,0,200.0,305.0,105.0,0
2025-02-10,Cabbage,250.0,,300.0,,360.0,2025,2,February,10,0,Monday,7,1,0,250.0,330.0,80.0,0
2025-02-11,Cabbage,250.0,,300.0,,400.0,2025,2,February,11,1,Tuesday,7,1,0,250.0,350.0,100.0,0
2025-02-13,Cabbage,280.0,,330.0,,400.0,2025,2,February,13,3,Thursday,7,1,0,280.0,365.0,85.0,0
2025-02-14,Cabbage,300.0,,350.0,,400.0,2025,2,February,14,4,Friday,7,1,0,300.0,375.0,75.0,0
2025-02-17,Cabbage,300.0,,350.0,,480.0,2025,2,February,17,0,Monday,8,1,0,300.0,415.0,115.0,0
2025-02-18,Cabbage,300.0,,350.0,,480.0,2025,2,February,18,1,Tuesday,8,1,0,300.0,415.0,115.0,0
2025-02-19,Cabbage,300.0,,350.0,,400.0,2025,2,February,19,2,Wednesday,8,1,0,300.0,375.0,75.0,0
2025-02-20,Cabbage,320.0,,370.0,,400.0,2025,2,February,20,3,Thursday,8,1,0,320.0,385.0,65.0,0
2025-02-21,Cabbage,320.0,,370.0,,480.0,2025,2,February,21,4,Friday,8,1,0,320.0,425.0,105.0,0
2025-02-24,Cabbage,300.0,,350.0,,480.0,2025,2,February,24,0,Monday,9,1,0,300.0,415.0,115.0,0
2025-02-25,Cabbage,320.0,,370.0,,480.0,2025,2,February,25,1,Tuesday,9,1,0,320.0,425.0,105.0,0
2025-02-27,Cabbage,280.0,,330.0,,440.0,2025,2,February,27,3,Thursday,9,1,0,280.0,385.0,105.0,0
2025-02-28,Cabbage,350.0,,400.0,,480.0,2025,2,February,28,4,Friday,9,1,0,350.0,440.0,90.0,0
2025-03-03,Cabbage,350.0,,400.0,,480.0,2025,3,March,3,0,Monday,10,1,0,350.0,440.0,90.0,0
2025-03-04,Cabbage,300.0,,350.0,,480.0,2025,3,March,4,1,Tuesday,10,1,0,300.0,415.0,115.0,0
2025-03-05,Cabbage,300.0,,350.0,,480.0,2025,3,March,5,2,Wednesday,10,1,0,300.0,415.0,115.0,0
2025-03-06,Cabbage,250.0,,300.0,,480.0,2025,3,March,6,3,Thursday,10,1,0,250.0,390.0,140.0,0
2025-03-07,Cabbage,200.0,,250.0,,400.0,2025,3,March,7,4,Friday,10,1,0,200.0,325.0,125.0,0
2025-03-10,Cabbage,250.0,,300.0,,400.0,2025,3,March,10,0,Monday,11,1,0,250.0,350.0,100.0,0
2025-03-11,Cabbage,300.0,,350.0,,360.0,2025,3,March,11,1,Tuesday,11,1,0,300.0,355.0,55.0,0
2025-03-12,Cabbage,250.0,,300.0,,360.0,2025,3,March,12,2,Wednesday,11,1,0,250.0,330.0,80.0,0
2025-03-14,Cabbage,250.0,,300.0,,400.0,2025,3,March,14,4,Friday,11,1,0,250.0,350.0,100.0,0
2025-03-17,Cabbage,320.0,,370.0,,400.0,2025,3,March,17,0,Monday,12,1,0,320.0,385.0,65.0,0
2025-03-18,Cabbage,300.0,,350.0,,400.0,2025,3,March,18,1,Tuesday,12,1,0,300.0,375.0,75.0,0
2025-03-19,Cabbage,200.0,,250.0,,400.0,2025,3,March,19,2,Wednesday,12,1,0,200.0,325.0,125.0,0
2025-03-20,Cabbage,180.0,,230.0,,360.0,2025,3,March,20,3,Thursday,12,1,0,180.0,295.0,115.0,0
2025-03-21,Cabbage,150.0,,200.0,,400.0,2025,3,March,21,4,Friday,12,1,0,150.0,300.0,150.0,0
2025-03-24,Cabbage,200.0,,250.0,,360.0,2025,3,March,24,0,Monday,13,1,0,200.0,305.0,105.0,0
2025-03-25,Cabbage,250.0,,300.0,,360.0,2025,3,March,25,1,Tuesday,13,1,0,250.0,330.0,80.0,0
2025-03-26,Cabbage,250.0,,300.0,,400.0,2025,3,March,26,2,Wednesday,13,1,0,250.0,350.0,100.0,0
2025-03-27,Cabbage,280.0,,330.0,,400.0,2025,3,March,27,3,Thursday,13,1,0,280.0,365.0,85.0,0
2025-03-28,Cabbage,250.0,,300.0,,360.0,2025,3,March,28,4,Friday,13,1,0,250.0,330.0,80.0,0
2025-04-01,Cabbage,200.0,,250.0,,320.0,2025,4,April,1,1,Tuesday,14,2,0,200.0,285.0,85.0,0
2025-04-02,Cabbage,200.0,,250.0,,320.0,2025,4,April,2,2,Wednesday,14,2,0,200.0,285.0,85.0,0
2025-04-03,Cabbage,180.0,,230.0,,360.0,2025,4,April,3,3,Thursday,14,2,0,180.0,295.0,115.0,0
2025-04-04,Cabbage,180.0,,230.0,,360.0,2025,4,April,4,4,Friday,14,2,0,180.0,295.0,115.0,0
2025-04-07,Cabbage,200.0,,250.0,,360.0,2025,4,April,7,0,Monday,15,2,0,200.0,305.0,105.0,0
2025-04-08,Cabbage,200.0,,250.0,,360.0,2025,4,April,8,1,Tuesday,15,2,0,200.0,305.0,105.0,0
2025-04-09,Cabbage,150.0,,200.0,,360.0,2025,4,April,9,2,Wednesday,15,2,0,150.0,280.0,130.0,0
2025-04-10,Cabbage,200.0,,250.0,,360.0,2025,4,April,10,3,Thursday,15,2,0,200.0,305.0,105.0,0
2025-04-11,Cabbage,200.0,,250.0,,340.0,2025,4,April,11,4,Friday,15,2,0,200.0,295.0,95.0,0
2025-04-16,Cabbage,200.0,,250.0,,340.0,2025,4,April,16,2,Wednesday,16,2,0,200.0,295.0,95.0,0
2025-04-17,Cabbage,200.0,,250.0,,340.0,2025,4,April,17,3,Thursday,16,2,0,200.0,250.0,50.0,0
2025-04-21,Cabbage,200.0,,250.0,,480.0,2025,4,April,21,0,Monday,17,2,0,200.0,365.0,165.0,0
2025-04-22,Cabbage,250.0,,300.0,,480.0,2025,4,April,22,1,Tuesday,17,2,0,250.0,390.0,140.0,0
2025-04-23,Cabbage,250.0,,300.0,,480.0,2025,4,April,23,2,Wednesday,17,2,0,250.0,390.0,140.0,0
2025-04-24,Cabbage,270.0,,320.0,,400.0,2025,4,April,24,3,Thursday,17,2,0,270.0,360.0,90.0,0
2025-04-25,Cabbage,270.0,,320.0,,400.0,2025,4,April,25,4,Friday,17,2,0,270.0,360.0,90.0,0
2025-04-28,Cabbage,270.0,,320.0,,480.0,2025,4,April,28,0,Monday,18,2,0,270.0,400.0,130.0,0
2025-04-29,Cabbage,300.0,,350.0,,480.0,2025,4,April,29,1,Tuesday,18,2,0,300.0,415.0,115.0,0
2025-04-30,Cabbage,320.0,,370.0,,480.0,2025,4,April,30,2,Wednesday,18,2,0,320.0,425.0,105.0,0
2025-05-02,Cabbage,350.0,,400.0,,480.0,2025,5,May,2,4,Friday,18,2,0,350.0,440.0,90.0,0
2025-05-05,Cabbage,350.0,,400.0,,560.0,2025,5,May,5,0,Monday,19,2,0,350.0,480.0,130.0,0
2025-05-06,Cabbage,400.0,,450.0,,560.0,2025,5,May,6,1,Tuesday,19,2,0,400.0,505.0,105.0,0
2025-05-07,Cabbage,400.0,,450.0,,660.0,2025,5,May,7,2,Wednesday,19,2,0,400.0,555.0,155.0,0
2025-05-08,Cabbage,400.0,,450.0,,600.0,2025,5,May,8,3,Thursday,19,2,0,400.0,525.0,125.0,0
2025-05-09,Cabbage,450.0,,500.0,,600.0,2025,5,May,9,4,Friday,19,2,0,450.0,550.0,100.0,0
2025-05-14,Cabbage,400.0,,450.0,,700.0,2025,5,May,14,2,Wednesday,20,2,0,400.0,575.0,175.0,0
2025-05-15,Cabbage,400.0,,450.0,,600.0,2025,5,May,15,3,Thursday,20,2,0,400.0,525.0,125.0,0
2025-05-16,Cabbage,400.0,,450.0,,600.0,2025,5,May,16,4,Friday,20,2,0,400.0,525.0,125.0,0
2025-05-19,Cabbage,400.0,,450.0,,600.0,2025,5,May,19,0,Monday,21,2,0,400.0,525.0,125.0,0
2025-05-20,Cabbage,350.0,,400.0,,600.0,2025,5,May,20,1,Tuesday,21,2,0,350.0,500.0,150.0,0
2025-05-21,Cabbage,250.0,,300.0,,600.0,2025,5,May,21,2,Wednesday,21,2,0,250.0,450.0,200.0,0
2025-05-22,Cabbage,250.0,,300.0,,500.0,2025,5,May,22,3,Thursday,21,2,0,250.0,400.0,150.0,0
2025-05-23,Cabbage,250.0,,300.0,,480.0,2025,5,May,23,4,Friday,21,2,0,250.0,390.0,140.0,0
2025-05-26,Cabbage,300.0,,350.0,,480.0,2025,5,May,26,0,Monday,22,2,0,300.0,415.0,115.0,0
2025-05-27,Cabbage,300.0,,350.0,,480.0,2025,5,May,27,1,Tuesday,22,2,0,300.0,415.0,115.0,0
2025-05-28,Cabbage,300.0,,350.0,,500.0,2025,5,May,28,2,Wednesday,22,2,0,300.0,425.0,125.0,0
2025-05-29,Cabbage,300.0,,350.0,,480.0,2025,5,May,29,3,Thursday,22,2,0,300.0,415.0,115.0,0
2025-05-30,Cabbage,250.0,,300.0,,480.0,2025,5,May,30,4,Friday,22,2,0,250.0,390.0,140.0,0
2025-06-02,Cabbage,300.0,,350.0,,480.0,2025,6,June,2,0,Monday,23,2,0,300.0,415.0,115.0,0
2025-06-03,Cabbage,330.0,,380.0,,460.0,2025,6,June,3,1,Tuesday,23,2,0,330.0,420.0,90.0,0
2025-06-04,Cabbage,350.0,,400.0,,460.0,2025,6,June,4,2,Wednesday,23,2,0,350.0,430.0,80.0,0
2025-06-05,Cabbage,350.0,,400.0,,480.0,2025,6,June,5,3,Thursday,23,2,0,350.0,440.0,90.0,0
2025-06-06,Cabbage,350.0,,400.0,,480.0,2025,6,June,6,4,Friday,23,2,0,350.0,440.0,90.0,0
2025-06-09,Cabbage,450.0,,500.0,,600.0,2025,6,June,9,0,Monday,24,2,0,450.0,550.0,100.0,0
2025-06-11,Cabbage,420.0,,470.0,,600.0,2025,6,June,11,2,Wednesday,24,2,0,420.0,535.0,115.0,0
2025-06-12,Cabbage,400.0,,450.0,,600.0,2025,6,June,12,3,Thursday,24,2,0,400.0,525.0,125.0,0
2025-06-13,Cabbage,400.0,,450.0,,600.0,2025,6,June,13,4,Friday,24,2,0,400.0,525.0,125.0,0
2025-06-16,Cabbage,350.0,,400.0,,600.0,2025,6,June,16,0,Monday,25,2,0,350.0,500.0,150.0,0
2025-06-17,Cabbage,400.0,,450.0,,600.0,2025,6,June,17,1,Tuesday,25,2,0,400.0,525.0,125.0,0
2025-06-18,Cabbage,350.0,,400.0,,560.0,2025,6,June,18,2,Wednesday,25,2,0,350.0,480.0,130.0,0
2025-06-19,Cabbage,300.0,,350.0,,480.0,2025,6,June,19,3,Thursday,25,2,0,300.0,415.0,115.0,0
2025-06-20,Cabbage,250.0,,300.0,,600.0,2025,6,June,20,4,Friday,25,2,0,250.0,450.0,200.0,0
2025-06-23,Cabbage,220.0,,270.0,,400.0,2025,6,June,23,0,Monday,26,2,0,220.0,335.0,115.0,0
2025-06-24,Cabbage,150.0,,200.0,,480.0,2025,6,June,24,1,Tuesday,26,2,0,150.0,340.0,190.0,0
2025-06-25,Cabbage,180.0,,230.0,,480.0,2025,6,June,25,2,Wednesday,26,2,0,180.0,355.0,175.0,0
2025-06-26,Cabbage,220.0,,270.0,,480.0,2025,6,June,26,3,Thursday,26,2,0,220.0,375.0,155.0,0
2025-06-27,Cabbage,220.0,,250.0,,360.0,2025,6,June,27,4,Friday,26,2,0,220.0,305.0,85.0,0
2025-06-30,Cabbage,200.0,,250.0,,400.0,2025,6,June,30,0,Monday,27,2,0,200.0,325.0,125.0,0
2025-07-01,Cabbage,200.0,,250.0,,360.0,2025,7,July,1,1,Tuesday,27,3,0,200.0,305.0,105.0,0
2025-07-02,Cabbage,200.0,,250.0,,360.0,2025,7,July,2,2,Wednesday,27,3,0,200.0,305.0,105.0,0
2025-07-03,Cabbage,200.0,,250.0,,360.0,2025,7,July,3,3,Thursday,27,3,0,200.0,305.0,105.0,0
2025-07-04,Cabbage,250.0,,300.0,,400.0,2025,7,July,4,4,Friday,27,3,0,250.0,350.0,100.0,0
2025-07-07,Cabbage,200.0,,250.0,,360.0,2025,7,July,7,0,Monday,28,3,0,200.0,305.0,105.0,0
2025-07-08,Cabbage,250.0,,300.0,,360.0,2025,7,July,8,1,Tuesday,28,3,0,250.0,330.0,80.0,0
2025-07-09,Cabbage,250.0,,300.0,,360.0,2025,7,July,9,2,Wednesday,28,3,0,250.0,330.0,80.0,0
2025-07-11,Cabbage,200.0,,250.0,,360.0,2025,7,July,11,4,Friday,28,3,0,200.0,305.0,105.0,0
2025-07-14,Cabbage,250.0,,300.0,,360.0,2025,7,July,14,0,Monday,29,3,0,250.0,330.0,80.0,0
2025-07-15,Cabbage,220.0,,270.0,,400.0,2025,7,July,15,1,Tuesday,29,3,0,220.0,335.0,115.0,0
2025-07-16,Cabbage,200.0,,250.0,,360.0,2025,7,July,16,2,Wednesday,29,3,0,200.0,305.0,105.0,0
2025-07-17,Cabbage,200.0,,250.0,,320.0,2025,7,July,17,3,Thursday,29,3,0,200.0,285.0,85.0,0
2025-07-18,Cabbage,200.0,,250.0,,320.0,2025,7,July,18,4,Friday,29,3,0,200.0,285.0,85.0,0
2025-07-21,Cabbage,150.0,,200.0,,320.0,2025,7,July,21,0,Monday,30,3,0,150.0,260.0,110.0,0
2025-07-22,Cabbage,150.0,,200.0,,360.0,2025,7,July,22,1,Tuesday,30,3,0,150.0,280.0,130.0,0
2025-07-23,Cabbage,200.0,,250.0,,360.0,2025,7,July,23,2,Wednesday,30,3,0,200.0,305.0,105.0,0
2025-07-24,Cabbage,200.0,,250.0,,360.0,2025,7,July,24,3,Thursday,30,3,0,200.0,305.0,105.0,0
2025-07-25,Cabbage,200.0,,250.0,,320.0,2025,7,July,25,4,Friday,30,3,0,200.0,285.0,85.0,0
2025-07-28,Cabbage,130.0,,180.0,,320.0,2025,7,July,28,0,Monday,31,3,0,130.0,250.0,120.0,0
2025-07-29,Cabbage,130.0,,180.0,,320.0,2025,7,July,29,1,Tuesday,31,3,0,130.0,250.0,120.0,0
2025-07-30,Cabbage,150.0,,200.0,,320.0,2025,7,July,30,2,Wednesday,31,3,0,150.0,260.0,110.0,0
2025-07-31,Cabbage,150.0,,200.0,,320.0,2025,7,July,31,3,Thursday,31,3,0,150.0,260.0,110.0,0
2025-08-01,Cabbage,150.0,,200.0,,360.0,2025,8,August,1,4,Friday,31,3,0,150.0,280.0,130.0,0
2025-08-04,Cabbage,150.0,,200.0,,320.0,2025,8,August,4,0,Monday,32,3,0,150.0,260.0,110.0,0
2025-08-05,Cabbage,180.0,,230.0,,360.0,2025,8,August,5,1,Tuesday,32,3,0,180.0,295.0,115.0,0
2025-08-06,Cabbage,200.0,,250.0,,360.0,2025,8,August,6,2,Wednesday,32,3,0,200.0,305.0,105.0,0
2025-08-07,Cabbage,180.0,,230.0,,360.0,2025,8,August,7,3,Thursday,32,3,0,180.0,295.0,115.0,0
2025-08-11,Cabbage,200.0,,250.0,,360.0,2025,8,August,11,0,Monday,33,3,0,200.0,305.0,105.0,0
2025-08-12,Cabbage,180.0,,230.0,,360.0,2025,8,August,12,1,Tuesday,33,3,0,180.0,295.0,115.0,0
2025-08-13,Cabbage,180.0,,230.0,,360.0,2025,8,August,13,2,Wednesday,33,3,0,180.0,295.0,115.0,0
2025-08-14,Cabbage,150.0,,200.0,,360.0,2025,8,August,14,3,Thursday,33,3,0,150.0,280.0,130.0,0
2025-08-15,Cabbage,150.0,,200.0,,400.0,2025,8,August,15,4,Friday,33,3,0,150.0,300.0,150.0,0
2025-08-18,Cabbage,150.0,,200.0,,360.0,2025,8,August,18,0,Monday,34,3,0,150.0,280.0,130.0,0
2025-08-19,Cabbage,150.0,,200.0,,360.0,2025,8,August,19,1,Tuesday,34,3,0,150.0,280.0,130.0,0
2025-08-20,Cabbage,150.0,,200.0,,320.0,2025,8,August,20,2,Wednesday,34,3,0,150.0,260.0,110.0,0
2025-08-21,Cabbage,150.0,,200.0,,320.0,2025,8,August,21,3,Thursday,34,3,0,150.0,260.0,110.0,0
2025-08-22,Cabbage,150.0,,200.0,,360.0,2025,8,August,22,4,Friday,34,3,0,150.0,280.0,130.0,0
2025-08-25,Cabbage,150.0,,200.0,,360.0,2025,8,August,25,0,Monday,35,3,0,150.0,280.0,130.0,0
2025-08-26,Cabbage,170.0,,220.0,,360.0,2025,8,August,26,1,Tuesday,35,3,0,170.0,290.0,120.0,0
2025-08-27,Cabbage,200.0,,250.0,,300.0,2025,8,August,27,2,Wednesday,35,3,0,200.0,275.0,75.0,0
2025-08-28,Cabbage,200.0,,250.0,,320.0,2025,8,August,28,3,Thursday,35,3,0,200.0,285.0,85.0,0
2025-08-29,Cabbage,180.0,,230.0,,320.0,2025,8,August,29,4,Friday,35,3,0,180.0,275.0,95.0,0
2025-09-01,Cabbage,200.0,,250.0,,320.0,2025,9,September,1,0,Monday,36,3,0,200.0,285.0,85.0,0
2025-09-02,Cabbage,200.0,,250.0,,360.0,2025,9,September,2,1,Tuesday,36,3,0,200.0,305.0,105.0,0
2025-09-03,Cabbage,200.0,,250.0,,320.0,2025,9,September,3,2,Wednesday,36,3,0,200.0,285.0,85.0,0
2025-09-04,Cabbage,200.0,,250.0,,320.0,2025,9,September,4,3,Thursday,36,3,0,200.0,285.0,85.0,0
2025-09-08,Cabbage,180.0,,230.0,,320.0,2025,9,September,8,0,Monday,37,3,0,180.0,275.0,95.0,0
2025-09-09,Cabbage,180.0,,230.0,,280.0,2025,9,September,9,1,Tuesday,37,3,0,180.0,255.0,75.0,0
2025-09-10,Cabbage,150.0,,200.0,,360.0,2025,9,September,10,2,Wednesday,37,3,0,150.0,280.0,130.0,0
2025-09-11,Cabbage,150.0,,200.0,,360.0,2025,9,September,11,3,Thursday,37,3,0,150.0,280.0,130.0,0
2025-09-12,Cabbage,150.0,,200.0,,380.0,2025,9,September,12,4,Friday,37,3,0,150.0,290.0,140.0,0
2025-09-15,Cabbage,150.0,,200.0,,360.0,2025,9,September,15,0,Monday,38,3,0,150.0,280.0,130.0,0
2025-09-16,Cabbage,100.0,,150.0,,320.0,2025,9,September,16,1,Tuesday,38,3,0,100.0,235.0,135.0,0
2025-09-17,Cabbage,120.0,,170.0,,320.0,2025,9,September,17,2,Wednesday,38,3,0,120.0,245.0,125.0,0
2025-09-18,Cabbage,120.0,,170.0,,320.0,2025,9,September,18,3,Thursday,38,3,0,120.0,245.0,125.0,0
2025-09-19,Cabbage,120.0,,170.0,,320.0,2025,9,September,19,4,Friday,38,3,0,120.0,245.0,125.0,0
2025-09-22,Cabbage,120.0,,170.0,,320.0,2025,9,September,22,0,Monday,39,3,0,120.0,245.0,125.0,0
2025-09-23,Cabbage,100.0,,150.0,,320.0,2025,9,September,23,1,Tuesday,39,3,0,100.0,235.0,135.0,0
2025-09-26,Cabbage,100.0,,150.0,,300.0,2025,9,September,26,4,Friday,39,3,0,100.0,225.0,125.0,0
2025-09-29,Cabbage,100.0,,150.0,,280.0,2025,9,September,29,0,Monday,40,3,0,100.0,215.0,115.0,0
2025-09-30,Cabbage,100.0,,130.0,,260.0,2025,9,September,30,1,Tuesday,40,3,0,100.0,195.0,95.0,0
2025-10-01,Cabbage,100.0,,130.0,,320.0,2025,10,October,1,2,Wednesday,40,4,0,100.0,225.0,95.0,0
2025-10-02,Cabbage,100.0,,130.0,,240.0,2025,10,October,2,3,Thursday,40,4,0,100.0,185.0,95.0,0
2025-10-03,Cabbage,100.0,,150.0,,240.0,2025,10,October,3,4,Friday,40,4,0,100.0,195.0,95.0,0
2025-10-07,Cabbage,100.0,,130.0,,240.0,2025,10,October,7,1,Tuesday,41,4,0,100.0,185.0,85.0,0
2025-10-08,Cabbage,100.0,,130.0,,240.0,2025,10,October,8,2,Wednesday,41,4,0,100.0,185.0,85.0,0
2025-10-09,Cabbage,100.0,,100.0,,280.0,2025,10,October,9,3,Thursday,41,4,0,100.0,190.0,85.0,0
2025-10-10,Cabbage,100.0,,100.0,,280.0,2025,10,October,10,4,Friday,41,4,0,100.0,190.0,85.0,0
2025-10-13,Cabbage,100.0,,130.0,,320.0,2025,10,October,13,0,Monday,42,4,0,100.0,225.0,85.0,0
2025-10-14,Cabbage,100.0,,130.0,,320.0,2025,10,October,14,1,Tuesday,42,4,0,100.0,225.0,85.0,0
2025-10-15,Cabbage,100.0,,130.0,,280.0,2025,10,October,15,2,Wednesday,42,4,0,100.0,205.0,85.0,0
2025-10-16,Cabbage,100.0,,100.0,,280.0,2025,10,October,16,3,Thursday,42,4,0,100.0,190.0,85.0,0
2025-10-17,Cabbage,100.0,,100.0,,280.0,2025,10,October,17,4,Friday,42,4,0,100.0,190.0,85.0,0
2025-10-21,Cabbage,100.0,,100.0,,280.0,2025,10,October,21,1,Tuesday,43,4,0,100.0,190.0,85.0,0
2025-10-22,Cabbage,100.0,,100.0,,280.0,2025,10,October,22,2,Wednesday,43,4,0,100.0,190.0,85.0,0
2025-10-23,Cabbage,100.0,,100.0,,240.0,2025,10,October,23,3,Thursday,43,4,0,100.0,170.0,85.0,0
2025-10-24,Cabbage,100.0,,100.0,,320.0,2025,10,October,24,4,Friday,43,4,0,100.0,210.0,85.0,0
2025-10-27,Cabbage,100.0,,130.0,,280.0,2025,10,October,27,0,Monday,44,4,0,100.0,205.0,85.0,0
2025-10-28,Cabbage,100.0,,100.0,,240.0,2025,10,October,28,1,Tuesday,44,4,0,100.0,170.0,85.0,0
2025-10-29,Cabbage,100.0,,100.0,,240.0,2025,10,October,29,2,Wednesday,44,4,0,100.0,170.0,85.0,0
2025-10-30,Cabbage,100.0,,100.0,,240.0,2025,10,October,30,3,Thursday,44,4,0,100.0,170.0,85.0,0
2025-10-31,Cabbage,100.0,,130.0,,240.0,2025,10,October,31,4,Friday,44,4,0,100.0,185.0,85.0,0
2025-11-03,Cabbage,100.0,,130.0,,240.0,2025,11,November,3,0,Monday,45,4,0,100.0,185.0,85.0,0
2025-11-04,Cabbage,100.0,,130.0,,240.0,2025,11,November,4,1,Tuesday,45,4,0,100.0,185.0,85.0,0
2025-11-06,Cabbage,100.0,,150.0,,320.0,2025,11,November,6,3,Thursday,45,4,0,100.0,235.0,135.0,0
2025-11-07,Cabbage,100.0,,150.0,,320.0,2025,11,November,7,4,Friday,45,4,0,100.0,235.0,135.0,0
2025-11-10,Cabbage,100.0,,150.0,,320.0,2025,11,November,10,0,Monday,46,4,0,100.0,235.0,135.0,0
2025-11-11,Cabbage,100.0,,150.0,,280.0,2025,11,November,11,1,Tuesday,46,4,0,100.0,215.0,115.0,0
2025-11-12,Cabbage,120.0,,170.0,,280.0,2025,11,November,12,2,Wednesday,46,4,0,120.0,225.0,105.0,0
2025-11-13,Cabbage,100.0,,150.0,,320.0,2025,11,November,13,3,Thursday,46,4,0,100.0,235.0,135.0,0
2025-11-14,Cabbage,100.0,,130.0,,280.0,2025,11,November,14,4,Friday,46,4,0,100.0,205.0,105.0,0
2025-11-17,Cabbage,100.0,,150.0,,320.0,2025,11,November,17,0,Monday,47,4,0,100.0,235.0,135.0,0
2025-11-18,Cabbage,100.0,,150.0,,240.0,2025,11,November,18,1,Tuesday,47,4,0,100.0,195.0,95.0,0
2025-11-19,Cabbage,100.0,,130.0,,240.0,2025,11,November,19,2,Wednesday,47,4,0,100.0,185.0,85.0,0
2025-11-20,Cabbage,100.0,,150.0,,280.0,2025,11,November,20,3,Thursday,47,4,0,100.0,215.0,115.0,0
2025-11-21,Cabbage,100.0,,150.0,,280.0,2025,11,November,21,4,Friday,47,4,0,100.0,215.0,115.0,0
2025-11-24,Cabbage,100.0,,150.0,,240.0,2025,11,November,24,0,Monday,48,4,0,100.0,195.0,95.0,0
2025-11-25,Cabbage,100.0,,130.0,,240.0,2025,11,November,25,1,Tuesday,48,4,0,100.0,185.0,85.0,0
2025-11-26,Cabbage,100.0,,150.0,,240.0,2025,11,November,26,2,Wednesday,48,4,0,100.0,195.0,95.0,0
2025-11-27,Cabbage,140.0,,180.0,,240.0,2025,11,November,27,3,Thursday,48,4,0,140.0,210.0,70.0,0
2025-11-28,Cabbage,140.0,,180.0,,240.0,2025,11,November,28,4,Friday,48,4,0,140.0,210.0,70.0,0
2025-12-01,Cabbage,300.0,,350.0,,600.0,2025,12,December,1,0,Monday,49,4,0,300.0,475.0,175.0,0
2025-12-02,Cabbage,200.0,,250.0,,400.0,2025,12,December,2,1,Tuesday,49,4,0,200.0,325.0,125.0,0
2025-12-03,Cabbage,150.0,,200.0,,400.0,2025,12,December,3,2,Wednesday,49,4,0,150.0,300.0,150.0,0
2025-12-05,Cabbage,200.0,,250.0,,400.0,2025,12,December,5,4,Friday,49,4,0,200.0,325.0,125.0,0
2025-12-08,Cabbage,100.0,,150.0,,320.0,2025,12,December,8,0,Monday,50,4,0,100.0,235.0,135.0,0
2025-12-09,Cabbage,100.0,,150.0,,340.0,2025,12,December,9,1,Tuesday,50,4,0,100.0,245.0,145.0,0
2025-12-10,Cabbage,150.0,,200.0,,340.0,2025,12,December,10,2,Wednesday,50,4,0,150.0,270.0,120.0,0
2025-12-11,Cabbage,150.0,,200.0,,400.0,2025,12,December,11,3,Thursday,50,4,0,150.0,300.0,150.0,0
2025-12-12,Cabbage,150.0,,200.0,,360.0,2025,12,December,12,4,Friday,50,4,0,150.0,280.0,130.0,0
2025-12-15,Cabbage,200.0,,250.0,,480.0,2025,12,December,15,0,Monday,51,4,0,200.0,365.0,165.0,0
2025-12-16,Cabbage,220.0,,280.0,,460.0,2025,12,December,16,1,Tuesday,51,4,0,220.0,370.0,150.0,0
2025-12-17,Cabbage,200.0,,250.0,,480.0,2025,12,December,17,2,Wednesday,51,4,0,200.0,365.0,165.0,0
2025-12-18,Cabbage,220.0,,270.0,,480.0,2025,12,December,18,3,Thursday,51,4,0,220.0,375.0,155.0,0
2025-12-19,Cabbage,250.0,,300.0,,480.0,2025,12,December,19,4,Friday,51,4,0,250.0,390.0,140.0,0
2025-12-22,Cabbage,250.0,,300.0,,480.0,2025,12,December,22,0,Monday,52,4,0,250.0,390.0,140.0,0
2025-12-23,Cabbage,250.0,,300.0,,480.0,2025,12,December,23,1,Tuesday,52,4,0,250.0,390.0,140.0,0
2025-12-24,Cabbage,250.0,,300.0,,480.0,2025,12,December,24,2,Wednesday,52,4,0,250.0,390.0,140.0,0
2025-12-26,Cabbage,300.0,,350.0,,480.0,2025,12,December,26,4,Friday,52,4,0,300.0,415.0,115.0,0
2025-12-29,Cabbage,300.0,,350.0,,480.0,2025,12,December,29,0,Monday,1,4,0,300.0,415.0,115.0,0
2025-12-30,Cabbage,300.0,,350.0,,480.0,2025,12,December,30,1,Tuesday,1,4,0,300.0,415.0,115.0,0
2025-12-31,Cabbage,300.0,,350.0,,480.0,2025,12,December,31,2,Wednesday,1,4,0,300.0,415.0,115.0,0
2026-01-01,Cabbage,250.0,,300.0,,480.0,2026,1,January,1,3,Thursday,1,1,0,250.0,390.0,140.0,0
2026-01-02,Cabbage,300.0,,350.0,,480.0,2026,1,January,2,4,Friday,1,1,0,300.0,415.0,115.0,0
2026-01-05,Cabbage,300.0,,350.0,,480.0,2026,1,January,5,0,Monday,2,1,0,300.0,415.0,115.0,0
2026-01-06,Cabbage,300.0,,350.0,,560.0,2026,1,January,6,1,Tuesday,2,1,0,300.0,455.0,155.0,0
2026-01-07,Cabbage,300.0,,350.0,,560.0,2026,1,January,7,2,Wednesday,2,1,0,300.0,455.0,155.0,0
2026-01-08,Cabbage,250.0,,300.0,,560.0,2026,1,January,8,3,Thursday,2,1,0,250.0,430.0,180.0,0
2026-01-09,Cabbage,200.0,,250.0,,540.0,2026,1,January,9,4,Friday,2,1,0,200.0,395.0,195.0,0
2026-01-12,Cabbage,220.0,,270.0,,480.0,2026,1,January,12,0,Monday,3,1,0,220.0,375.0,155.0,0
2026-01-13,Cabbage,220.0,,270.0,,480.0,2026,1,January,13,1,Tuesday,3,1,0,220.0,375.0,155.0,0
2026-01-14,Cabbage,250.0,,300.0,,480.0,2026,1,January,14,2,Wednesday,3,1,0,250.0,390.0,140.0,0
2026-01-16,Cabbage,250.0,,300.0,,480.0,2026,1,January,16,4,Friday,3,1,0,250.0,390.0,140.0,0
2026-01-19,Cabbage,220.0,,270.0,,480.0,2026,1,January,19,0,Monday,4,1,0,220.0,375.0,155.0,0
2026-01-20,Cabbage,200.0,,250.0,,400.0,2026,1,January,20,1,Tuesday,4,1,0,200.0,325.0,125.0,0
2026-01-21,Cabbage,180.0,,230.0,,360.0,2026,1,January,21,2,Wednesday,4,1,0,180.0,295.0,115.0,0
2026-01-22,Cabbage,180.0,,230.0,,400.0,2026,1,January,22,3,Thursday,4,1,0,180.0,315.0,135.0,0
2026-01-23,Cabbage,180.0,,230.0,,360.0,2026,1,January,23,4,Friday,4,1,0,180.0,295.0,115.0,0
2026-01-26,Cabbage,200.0,,250.0,,400.0,2026,1,January,26,0,Monday,5,1,0,200.0,325.0,125.0,0
2026-01-27,Cabbage,180.0,,230.0,,400.0,2026,1,January,27,1,Tuesday,5,1,0,180.0,315.0,135.0,0
2026-01-28,Cabbage,200.0,,250.0,,400.0,2026,1,January,28,2,Wednesday,5,1,0,200.0,325.0,125.0,0
2026-01-29,Cabbage,200.0,,250.0,,400.0,2026,1,January,29,3,Thursday,5,1,0,200.0,325.0,125.0,0
2026-01-30,Cabbage,180.0,,230.0,,360.0,2026,1,January,30,4,Friday,5,1,0,180.0,295.0,115.0,0
2026-02-02,Cabbage,170.0,,220.0,,400.0,2026,2,February,2,0,Monday,6,1,0,170.0,310.0,140.0,0
2026-02-03,Cabbage,170.0,,220.0,,360.0,2026,2,February,3,1,Tuesday,6,1,0,170.0,290.0,120.0,0
2026-02-05,Cabbage,170.0,,220.0,,360.0,2026,2,February,5,3,Thursday,6,1,0,170.0,290.0,120.0,0
2026-02-06,Cabbage,150.0,,200.0,,360.0,2026,2,February,6,4,Friday,6,1,0,150.0,280.0,130.0,0
2026-02-09,Cabbage,170.0,,220.0,,320.0,2026,2,February,9,0,Monday,7,1,0,170.0,270.0,100.0,0
2026-02-10,Cabbage,170.0,,220.0,,320.0,2026,2,February,10,1,Tuesday,7,1,0,170.0,270.0,100.0,0
2026-02-11,Cabbage,170.0,,220.0,,320.0,2026,2,February,11,2,Wednesday,7,1,0,170.0,270.0,100.0,0
2026-02-12,Cabbage,150.0,,200.0,,320.0,2026,2,February,12,3,Thursday,7,1,0,150.0,260.0,110.0,0
2026-02-13,Cabbage,170.0,,220.0,,320.0,2026,2,February,13,4,Friday,7,1,0,170.0,270.0,100.0,0
2026-02-16,Cabbage,130.0,,180.0,,320.0,2026,2,February,16,0,Monday,8,1,0,130.0,250.0,120.0,0
2026-02-17,Cabbage,130.0,,170.0,,320.0,2026,2,February,17,1,Tuesday,8,1,0,130.0,245.0,115.0,0
2026-02-18,Cabbage,130.0,,170.0,,320.0,2026,2,February,18,2,Wednesday,8,1,0,130.0,245.0,115.0,0
2026-02-19,Cabbage,120.0,,170.0,,320.0,2026,2,February,19,3,Thursday,8,1,0,120.0,245.0,125.0,0
2026-02-20,Cabbage,120.0,,170.0,,320.0,2026,2,February,20,4,Friday,8,1,0,120.0,245.0,125.0,0
2026-02-23,Cabbage,120.0,,170.0,,360.0,2026,2,February,23,0,Monday,9,1,0,120.0,265.0,145.0,0
2026-02-24,Cabbage,100.0,,150.0,,320.0,2026,2,February,24,1,Tuesday,9,1,0,100.0,235.0,135.0,0
2026-02-25,Cabbage,120.0,,170.0,,320.0,2026,2,February,25,2,Wednesday,9,1,0,120.0,245.0,125.0,0
2026-02-26,Cabbage,100.0,,150.0,,280.0,2026,2,February,26,3,Thursday,9,1,0,100.0,215.0,115.0,0
2026-02-27,Cabbage,100.0,,150.0,,280.0,2026,2,February,27,4,Friday,9,1,0,100.0,215.0,115.0,0
2026-03-03,Cabbage,120.0,,170.0,,360.0,2026,3,March,3,1,Tuesday,10,1,0,120.0,265.0,145.0,0
2026-03-04,Cabbage,120.0,,170.0,,360.0,2026,3,March,4,2,Wednesday,10,1,0,120.0,265.0,145.0,0
2026-03-05,Cabbage,180.0,,230.0,,280.0,2026,3,March,5,3,Thursday,10,1,0,180.0,255.0,75.0,0
2026-03-06,Cabbage,180.0,,230.0,,360.0,2026,3,March,6,4,Friday,10,1,0,180.0,295.0,115.0,0
2026-03-09,Cabbage,150.0,,200.0,,320.0,2026,3,March,9,0,Monday,11,1,0,150.0,260.0,110.0,0
2026-03-10,Cabbage,150.0,,200.0,,320.0,2026,3,March,10,1,Tuesday,11,1,0,150.0,260.0,110.0,0
2026-03-11,Cabbage,150.0,,200.0,,280.0,2026,3,March,11,2,Wednesday,11,1,0,150.0,240.0,90.0,0
2026-03-12,Cabbage,150.0,,200.0,,280.0,2026,3,March,12,3,Thursday,11,1,0,150.0,240.0,90.0,0
2026-03-13,Cabbage,150.0,,200.0,,320.0,2026,3,March,13,4,Friday,11,1,0,150.0,260.0,110.0,0
2026-03-16,Cabbage,100.0,,150.0,,280.0,2026,3,March,16,0,Monday,12,1,0,100.0,215.0,115.0,0
2026-03-17,Cabbage,100.0,,150.0,,320.0,2026,3,March,17,1,Tuesday,12,1,0,100.0,235.0,135.0,0
2026-03-18,Cabbage,100.0,,150.0,,340.0,2026,3,March,18,2,Wednesday,12,1,0,100.0,245.0,145.0,0
2026-03-19,Cabbage,100.0,,150.0,,320.0,2026,3,March,19,3,Thursday,12,1,0,100.0,235.0,135.0,0
2026-03-20,Cabbage,100.0,,150.0,,320.0,2026,3,March,20,4,Friday,12,1,0,100.0,235.0,135.0,0
2026-03-23,Cabbage,120.0,,170.0,,320.0,2026,3,March,23,0,Monday,13,1,0,120.0,245.0,125.0,0
2026-03-24,Cabbage,120.0,,170.0,,320.0,2026,3,March,24,1,Tuesday,13,1,0,120.0,320.0,200.0,0
2026-03-25,Cabbage,100.0,,150.0,,320.0,2026,3,March,25,2,Wednesday,13,1,0,100.0,235.0,135.0,0
2026-03-26,Cabbage,100.0,,150.0,,320.0,2026,3,March,26,3,Thursday,13,1,0,100.0,235.0,135.0,0
2026-03-27,Cabbage,100.0,,150.0,,320.0,2026,3,March,27,4,Friday,13,1,0,100.0,235.0,135.0,0
2026-03-30,Cabbage,100.0,,150.0,,320.0,2026,3,March,30,0,Monday,14,1,0,100.0,235.0,135.0,0
2026-03-31,Cabbage,100.0,,150.0,,340.0,2026,3,March,31,1,Tuesday,14,1,0,100.0,245.0,145.0,0
2026-04-02,Cabbage,100.0,,150.0,,340.0,2026,4,April,2,3,Thursday,14,2,0,100.0,245.0,145.0,0
2026-04-06,Cabbage,100.0,,150.0,,320.0,2026,4,April,6,0,Monday,15,2,0,100.0,235.0,135.0,0
2026-04-07,Cabbage,100.0,,130.0,,320.0,2026,4,April,7,1,Tuesday,15,2,0,100.0,225.0,125.0,0
2026-04-08,Cabbage,100.0,,130.0,,280.0,2026,4,April,8,2,Wednesday,15,2,0,100.0,205.0,125.0,0
2026-04-09,Cabbage,100.0,,130.0,,280.0,2026,4,April,9,3,Thursday,15,2,0,100.0,205.0,125.0,0
2026-04-10,Cabbage,100.0,,130.0,,280.0,2026,4,April,10,4,Friday,15,2,0,100.0,205.0,125.0,0
2026-04-16,Cabbage,100.0,,130.0,,280.0,2026,4,April,16,3,Thursday,16,2,0,100.0,205.0,125.0,0
2026-04-17,Cabbage,100.0,,130.0,,280.0,2026,4,April,17,4,Friday,16,2,0,100.0,205.0,125.0,0
2026-04-20,Cabbage,100.0,,150.0,,280.0,2026,4,April,20,0,Monday,17,2,0,100.0,215.0,115.0,0
2026-04-21,Cabbage,100.0,,150.0,,280.0,2026,4,April,21,1,Tuesday,17,2,0,100.0,215.0,115.0,0
2026-04-22,Cabbage,120.0,,170.0,,280.0,2026,4,April,22,2,Wednesday,17,2,0,120.0,225.0,105.0,0
2026-04-23,Cabbage,120.0,,170.0,,260.0,2026,4,April,23,3,Thursday,17,2,0,120.0,215.0,95.0,0
2026-04-24,Cabbage,100.0,,150.0,,280.0,2026,4,April,24,4,Friday,17,2,0,100.0,215.0,115.0,0
2026-04-27,Cabbage,100.0,,130.0,,280.0,2026,4,April,27,0,Monday,18,2,0,100.0,205.0,105.0,0
2026-04-28,Cabbage,100.0,,150.0,,280.0,2026,4,April,28,1,Tuesday,18,2,0,100.0,215.0,115.0,0
2026-04-29,Cabbage,100.0,,120.0,,280.0,2026,4,April,29,2,Wednesday,18,2,0,100.0,200.0,100.0,0
2026-04-30,Cabbage,100.0,,120.0,,280.0,2026,4,April,30,3,Thursday,18,2,0,100.0,200.0,100.0,0
2026-05-04,Cabbage,100.0,,120.0,,280.0,2026,5,May,4,0,Monday,19,2,0,100.0,200.0,100.0,0
2026-05-05,Cabbage,100.0,,120.0,,360.0,2026,5,May,5,1,Tuesday,19,2,0,100.0,240.0,100.0,0
2026-05-06,Cabbage,100.0,,140.0,,360.0,2026,5,May,6,2,Wednesday,19,2,0,100.0,250.0,100.0,0
2026-05-07,Cabbage,100.0,,100.0,,360.0,2026,5,May,7,3,Thursday,19,2,0,100.0,230.0,100.0,0
2026-05-08,Cabbage,100.0,,100.0,,280.0,2026,5,May,8,4,Friday,19,2,0,100.0,190.0,100.0,0
2026-05-11,Cabbage,100.0,,120.0,,320.0,2026,5,May,11,0,Monday,20,2,0,100.0,220.0,100.0,0
2023-01-02,Carrot,250.0,,300.0,,360.0,2023,1,January,2,0,Monday,1,1,0,250.0,330.0,80.0,0
2023-01-03,Carrot,250.0,,300.0,,360.0,2023,1,January,3,1,Tuesday,1,1,0,250.0,330.0,80.0,0
2023-01-04,Carrot,220.0,,260.0,,400.0,2023,1,January,4,2,Wednesday,1,1,0,220.0,330.0,110.0,0
2023-01-05,Carrot,220.0,,260.0,,320.0,2023,1,January,5,3,Thursday,1,1,0,220.0,290.0,70.0,0
2023-01-09,Carrot,180.0,,220.0,,320.0,2023,1,January,9,0,Monday,2,1,0,180.0,270.0,90.0,0
2023-01-10,Carrot,180.0,,220.0,,280.0,2023,1,January,10,1,Tuesday,2,1,0,180.0,250.0,70.0,0
2023-01-11,Carrot,180.0,,220.0,,300.0,2023,1,January,11,2,Wednesday,2,1,0,180.0,260.0,80.0,0
2023-01-12,Carrot,200.0,,250.0,,280.0,2023,1,January,12,3,Thursday,2,1,0,200.0,265.0,65.0,0
2023-01-13,Carrot,200.0,,250.0,,300.0,2023,1,January,13,4,Friday,2,1,0,200.0,275.0,75.0,0
2023-01-17,Carrot,150.0,,200.0,,240.0,2023,1,January,17,1,Tuesday,3,1,0,150.0,220.0,70.0,0
2023-01-18,Carrot,150.0,,200.0,,240.0,2023,1,January,18,2,Wednesday,3,1,0,150.0,220.0,70.0,0
2023-01-19,Carrot,150.0,,200.0,,240.0,2023,1,January,19,3,Thursday,3,1,0,150.0,220.0,70.0,0
2023-01-20,Carrot,150.0,,200.0,,260.0,2023,1,January,20,4,Friday,3,1,0,150.0,230.0,80.0,0
2023-01-23,Carrot,150.0,,200.0,,180.0,2023,1,January,23,0,Monday,4,1,0,150.0,190.0,40.0,0
2023-01-24,Carrot,150.0,,200.0,,240.0,2023,1,January,24,1,Tuesday,4,1,0,150.0,220.0,70.0,0
2023-01-25,Carrot,150.0,,200.0,,240.0,2023,1,January,25,2,Wednesday,4,1,0,150.0,220.0,70.0,0
2023-01-26,Carrot,150.0,,200.0,,240.0,2023,1,January,26,3,Thursday,4,1,0,150.0,220.0,70.0,0
2023-01-27,Carrot,150.0,,200.0,,260.0,2023,1,January,27,4,Friday,4,1,0,150.0,230.0,80.0,0
2023-01-30,Carrot,150.0,,200.0,,240.0,2023,1,January,30,0,Monday,5,1,0,150.0,220.0,70.0,0
2023-01-31,Carrot,150.0,,200.0,,200.0,2023,1,January,31,1,Tuesday,5,1,0,150.0,200.0,50.0,0
2023-02-01,Carrot,120.0,,160.0,,200.0,2023,2,February,1,2,Wednesday,5,1,0,120.0,180.0,60.0,0
2023-02-01,Carrot,120.0,,160.0,,200.0,2023,2,February,1,2,Wednesday,5,1,0,120.0,180.0,60.0,0
2023-02-02,Carrot,120.0,,160.0,,160.0,2023,2,February,2,3,Thursday,5,1,0,120.0,160.0,40.0,0
2023-02-03,Carrot,120.0,,160.0,,160.0,2023,2,February,3,4,Friday,5,1,0,120.0,160.0,40.0,0
2023-02-06,Carrot,140.0,,180.0,,240.0,2023,2,February,6,0,Monday,6,1,0,140.0,210.0,70.0,0
2023-02-07,Carrot,120.0,,160.0,,240.0,2023,2,February,7,1,Tuesday,6,1,0,120.0,200.0,80.0,0
2023-02-08,Carrot,120.0,,160.0,,200.0,2023,2,February,8,2,Wednesday,6,1,0,120.0,180.0,60.0,0
2023-02-09,Carrot,120.0,,160.0,,220.0,2023,2,February,9,3,Thursday,6,1,0,120.0,190.0,70.0,0
2023-02-10,Carrot,100.0,,140.0,,200.0,2023,2,February,10,4,Friday,6,1,0,100.0,170.0,70.0,0
2023-02-13,Carrot,120.0,,160.0,,200.0,2023,2,February,13,0,Monday,7,1,0,120.0,180.0,60.0,0
2023-02-14,Carrot,120.0,,160.0,,220.0,2023,2,February,14,1,Tuesday,7,1,0,120.0,190.0,70.0,0
2023-02-15,Carrot,100.0,,140.0,,240.0,2023,2,February,15,2,Wednesday,7,1,0,100.0,190.0,90.0,0
2023-02-16,Carrot,140.0,,180.0,,240.0,2023,2,February,16,3,Thursday,7,1,0,140.0,210.0,70.0,0
2023-02-17,Carrot,150.0,,200.0,,240.0,2023,2,February,17,4,Friday,7,1,0,150.0,220.0,70.0,0
2023-02-20,Carrot,120.0,,160.0,,240.0,2023,2,February,20,0,Monday,8,1,0,120.0,200.0,80.0,0
2023-02-21,Carrot,120.0,,160.0,,200.0,2023,2,February,21,1,Tuesday,8,1,0,120.0,180.0,60.0,0
2023-02-22,Carrot,140.0,,180.0,,240.0,2023,2,February,22,2,Wednesday,8,1,0,140.0,210.0,70.0,0
2023-02-23,Carrot,140.0,,180.0,,200.0,2023,2,February,23,3,Thursday,8,1,0,140.0,190.0,50.0,0
2023-02-24,Carrot,100.0,,140.0,,220.0,2023,2,February,24,4,Friday,8,1,0,100.0,180.0,80.0,0
2023-02-27,Carrot,120.0,,160.0,,240.0,2023,2,February,27,0,Monday,9,1,0,120.0,200.0,80.0,0
2023-02-28,Carrot,120.0,,160.0,,240.0,2023,2,February,28,1,Tuesday,9,1,0,120.0,200.0,80.0,0
2023-03-01,Carrot,120.0,,160.0,,240.0,2023,3,March,1,2,Wednesday,9,1,0,120.0,200.0,80.0,0
2023-03-02,Carrot,120.0,,160.0,,240.0,2023,3,March,2,3,Thursday,9,1,0,120.0,200.0,80.0,0
2023-03-03,Carrot,120.0,,160.0,,260.0,2023,3,March,3,4,Friday,9,1,0,120.0,210.0,90.0,0
2023-03-07,Carrot,120.0,,160.0,,200.0,2023,3,March,7,1,Tuesday,10,1,0,120.0,180.0,60.0,0
2023-03-08,Carrot,120.0,,160.0,,200.0,2023,3,March,8,2,Wednesday,10,1,0,120.0,180.0,60.0,0
2023-03-09,Carrot,100.0,,140.0,,200.0,2023,3,March,9,3,Thursday,10,1,0,100.0,170.0,70.0,0
2023-03-10,Carrot,100.0,,140.0,,200.0,2023,3,March,10,4,Friday,10,1,0,100.0,170.0,70.0,0
2023-03-13,Carrot,100.0,,140.0,,180.0,2023,3,March,13,0,Monday,11,1,0,100.0,160.0,60.0,0
2023-03-14,Carrot,100.0,,140.0,,180.0,2023,3,March,14,1,Tuesday,11,1,0,100.0,160.0,60.0,0
2023-03-15,Carrot,100.0,,140.0,,180.0,2023,3,March,15,2,Wednesday,11,1,0,100.0,160.0,60.0,0
2023-03-16,Carrot,100.0,,140.0,,200.0,2023,3,March,16,3,Thursday,11,1,0,100.0,170.0,70.0,0
2023-03-17,Carrot,100.0,,140.0,,160.0,2023,3,March,17,4,Friday,11,1,0,100.0,150.0,50.0,0
2023-03-20,Carrot,100.0,,140.0,,180.0,2023,3,March,20,0,Monday,12,1,0,100.0,160.0,60.0,0
2023-03-21,Carrot,100.0,,140.0,,200.0,2023,3,March,21,1,Tuesday,12,1,0,100.0,170.0,70.0,0
2023-03-22,Carrot,100.0,,140.0,,160.0,2023,3,March,22,2,Wednesday,12,1,0,100.0,150.0,50.0,0
2023-03-23,Carrot,100.0,,140.0,,160.0,2023,3,March,23,3,Thursday,12,1,0,100.0,150.0,50.0,0
2023-03-24,Carrot,100.0,,120.0,,160.0,2023,3,March,24,4,Friday,12,1,0,100.0,140.0,40.0,0
2023-03-27,Carrot,100.0,,140.0,,160.0,2023,3,March,27,0,Monday,13,1,0,100.0,150.0,50.0,0
2023-03-28,Carrot,100.0,,140.0,,200.0,2023,3,March,28,1,Tuesday,13,1,0,100.0,170.0,70.0,0
2023-03-29,Carrot,100.0,,140.0,,180.0,2023,3,March,29,2,Wednesday,13,1,0,100.0,160.0,60.0,0
2023-03-30,Carrot,120.0,,160.0,,200.0,2023,3,March,30,3,Thursday,13,1,0,120.0,180.0,60.0,0
2023-03-31,Carrot,120.0,,160.0,,180.0,2023,3,March,31,4,Friday,13,1,0,120.0,170.0,50.0,0
2023-04-03,Carrot,100.0,,140.0,,200.0,2023,4,April,3,0,Monday,14,2,0,100.0,170.0,70.0,0
2023-04-04,Carrot,100.0,,140.0,,200.0,2023,4,April,4,1,Tuesday,14,2,0,100.0,170.0,70.0,0
2023-04-06,Carrot,100.0,,140.0,,180.0,2023,4,April,6,3,Thursday,14,2,0,100.0,160.0,60.0,0
2023-04-10,Carrot,110.0,,150.0,,180.0,2023,4,April,10,0,Monday,15,2,0,110.0,165.0,55.0,0
2023-04-11,Carrot,110.0,,150.0,,200.0,2023,4,April,11,1,Tuesday,15,2,0,110.0,175.0,65.0,0
2023-04-12,Carrot,200.0,,250.0,,200.0,2023,4,April,12,2,Wednesday,15,2,0,200.0,225.0,25.0,0
2023-04-17,Carrot,200.0,,250.0,,220.0,2023,4,April,17,0,Monday,16,2,0,200.0,235.0,35.0,0
2023-04-18,Carrot,180.0,,230.0,,280.0,2023,4,April,18,1,Tuesday,16,2,0,180.0,255.0,75.0,0
2023-04-19,Carrot,150.0,,200.0,,280.0,2023,4,April,19,2,Wednesday,16,2,0,150.0,240.0,90.0,0
2023-04-20,Carrot,150.0,,200.0,,240.0,2023,4,April,20,3,Thursday,16,2,0,150.0,220.0,70.0,0
2023-04-21,Carrot,150.0,,200.0,,240.0,2023,4,April,21,4,Friday,16,2,0,150.0,220.0,70.0,0
2023-04-24,Carrot,140.0,,180.0,,280.0,2023,4,April,24,0,Monday,17,2,0,140.0,230.0,90.0,0
2023-04-25,Carrot,140.0,,180.0,,240.0,2023,4,April,25,1,Tuesday,17,2,0,140.0,210.0,70.0,0
2023-04-26,Carrot,120.0,,150.0,,240.0,2023,4,April,26,2,Wednesday,17,2,0,120.0,195.0,75.0,0
2023-04-27,Carrot,120.0,,150.0,,200.0,2023,4,April,27,3,Thursday,17,2,0,120.0,175.0,55.0,0
2023-04-28,Carrot,120.0,,150.0,,200.0,2023,4,April,28,4,Friday,17,2,0,120.0,175.0,55.0,0
2023-05-02,Carrot,120.0,,160.0,,240.0,2023,5,May,2,1,Tuesday,18,2,0,120.0,200.0,80.0,0
2023-05-03,Carrot,120.0,,160.0,,200.0,2023,5,May,3,2,Wednesday,18,2,0,120.0,180.0,60.0,0
2023-05-04,Carrot,120.0,,160.0,,180.0,2023,5,May,4,3,Thursday,18,2,0,120.0,170.0,50.0,0
2023-05-08,Carrot,140.0,,180.0,,240.0,2023,5,May,8,0,Monday,19,2,0,140.0,210.0,70.0,0
2023-05-09,Carrot,150.0,,200.0,,240.0,2023,5,May,9,1,Tuesday,19,2,0,150.0,220.0,70.0,0
2023-05-10,Carrot,150.0,,200.0,,240.0,2023,5,May,10,2,Wednesday,19,2,0,150.0,220.0,70.0,0
2023-05-11,Carrot,140.0,,180.0,,240.0,2023,5,May,11,3,Thursday,19,2,0,140.0,210.0,70.0,0
2023-05-12,Carrot,140.0,,180.0,,200.0,2023,5,May,12,4,Friday,19,2,0,140.0,190.0,50.0,0
2023-05-15,Carrot,200.0,,240.0,,280.0,2023,5,May,15,0,Monday,20,2,0,200.0,260.0,60.0,0
2023-05-16,Carrot,200.0,,240.0,,260.0,2023,5,May,16,1,Tuesday,20,2,0,200.0,250.0,50.0,0
2023-05-17,Carrot,180.0,,220.0,,280.0,2023,5,May,17,2,Wednesday,20,2,0,180.0,250.0,70.0,0
2023-05-18,Carrot,180.0,,220.0,,360.0,2023,5,May,18,3,Thursday,20,2,0,180.0,290.0,110.0,0
2023-05-19,Carrot,180.0,,220.0,,320.0,2023,5,May,19,4,Friday,20,2,0,180.0,270.0,90.0,0
2023-05-22,Carrot,250.0,,300.0,,320.0,2023,5,May,22,0,Monday,21,2,0,250.0,310.0,60.0,0
2023-05-23,Carrot,300.0,,350.0,,320.0,2023,5,May,23,1,Tuesday,21,2,0,300.0,335.0,35.0,0
2023-05-24,Carrot,280.0,,320.0,,360.0,2023,5,May,24,2,Wednesday,21,2,0,280.0,340.0,60.0,0
2023-05-25,Carrot,280.0,,320.0,,360.0,2023,5,May,25,3,Thursday,21,2,0,280.0,340.0,60.0,0
2023-05-26,Carrot,260.0,,300.0,,360.0,2023,5,May,26,4,Friday,21,2,0,260.0,330.0,70.0,0
2023-05-29,Carrot,300.0,,350.0,,480.0,2023,5,May,29,0,Monday,22,2,0,300.0,415.0,115.0,0
2023-05-30,Carrot,300.0,,350.0,,480.0,2023,5,May,30,1,Tuesday,22,2,0,300.0,415.0,115.0,0
2023-05-31,Carrot,280.0,,320.0,,400.0,2023,5,May,31,2,Wednesday,22,2,0,280.0,360.0,80.0,0
2023-06-01,Carrot,300.0,,350.0,,400.0,2023,6,June,1,3,Thursday,22,2,0,300.0,375.0,75.0,0
2023-06-02,Carrot,300.0,,350.0,,440.0,2023,6,June,2,4,Friday,22,2,0,300.0,395.0,95.0,0
2023-06-05,Carrot,300.0,,350.0,,440.0,2023,6,June,5,0,Monday,23,2,0,300.0,395.0,95.0,0
2023-06-06,Carrot,300.0,,350.0,,420.0,2023,6,June,6,1,Tuesday,23,2,0,300.0,385.0,85.0,0
2023-06-07,Carrot,280.0,,320.0,,480.0,2023,6,June,7,2,Wednesday,23,2,0,280.0,400.0,120.0,0
2023-06-08,Carrot,280.0,,320.0,,400.0,2023,6,June,8,3,Thursday,23,2,0,280.0,360.0,80.0,0
2023-06-09,Carrot,300.0,,350.0,,400.0,2023,6,June,9,4,Friday,23,2,0,300.0,375.0,75.0,0
2023-06-12,Carrot,330.0,,380.0,,440.0,2023,6,June,12,0,Monday,24,2,0,330.0,410.0,80.0,0
2023-06-13,Carrot,330.0,,380.0,,420.0,2023,6,June,13,1,Tuesday,24,2,0,330.0,400.0,70.0,0
2023-06-14,Carrot,300.0,,350.0,,400.0,2023,6,June,14,2,Wednesday,24,2,0,300.0,375.0,75.0,0
2023-06-15,Carrot,300.0,,350.0,,400.0,2023,6,June,15,3,Thursday,24,2,0,300.0,375.0,75.0,0
2023-06-16,Carrot,280.0,,330.0,,400.0,2023,6,June,16,4,Friday,24,2,0,280.0,365.0,85.0,0
2023-06-19,Carrot,320.0,,360.0,,400.0,2023,6,June,19,0,Monday,25,2,0,320.0,380.0,60.0,0
2023-06-20,Carrot,300.0,,350.0,,440.0,2023,6,June,20,1,Tuesday,25,2,0,300.0,395.0,95.0,0
2023-06-21,Carrot,320.0,,370.0,,400.0,2023,6,June,21,2,Wednesday,25,2,0,320.0,385.0,65.0,0
2023-06-22,Carrot,330.0,,380.0,,400.0,2023,6,June,22,3,Thursday,25,2,0,330.0,390.0,60.0,0
2023-06-23,Carrot,330.0,,380.0,,400.0,2023,6,June,23,4,Friday,25,2,0,330.0,390.0,60.0,0
2023-06-26,Carrot,380.0,,450.0,,460.0,2023,6,June,26,0,Monday,26,2,0,380.0,455.0,75.0,0
2023-06-27,Carrot,380.0,,450.0,,380.0,2023,6,June,27,1,Tuesday,26,2,0,380.0,415.0,35.0,0
2023-06-28,Carrot,380.0,,450.0,,380.0,2023,6,June,28,2,Wednesday,26,2,0,380.0,415.0,35.0,0
2023-07-04,Carrot,380.0,,450.0,,520.0,2023,7,July,4,1,Tuesday,27,3,0,380.0,485.0,105.0,0
2023-07-05,Carrot,400.0,,470.0,,520.0,2023,7,July,5,2,Wednesday,27,3,0,400.0,495.0,95.0,0
2023-07-06,Carrot,420.0,,500.0,,520.0,2023,7,July,6,3,Thursday,27,3,0,420.0,510.0,90.0,0
2023-07-07,Carrot,400.0,,460.0,,520.0,2023,7,July,7,4,Friday,27,3,0,400.0,490.0,90.0,0
2023-07-10,Carrot,400.0,,460.0,,320.0,2023,7,July,10,0,Monday,28,3,0,400.0,390.0,-10.0,0
2023-07-11,Carrot,350.0,,400.0,,400.0,2023,7,July,11,1,Tuesday,28,3,0,350.0,400.0,50.0,0
2023-07-12,Carrot,380.0,,430.0,,480.0,2023,7,July,12,2,Wednesday,28,3,0,380.0,455.0,75.0,0
2023-07-13,Carrot,350.0,,400.0,,520.0,2023,7,July,13,3,Thursday,28,3,0,350.0,460.0,110.0,0
2023-07-14,Carrot,350.0,,400.0,,480.0,2023,7,July,14,4,Friday,28,3,0,350.0,440.0,90.0,0
2023-07-17,Carrot,400.0,,450.0,,520.0,2023,7,July,17,0,Monday,29,3,0,400.0,485.0,85.0,0
2023-07-18,Carrot,400.0,,450.0,,480.0,2023,7,July,18,1,Tuesday,29,3,0,400.0,465.0,65.0,0
2023-07-19,Carrot,400.0,,450.0,,500.0,2023,7,July,19,2,Wednesday,29,3,0,400.0,475.0,75.0,0
2023-07-20,Carrot,400.0,,450.0,,480.0,2023,7,July,20,3,Thursday,29,3,0,400.0,465.0,65.0,0
2023-07-21,Carrot,430.0,,480.0,,480.0,2023,7,July,21,4,Friday,29,3,0,430.0,480.0,50.0,0
2023-07-24,Carrot,450.0,,500.0,,480.0,2023,7,July,24,0,Monday,30,3,0,450.0,490.0,40.0,0
2023-07-25,Carrot,480.0,,530.0,,520.0,2023,7,July,25,1,Tuesday,30,3,0,480.0,525.0,45.0,0
2023-07-26,Carrot,480.0,,530.0,,480.0,2023,7,July,26,2,Wednesday,30,3,0,480.0,505.0,25.0,0
2023-07-27,Carrot,450.0,,500.0,,560.0,2023,7,July,27,3,Thursday,30,3,0,450.0,530.0,80.0,0
2023-07-28,Carrot,450.0,,500.0,,520.0,2023,7,July,28,4,Friday,30,3,0,450.0,510.0,60.0,0
2023-07-31,Carrot,400.0,,450.0,,560.0,2023,7,July,31,0,Monday,31,3,0,400.0,505.0,105.0,0
2023-08-02,Carrot,400.0,,450.0,,560.0,2023,8,August,2,2,Wednesday,31,3,0,400.0,505.0,105.0,0
2023-08-03,Carrot,430.0,,480.0,,480.0,2023,8,August,3,3,Thursday,31,3,0,430.0,480.0,50.0,0
2023-08-04,Carrot,430.0,,480.0,,480.0,2023,8,August,4,4,Friday,31,3,0,430.0,480.0,50.0,0
2023-08-07,Carrot,430.0,,480.0,,560.0,2023,8,August,7,0,Monday,32,3,0,430.0,520.0,90.0,0
2023-08-08,Carrot,430.0,,480.0,,560.0,2023,8,August,8,1,Tuesday,32,3,0,430.0,520.0,90.0,0
2023-08-09,Carrot,400.0,,450.0,,480.0,2023,8,August,9,2,Wednesday,32,3,0,400.0,465.0,65.0,0
2023-08-10,Carrot,400.0,,450.0,,560.0,2023,8,August,10,3,Thursday,32,3,0,400.0,505.0,105.0,0
2023-08-11,Carrot,380.0,,420.0,,480.0,2023,8,August,11,4,Friday,32,3,0,380.0,450.0,70.0,0
2023-08-14,Carrot,420.0,,480.0,,480.0,2023,8,August,14,0,Monday,33,3,0,420.0,480.0,60.0,0
2023-08-15,Carrot,420.0,,480.0,,460.0,2023,8,August,15,1,Tuesday,33,3,0,420.0,470.0,50.0,0
2023-08-16,Carrot,400.0,,450.0,,480.0,2023,8,August,16,2,Wednesday,33,3,0,400.0,465.0,65.0,0
2023-08-17,Carrot,400.0,,450.0,,560.0,2023,8,August,17,3,Thursday,33,3,0,400.0,505.0,105.0,0
2023-08-18,Carrot,400.0,,450.0,,440.0,2023,8,August,18,4,Friday,33,3,0,400.0,445.0,45.0,0
2023-08-21,Carrot,300.0,,350.0,,400.0,2023,8,August,21,0,Monday,34,3,0,300.0,375.0,75.0,0
2023-08-22,Carrot,350.0,,400.0,,400.0,2023,8,August,22,1,Tuesday,34,3,0,350.0,400.0,50.0,0
2023-08-23,Carrot,350.0,,400.0,,440.0,2023,8,August,23,2,Wednesday,34,3,0,350.0,420.0,70.0,0
2023-08-25,Carrot,300.0,,350.0,,440.0,2023,8,August,25,4,Friday,34,3,0,300.0,395.0,95.0,0
2023-08-28,Carrot,300.0,,350.0,,440.0,2023,8,August,28,0,Monday,35,3,0,300.0,395.0,95.0,0
2023-08-29,Carrot,300.0,,350.0,,440.0,2023,8,August,29,1,Tuesday,35,3,0,300.0,395.0,95.0,0
2023-08-31,Carrot,300.0,,350.0,,380.0,2023,8,August,31,3,Thursday,35,3,0,300.0,365.0,65.0,0
2023-09-01,Carrot,250.0,,300.0,,400.0,2023,9,September,1,4,Friday,35,3,0,250.0,350.0,100.0,0
2023-09-04,Carrot,200.0,,250.0,,400.0,2023,9,September,4,0,Monday,36,3,0,200.0,325.0,125.0,0
2023-09-05,Carrot,220.0,,280.0,,360.0,2023,9,September,5,1,Tuesday,36,3,0,220.0,320.0,100.0,0
2023-09-06,Carrot,250.0,,300.0,,360.0,2023,9,September,6,2,Wednesday,36,3,0,250.0,330.0,80.0,0
2023-09-07,Carrot,220.0,,260.0,,360.0,2023,9,September,7,3,Thursday,36,3,0,220.0,310.0,90.0,0
2023-09-08,Carrot,200.0,,250.0,,400.0,2023,9,September,8,4,Friday,36,3,0,200.0,325.0,125.0,0
2023-09-11,Carrot,200.0,,250.0,,320.0,2023,9,September,11,0,Monday,37,3,0,200.0,285.0,85.0,0
2023-09-12,Carrot,180.0,,220.0,,360.0,2023,9,September,12,1,Tuesday,37,3,0,180.0,290.0,110.0,0
2023-09-13,Carrot,180.0,,220.0,,320.0,2023,9,September,13,2,Wednesday,37,3,0,180.0,270.0,90.0,0
2023-09-14,Carrot,180.0,,220.0,,280.0,2023,9,September,14,3,Thursday,37,3,0,180.0,250.0,70.0,0
2023-09-15,Carrot,150.0,,200.0,,320.0,2023,9,September,15,4,Friday,37,3,0,150.0,260.0,110.0,0
2023-09-18,Carrot,150.0,,200.0,,240.0,2023,9,September,18,0,Monday,38,3,0,150.0,220.0,70.0,0
2023-09-19,Carrot,150.0,,200.0,,280.0,2023,9,September,19,1,Tuesday,38,3,0,150.0,240.0,90.0,0
2023-09-20,Carrot,150.0,,200.0,,320.0,2023,9,September,20,2,Wednesday,38,3,0,150.0,260.0,110.0,0
2023-09-21,Carrot,120.0,,160.0,,320.0,2023,9,September,21,3,Thursday,38,3,0,120.0,240.0,120.0,0
2023-09-22,Carrot,100.0,,140.0,,280.0,2023,9,September,22,4,Friday,38,3,0,100.0,210.0,110.0,0
2023-09-25,Carrot,120.0,,160.0,,280.0,2023,9,September,25,0,Monday,39,3,0,120.0,220.0,100.0,0
2023-09-26,Carrot,120.0,,160.0,,280.0,2023,9,September,26,1,Tuesday,39,3,0,120.0,220.0,100.0,0
2023-09-27,Carrot,120.0,,160.0,,200.0,2023,9,September,27,2,Wednesday,39,3,0,120.0,180.0,60.0,0
2023-10-02,Carrot,150.0,,200.0,,280.0,2023,10,October,2,0,Monday,40,4,0,150.0,240.0,90.0,0
2023-10-03,Carrot,120.0,,160.0,,360.0,2023,10,October,3,1,Tuesday,40,4,0,120.0,260.0,140.0,0
2023-10-04,Carrot,150.0,,200.0,,360.0,2023,10,October,4,2,Wednesday,40,4,0,150.0,280.0,130.0,0
2023-10-05,Carrot,120.0,,160.0,,360.0,2023,10,October,5,3,Thursday,40,4,0,120.0,260.0,140.0,0
2023-10-06,Carrot,150.0,,200.0,,320.0,2023,10,October,6,4,Friday,40,4,0,150.0,260.0,110.0,0
2023-10-09,Carrot,140.0,,180.0,,320.0,2023,10,October,9,0,Monday,41,4,0,140.0,250.0,110.0,0
2023-10-10,Carrot,150.0,,200.0,,280.0,2023,10,October,10,1,Tuesday,41,4,0,150.0,240.0,90.0,0
2023-10-11,Carrot,150.0,,200.0,,280.0,2023,10,October,11,2,Wednesday,41,4,0,150.0,240.0,90.0,0
2023-10-12,Carrot,140.0,,180.0,,320.0,2023,10,October,12,3,Thursday,41,4,0,140.0,250.0,110.0,0
2023-10-13,Carrot,120.0,,160.0,,360.0,2023,10,October,13,4,Friday,41,4,0,120.0,260.0,140.0,0
2023-10-16,Carrot,130.0,,170.0,,240.0,2023,10,October,16,0,Monday,42,4,0,130.0,205.0,75.0,0
2023-10-17,Carrot,150.0,,200.0,,320.0,2023,10,October,17,1,Tuesday,42,4,0,150.0,260.0,110.0,0
2023-10-18,Carrot,150.0,,200.0,,280.0,2023,10,October,18,2,Wednesday,42,4,0,150.0,240.0,90.0,0
2023-10-19,Carrot,150.0,,200.0,,280.0,2023,10,October,19,3,Thursday,42,4,0,150.0,240.0,90.0,0
2023-10-20,Carrot,150.0,,200.0,,280.0,2023,10,October,20,4,Friday,42,4,0,150.0,240.0,90.0,0
2023-10-23,Carrot,200.0,,250.0,,360.0,2023,10,October,23,0,Monday,43,4,0,200.0,305.0,105.0,0
2023-10-24,Carrot,200.0,,250.0,,280.0,2023,10,October,24,1,Tuesday,43,4,0,200.0,265.0,65.0,0
2023-10-25,Carrot,200.0,,250.0,,320.0,2023,10,October,25,2,Wednesday,43,4,0,200.0,285.0,85.0,0
2023-10-26,Carrot,200.0,,250.0,,360.0,2023,10,October,26,3,Thursday,43,4,0,200.0,305.0,105.0,0
2023-10-27,Carrot,230.0,,280.0,,340.0,2023,10,October,27,4,Friday,43,4,0,230.0,310.0,80.0,0
2023-10-30,Carrot,250.0,,300.0,,320.0,2023,10,October,30,0,Monday,44,4,0,250.0,310.0,60.0,0
2023-10-31,Carrot,250.0,,300.0,,320.0,2023,10,October,31,1,Tuesday,44,4,0,250.0,310.0,60.0,0
2023-11-01,Carrot,200.0,,250.0,,480.0,2023,11,November,1,2,Wednesday,44,4,0,200.0,365.0,165.0,0
2023-11-02,Carrot,220.0,,270.0,,480.0,2023,11,November,2,3,Thursday,44,4,0,220.0,375.0,155.0,0
2023-11-03,Carrot,220.0,,270.0,,400.0,2023,11,November,3,4,Friday,44,4,0,220.0,335.0,115.0,0
2023-11-06,Carrot,220.0,,270.0,,400.0,2023,11,November,6,0,Monday,45,4,0,220.0,335.0,115.0,0
2023-11-07,Carrot,250.0,,300.0,,360.0,2023,11,November,7,1,Tuesday,45,4,0,250.0,330.0,80.0,0
2023-11-08,Carrot,250.0,,300.0,,400.0,2023,11,November,8,2,Wednesday,45,4,0,250.0,350.0,100.0,0
2023-11-09,Carrot,250.0,,300.0,,360.0,2023,11,November,9,3,Thursday,45,4,0,250.0,330.0,80.0,0
2023-11-10,Carrot,250.0,,300.0,,420.0,2023,11,November,10,4,Friday,45,4,0,250.0,360.0,110.0,0
2023-11-13,Carrot,300.0,,350.0,,480.0,2023,11,November,13,0,Monday,46,4,0,300.0,415.0,115.0,0
2023-11-14,Carrot,300.0,,350.0,,520.0,2023,11,November,14,1,Tuesday,46,4,0,300.0,435.0,135.0,0
2023-11-15,Carrot,300.0,,350.0,,560.0,2023,11,November,15,2,Wednesday,46,4,0,300.0,455.0,155.0,0
2023-11-16,Carrot,320.0,,370.0,,480.0,2023,11,November,16,3,Thursday,46,4,0,320.0,425.0,105.0,0
2023-11-17,Carrot,300.0,,350.0,,480.0,2023,11,November,17,4,Friday,46,4,0,300.0,415.0,115.0,0
2023-11-20,Carrot,320.0,,370.0,,480.0,2023,11,November,20,0,Monday,47,4,0,320.0,425.0,105.0,0
2023-11-21,Carrot,320.0,,370.0,,320.0,2023,11,November,21,1,Tuesday,47,4,0,320.0,345.0,25.0,0
2023-11-22,Carrot,300.0,,350.0,,400.0,2023,11,November,22,2,Wednesday,47,4,0,300.0,375.0,75.0,0
2023-11-23,Carrot,300.0,,350.0,,400.0,2023,11,November,23,3,Thursday,47,4,0,300.0,375.0,75.0,0
2023-11-24,Carrot,280.0,,330.0,,320.0,2023,11,November,24,4,Friday,47,4,0,280.0,325.0,45.0,0
2023-11-27,Carrot,330.0,,380.0,,360.0,2023,11,November,27,0,Monday,48,4,0,330.0,370.0,40.0,0
2023-11-28,Carrot,330.0,,380.0,,360.0,2023,11,November,28,1,Tuesday,48,4,0,330.0,370.0,40.0,0
2023-11-29,Carrot,330.0,,380.0,,360.0,2023,11,November,29,2,Wednesday,48,4,0,330.0,370.0,40.0,0
2023-11-30,Carrot,250.0,,280.0,,360.0,2023,11,November,30,3,Thursday,48,4,0,250.0,320.0,70.0,0
2023-12-01,Carrot,250.0,,280.0,,400.0,2023,12,December,1,4,Friday,48,4,0,250.0,340.0,90.0,0
2023-12-04,Carrot,250.0,,280.0,,360.0,2023,12,December,4,0,Monday,49,4,0,250.0,320.0,70.0,0
2023-12-05,Carrot,300.0,,350.0,,440.0,2023,12,December,5,1,Tuesday,49,4,0,300.0,395.0,95.0,0
2023-12-06,Carrot,300.0,,350.0,,400.0,2023,12,December,6,2,Wednesday,49,4,0,300.0,375.0,75.0,0
2023-12-07,Carrot,350.0,,400.0,,400.0,2023,12,December,7,3,Thursday,49,4,0,350.0,400.0,50.0,0
2023-12-08,Carrot,320.0,,360.0,,400.0,2023,12,December,8,4,Friday,49,4,0,320.0,380.0,60.0,0
2023-12-11,Carrot,320.0,,360.0,,480.0,2023,12,December,11,0,Monday,50,4,0,320.0,420.0,100.0,0
2023-12-12,Carrot,320.0,,360.0,,480.0,2023,12,December,12,1,Tuesday,50,4,0,320.0,420.0,100.0,0
2023-12-13,Carrot,350.0,,400.0,,400.0,2023,12,December,13,2,Wednesday,50,4,0,350.0,400.0,50.0,0
2023-12-14,Carrot,320.0,,360.0,,480.0,2023,12,December,14,3,Thursday,50,4,0,320.0,420.0,100.0,0
2023-12-15,Carrot,360.0,,420.0,,480.0,2023,12,December,15,4,Friday,50,4,0,360.0,450.0,90.0,0
2023-12-18,Carrot,350.0,,400.0,,600.0,2023,12,December,18,0,Monday,51,4,0,350.0,500.0,150.0,0
2023-12-19,Carrot,320.0,,370.0,,600.0,2023,12,December,19,1,Tuesday,51,4,0,320.0,485.0,165.0,0
2023-12-20,Carrot,320.0,,370.0,,560.0,2023,12,December,20,2,Wednesday,51,4,0,320.0,465.0,145.0,0
2023-12-21,Carrot,350.0,,400.0,,600.0,2023,12,December,21,3,Thursday,51,4,0,350.0,500.0,150.0,0
2023-12-22,Carrot,350.0,,400.0,,560.0,2023,12,December,22,4,Friday,51,4,0,350.0,480.0,130.0,0
2023-12-27,Carrot,600.0,,650.0,,700.0,2023,12,December,27,2,Wednesday,52,4,0,600.0,675.0,75.0,0
2023-12-28,Carrot,550.0,,600.0,,700.0,2023,12,December,28,3,Thursday,52,4,0,550.0,650.0,100.0,0
2023-12-29,Carrot,550.0,,600.0,,800.0,2023,12,December,29,4,Friday,52,4,0,550.0,700.0,150.0,0
2024-02-01,Carrot,1100.0,,1200.0,,1500.0,2024,2,February,1,3,Thursday,5,1,0,1100.0,1350.0,250.0,0
2024-02-02,Carrot,1000.0,,1100.0,,1200.0,2024,2,February,2,4,Friday,5,1,0,1000.0,1150.0,150.0,0
2024-02-05,Carrot,1000.0,,1100.0,,1200.0,2024,2,February,5,0,Monday,6,1,0,1000.0,1150.0,150.0,0
2024-02-06,Carrot,1000.0,,1100.0,,1200.0,2024,2,February,6,1,Tuesday,6,1,0,1000.0,1150.0,150.0,0
2024-02-07,Carrot,1000.0,,1100.0,,1100.0,2024,2,February,7,2,Wednesday,6,1,0,1000.0,1100.0,100.0,0
2024-02-08,Carrot,800.0,,900.0,,1000.0,2024,2,February,8,3,Thursday,6,1,0,800.0,950.0,150.0,0
2024-02-09,Carrot,700.0,,800.0,,800.0,2024,2,February,9,4,Friday,6,1,0,700.0,800.0,100.0,0
2024-02-12,Carrot,700.0,,800.0,,600.0,2024,2,February,12,0,Monday,7,1,0,700.0,700.0,0.0,0
2024-02-13,Carrot,700.0,,800.0,,600.0,2024,2,February,13,1,Tuesday,7,1,0,700.0,700.0,0.0,0
2024-02-14,Carrot,700.0,,800.0,,800.0,2024,2,February,14,2,Wednesday,7,1,0,700.0,800.0,100.0,0
2024-02-15,Carrot,600.0,,700.0,,800.0,2024,2,February,15,3,Thursday,7,1,0,600.0,750.0,150.0,0
2024-02-16,Carrot,450.0,,500.0,,800.0,2024,2,February,16,4,Friday,7,1,0,450.0,650.0,200.0,0
2024-02-19,Carrot,400.0,,450.0,,600.0,2024,2,February,19,0,Monday,8,1,0,400.0,525.0,125.0,0
2024-02-20,Carrot,420.0,,480.0,,500.0,2024,2,February,20,1,Tuesday,8,1,0,420.0,490.0,70.0,0
2024-02-21,Carrot,420.0,,480.0,,400.0,2024,2,February,21,2,Wednesday,8,1,0,420.0,440.0,20.0,0
2024-02-22,Carrot,420.0,,480.0,,400.0,2024,2,February,22,3,Thursday,8,1,0,420.0,440.0,20.0,0
2024-02-26,Carrot,400.0,,450.0,,600.0,2024,2,February,26,0,Monday,9,1,0,400.0,525.0,125.0,0
2024-02-27,Carrot,420.0,,470.0,,500.0,2024,2,February,27,1,Tuesday,9,1,0,420.0,485.0,65.0,0
2024-02-28,Carrot,400.0,,450.0,,600.0,2024,2,February,28,2,Wednesday,9,1,0,400.0,525.0,125.0,0
2024-02-29,Carrot,450.0,,500.0,,600.0,2024,2,February,29,3,Thursday,9,1,0,450.0,550.0,100.0,0
2024-03-01,Carrot,450.0,,500.0,,600.0,2024,3,March,1,4,Friday,9,1,0,450.0,550.0,100.0,0
2024-03-04,Carrot,320.0,,370.0,,480.0,2024,3,March,4,0,Monday,10,1,0,320.0,425.0,105.0,0
2024-03-05,Carrot,300.0,,350.0,,500.0,2024,3,March,5,1,Tuesday,10,1,0,300.0,425.0,125.0,0
2024-03-06,Carrot,300.0,,350.0,,400.0,2024,3,March,6,2,Wednesday,10,1,0,300.0,375.0,75.0,0
2024-03-07,Carrot,300.0,,350.0,,400.0,2024,3,March,7,3,Thursday,10,1,0,300.0,375.0,75.0,0
2024-03-11,Carrot,450.0,,500.0,,400.0,2024,3,March,11,0,Monday,11,1,0,450.0,450.0,0.0,0
2024-03-12,Carrot,350.0,,400.0,,400.0,2024,3,March,12,1,Tuesday,11,1,0,350.0,400.0,50.0,0
2024-03-13,Carrot,370.0,,420.0,,480.0,2024,3,March,13,2,Wednesday,11,1,0,370.0,450.0,80.0,0
2024-03-14,Carrot,400.0,,450.0,,520.0,2024,3,March,14,3,Thursday,11,1,0,400.0,485.0,85.0,0
2024-03-15,Carrot,320.0,,370.0,,480.0,2024,3,March,15,4,Friday,11,1,0,320.0,425.0,105.0,0
2024-03-18,Carrot,250.0,,300.0,,480.0,2024,3,March,18,0,Monday,12,1,0,250.0,390.0,140.0,0
2024-03-19,Carrot,250.0,,300.0,,400.0,2024,3,March,19,1,Tuesday,12,1,0,250.0,350.0,100.0,0
2024-03-20,Carrot,250.0,,300.0,,240.0,2024,3,March,20,2,Wednesday,12,1,0,250.0,270.0,20.0,0
2024-03-21,Carrot,300.0,,350.0,,240.0,2024,3,March,21,3,Thursday,12,1,0,300.0,295.0,-5.0,0
2024-03-22,Carrot,300.0,,350.0,,240.0,2024,3,March,22,4,Friday,12,1,0,300.0,295.0,-5.0,0
2024-03-25,Carrot,300.0,,350.0,,360.0,2024,3,March,25,0,Monday,13,1,0,300.0,355.0,55.0,0
2024-03-26,Carrot,280.0,,330.0,,280.0,2024,3,March,26,1,Tuesday,13,1,0,280.0,305.0,25.0,0
2024-03-27,Carrot,280.0,,330.0,,400.0,2024,3,March,27,2,Wednesday,13,1,0,280.0,365.0,85.0,0
2024-03-28,Carrot,250.0,,300.0,,280.0,2024,3,March,28,3,Thursday,13,1,0,250.0,290.0,40.0,0
2024-04-01,Carrot,250.0,,300.0,,360.0,2024,4,April,1,0,Monday,14,2,0,250.0,330.0,80.0,0
2024-04-02,Carrot,230.0,,280.0,,360.0,2024,4,April,2,1,Tuesday,14,2,0,230.0,320.0,90.0,0
2024-04-03,Carrot,330.0,,380.0,,360.0,2024,4,April,3,2,Wednesday,14,2,0,330.0,370.0,40.0,0
2024-04-04,Carrot,300.0,,350.0,,360.0,2024,4,April,4,3,Thursday,14,2,0,300.0,355.0,55.0,0
2024-04-05,Carrot,250.0,,300.0,,360.0,2024,4,April,5,4,Friday,14,2,0,250.0,330.0,80.0,0
2024-04-08,Carrot,230.0,,280.0,,200.0,2024,4,April,8,0,Monday,15,2,0,230.0,240.0,10.0,0
2024-04-09,Carrot,230.0,,280.0,,360.0,2024,4,April,9,1,Tuesday,15,2,0,230.0,320.0,90.0,0
2024-04-10,Carrot,200.0,,250.0,,360.0,2024,4,April,10,2,Wednesday,15,2,0,200.0,305.0,105.0,0
2024-04-15,Carrot,300.0,,330.0,,360.0,2024,4,April,15,0,Monday,16,2,0,300.0,345.0,45.0,0
2024-04-16,Carrot,280.0,,330.0,,360.0,2024,4,April,16,1,Tuesday,16,2,0,280.0,330.0,50.0,0
2024-04-17,Carrot,230.0,,280.0,,440.0,2024,4,April,17,2,Wednesday,16,2,0,230.0,360.0,130.0,0
2024-04-18,Carrot,200.0,,250.0,,380.0,2024,4,April,18,3,Thursday,16,2,0,200.0,315.0,115.0,0
2024-04-19,Carrot,200.0,,250.0,,380.0,2024,4,April,19,4,Friday,16,2,0,200.0,315.0,115.0,0
2024-04-22,Carrot,180.0,,230.0,,320.0,2024,4,April,22,0,Monday,17,2,0,180.0,275.0,95.0,0
2024-04-24,Carrot,200.0,,250.0,,360.0,2024,4,April,24,2,Wednesday,17,2,0,200.0,305.0,105.0,0
2024-04-25,Carrot,200.0,,250.0,,360.0,2024,4,April,25,3,Thursday,17,2,0,200.0,305.0,105.0,0
2024-04-26,Carrot,180.0,,230.0,,360.0,2024,4,April,26,4,Friday,17,2,0,180.0,295.0,115.0,0
2024-04-29,Carrot,180.0,,230.0,,320.0,2024,4,April,29,0,Monday,18,2,0,180.0,275.0,95.0,0
2024-04-30,Carrot,150.0,,200.0,,320.0,2024,4,April,30,1,Tuesday,18,2,0,150.0,260.0,110.0,0
2024-05-02,Carrot,120.0,,180.0,,320.0,2024,5,May,2,3,Thursday,18,2,0,120.0,250.0,130.0,0
2024-05-03,Carrot,120.0,,180.0,,320.0,2024,5,May,3,4,Friday,18,2,0,120.0,250.0,130.0,0
2024-05-06,Carrot,130.0,,180.0,,320.0,2024,5,May,6,0,Monday,19,2,0,130.0,250.0,120.0,0
2024-05-07,Carrot,130.0,,180.0,,320.0,2024,5,May,7,1,Tuesday,19,2,0,130.0,250.0,120.0,0
2024-05-08,Carrot,130.0,,180.0,,280.0,2024,5,May,8,2,Wednesday,19,2,0,130.0,230.0,100.0,0
2024-05-09,Carrot,130.0,,180.0,,280.0,2024,5,May,9,3,Thursday,19,2,0,130.0,230.0,100.0,0
2024-05-10,Carrot,120.0,,170.0,,280.0,2024,5,May,10,4,Friday,19,2,0,120.0,225.0,105.0,0
2024-05-13,Carrot,150.0,,200.0,,160.0,2024,5,May,13,0,Monday,20,2,0,150.0,180.0,30.0,0
2024-05-14,Carrot,100.0,,150.0,,280.0,2024,5,May,14,1,Tuesday,20,2,0,100.0,215.0,115.0,0
2024-05-15,Carrot,100.0,,150.0,,200.0,2024,5,May,15,2,Wednesday,20,2,0,100.0,175.0,75.0,0
2024-05-16,Carrot,100.0,,150.0,,280.0,2024,5,May,16,3,Thursday,20,2,0,100.0,215.0,115.0,0
2024-05-17,Carrot,120.0,,170.0,,280.0,2024,5,May,17,4,Friday,20,2,0,120.0,225.0,105.0,0
2024-05-20,Carrot,100.0,,150.0,,280.0,2024,5,May,20,0,Monday,21,2,0,100.0,215.0,115.0,0
2024-05-21,Carrot,130.0,,180.0,,280.0,2024,5,May,21,1,Tuesday,21,2,0,130.0,230.0,100.0,0
2024-05-22,Carrot,150.0,,200.0,,320.0,2024,5,May,22,2,Wednesday,21,2,0,150.0,260.0,110.0,0
2024-05-22,Carrot,170.0,,230.0,,280.0,2024,5,May,22,2,Wednesday,21,2,0,170.0,255.0,85.0,0
2024-05-27,Carrot,120.0,,170.0,,320.0,2024,5,May,27,0,Monday,22,2,0,120.0,245.0,125.0,0
2024-05-28,Carrot,150.0,,200.0,,320.0,2024,5,May,28,1,Tuesday,22,2,0,150.0,260.0,110.0,0
2024-05-29,Carrot,150.0,,200.0,,300.0,2024,5,May,29,2,Wednesday,22,2,0,150.0,250.0,100.0,0
2024-05-31,Carrot,130.0,,180.0,,320.0,2024,5,May,31,4,Friday,22,2,0,130.0,250.0,120.0,0
2024-06-03,Carrot,130.0,,180.0,,320.0,2024,6,June,3,0,Monday,23,2,0,130.0,250.0,120.0,0
2024-06-04,Carrot,120.0,,170.0,,340.0,2024,6,June,4,1,Tuesday,23,2,0,120.0,255.0,135.0,0
2024-06-05,Carrot,150.0,,200.0,,320.0,2024,6,June,5,2,Wednesday,23,2,0,150.0,260.0,110.0,0
2024-06-06,Carrot,150.0,,200.0,,320.0,2024,6,June,6,3,Thursday,23,2,0,150.0,260.0,110.0,0
2024-06-07,Carrot,150.0,,200.0,,320.0,2024,6,June,7,4,Friday,23,2,0,150.0,260.0,110.0,0
2024-06-10,Carrot,300.0,,350.0,,480.0,2024,6,June,10,0,Monday,24,2,0,300.0,415.0,115.0,0
2024-06-11,Carrot,300.0,,350.0,,480.0,2024,6,June,11,1,Tuesday,24,2,0,300.0,415.0,115.0,0
2024-06-12,Carrot,350.0,,400.0,,480.0,2024,6,June,12,2,Wednesday,24,2,0,350.0,440.0,90.0,0
2024-06-13,Carrot,300.0,,350.0,,480.0,2024,6,June,13,3,Thursday,24,2,0,300.0,415.0,115.0,0
2024-06-14,Carrot,300.0,,350.0,,480.0,2024,6,June,14,4,Friday,24,2,0,300.0,415.0,115.0,0
2024-06-18,Carrot,270.0,,330.0,,360.0,2024,6,June,18,1,Tuesday,25,2,0,270.0,345.0,75.0,0
2024-06-19,Carrot,320.0,,370.0,,480.0,2024,6,June,19,2,Wednesday,25,2,0,320.0,425.0,105.0,0
2024-06-20,Carrot,400.0,,450.0,,460.0,2024,6,June,20,3,Thursday,25,2,0,400.0,455.0,55.0,0
2024-06-24,Carrot,400.0,,450.0,,560.0,2024,6,June,24,0,Monday,26,2,0,400.0,505.0,105.0,0
2024-06-25,Carrot,400.0,,450.0,,560.0,2024,6,June,25,1,Tuesday,26,2,0,400.0,505.0,105.0,0
2024-06-26,Carrot,450.0,,500.0,,560.0,2024,6,June,26,2,Wednesday,26,2,0,450.0,530.0,80.0,0
2024-06-27,Carrot,400.0,,450.0,,540.0,2024,6,June,27,3,Thursday,26,2,0,400.0,495.0,95.0,0
2024-06-28,Carrot,380.0,,430.0,,560.0,2024,6,June,28,4,Friday,26,2,0,380.0,495.0,115.0,0
2024-07-01,Carrot,350.0,,400.0,,600.0,2024,7,July,1,0,Monday,27,3,0,350.0,500.0,150.0,0
2024-07-02,Carrot,400.0,,450.0,,600.0,2024,7,July,2,1,Tuesday,27,3,0,400.0,525.0,125.0,0
2024-07-03,Carrot,430.0,,480.0,,560.0,2024,7,July,3,2,Wednesday,27,3,0,430.0,520.0,90.0,0
2024-07-04,Carrot,350.0,,400.0,,600.0,2024,7,July,4,3,Thursday,27,3,0,350.0,500.0,150.0,0
2024-07-05,Carrot,350.0,,400.0,,520.0,2024,7,July,5,4,Friday,27,3,0,350.0,460.0,110.0,0
2024-07-08,Carrot,300.0,,350.0,,520.0,2024,7,July,8,0,Monday,28,3,0,300.0,435.0,135.0,0
2024-07-09,Carrot,300.0,,350.0,,500.0,2024,7,July,9,1,Tuesday,28,3,0,300.0,425.0,125.0,0
2024-07-10,Carrot,300.0,,350.0,,520.0,2024,7,July,10,2,Wednesday,28,3,0,300.0,435.0,135.0,0
2024-07-11,Carrot,350.0,,400.0,,500.0,2024,7,July,11,3,Thursday,28,3,0,350.0,450.0,100.0,0
2024-07-11,Carrot,350.0,,130.0,,120.0,2024,7,July,11,3,Thursday,28,3,0,350.0,125.0,100.0,0
2024-07-12,Carrot,320.0,,380.0,,480.0,2024,7,July,12,4,Friday,28,3,0,320.0,430.0,110.0,0
2024-07-15,Carrot,350.0,,400.0,,520.0,2024,7,July,15,0,Monday,29,3,0,350.0,460.0,110.0,0
2024-07-16,Carrot,350.0,,400.0,,500.0,2024,7,July,16,1,Tuesday,29,3,0,350.0,450.0,100.0,0
2024-07-17,Carrot,350.0,,400.0,,520.0,2024,7,July,17,2,Wednesday,29,3,0,350.0,460.0,110.0,0
2024-07-18,Carrot,270.0,,320.0,,560.0,2024,7,July,18,3,Thursday,29,3,0,270.0,440.0,170.0,0
2024-07-19,Carrot,250.0,,300.0,,560.0,2024,7,July,19,4,Friday,29,3,0,250.0,430.0,180.0,0
2024-07-22,Carrot,400.0,,450.0,,520.0,2024,7,July,22,0,Monday,30,3,0,400.0,485.0,85.0,0
2024-07-23,Carrot,420.0,,470.0,,520.0,2024,7,July,23,1,Tuesday,30,3,0,420.0,495.0,75.0,0
2024-07-24,Carrot,400.0,,450.0,,480.0,2024,7,July,24,2,Wednesday,30,3,0,400.0,465.0,65.0,0
2024-07-25,Carrot,350.0,,400.0,,460.0,2024,7,July,25,3,Thursday,30,3,0,350.0,430.0,80.0,0
2024-07-26,Carrot,350.0,,400.0,,480.0,2024,7,July,26,4,Friday,30,3,0,350.0,440.0,90.0,0
2024-07-29,Carrot,300.0,,350.0,,480.0,2024,7,July,29,0,Monday,31,3,0,300.0,415.0,115.0,0
2024-07-30,Carrot,270.0,,320.0,,480.0,2024,7,July,30,1,Tuesday,31,3,0,270.0,400.0,130.0,0
2024-07-31,Carrot,300.0,,350.0,,460.0,2024,7,July,31,2,Wednesday,31,3,0,300.0,405.0,105.0,0
2024-08-01,Carrot,270.0,,320.0,,480.0,2024,8,August,1,3,Thursday,31,3,0,270.0,400.0,130.0,0
2024-08-02,Carrot,300.0,,350.0,,460.0,2024,8,August,2,4,Friday,31,3,0,300.0,405.0,105.0,0
2024-08-05,Carrot,300.0,,350.0,,400.0,2024,8,August,5,0,Monday,32,3,0,300.0,375.0,75.0,0
2024-08-06,Carrot,320.0,,370.0,,400.0,2024,8,August,6,1,Tuesday,32,3,0,320.0,385.0,65.0,0
2024-08-07,Carrot,250.0,,300.0,,400.0,2024,8,August,7,2,Wednesday,32,3,0,250.0,350.0,100.0,0
2024-08-08,Carrot,230.0,,280.0,,400.0,2024,8,August,8,3,Thursday,32,3,0,230.0,340.0,110.0,0
2024-08-09,Carrot,200.0,,250.0,,400.0,2024,8,August,9,4,Friday,32,3,0,200.0,325.0,125.0,0
2024-08-12,Carrot,250.0,,300.0,,420.0,2024,8,August,12,0,Monday,33,3,0,250.0,360.0,110.0,0
2024-08-13,Carrot,250.0,,300.0,,420.0,2024,8,August,13,1,Tuesday,33,3,0,250.0,360.0,110.0,0
2024-08-14,Carrot,250.0,,300.0,,440.0,2024,8,August,14,2,Wednesday,33,3,0,250.0,370.0,120.0,0
2024-08-15,Carrot,200.0,,250.0,,400.0,2024,8,August,15,3,Thursday,33,3,0,200.0,325.0,125.0,0
2024-08-16,Carrot,200.0,,250.0,,360.0,2024,8,August,16,4,Friday,33,3,0,200.0,305.0,105.0,0
2024-08-20,Carrot,200.0,,250.0,,360.0,2024,8,August,20,1,Tuesday,34,3,0,200.0,305.0,105.0,0
2024-08-21,Carrot,180.0,,230.0,,360.0,2024,8,August,21,2,Wednesday,34,3,0,180.0,295.0,115.0,0
2024-08-22,Carrot,180.0,,230.0,,360.0,2024,8,August,22,3,Thursday,34,3,0,180.0,295.0,115.0,0
2024-08-23,Carrot,180.0,,230.0,,360.0,2024,8,August,23,4,Friday,34,3,0,180.0,295.0,115.0,0
2024-08-26,Carrot,160.0,,200.0,,360.0,2024,8,August,26,0,Monday,35,3,0,160.0,280.0,120.0,0
2024-08-27,Carrot,180.0,,230.0,,320.0,2024,8,August,27,1,Tuesday,35,3,0,180.0,275.0,95.0,0
2024-08-28,Carrot,180.0,,230.0,,320.0,2024,8,August,28,2,Wednesday,35,3,0,180.0,275.0,95.0,0
2024-08-29,Carrot,200.0,,250.0,,360.0,2024,8,August,29,3,Thursday,35,3,0,200.0,305.0,105.0,0
2024-08-30,Carrot,180.0,,230.0,,360.0,2024,8,August,30,4,Friday,35,3,0,180.0,295.0,115.0,0
2024-09-02,Carrot,200.0,,250.0,,320.0,2024,9,September,2,0,Monday,36,3,0,200.0,285.0,85.0,0
2024-09-03,Carrot,200.0,,250.0,,360.0,2024,9,September,3,1,Tuesday,36,3,0,200.0,305.0,105.0,0
2024-09-04,Carrot,180.0,,230.0,,360.0,2024,9,September,4,2,Wednesday,36,3,0,180.0,295.0,115.0,0
2024-09-05,Carrot,180.0,,230.0,,320.0,2024,9,September,5,3,Thursday,36,3,0,180.0,275.0,95.0,0
2024-09-06,Carrot,180.0,,230.0,,320.0,2024,9,September,6,4,Friday,36,3,0,180.0,275.0,95.0,0
2024-09-09,Carrot,180.0,,230.0,,320.0,2024,9,September,9,0,Monday,37,3,0,180.0,275.0,95.0,0
2024-09-10,Carrot,200.0,,250.0,,320.0,2024,9,September,10,1,Tuesday,37,3,0,200.0,285.0,85.0,0
2024-09-11,Carrot,180.0,,230.0,,320.0,2024,9,September,11,2,Wednesday,37,3,0,180.0,275.0,95.0,0
2024-09-12,Carrot,150.0,,200.0,,320.0,2024,9,September,12,3,Thursday,37,3,0,150.0,260.0,110.0,0
2024-09-13,Carrot,150.0,,200.0,,320.0,2024,9,September,13,4,Friday,37,3,0,150.0,260.0,110.0,0
2024-09-18,Carrot,150.0,,200.0,,240.0,2024,9,September,18,2,Wednesday,38,3,0,150.0,220.0,70.0,0
2024-09-19,Carrot,150.0,,200.0,,240.0,2024,9,September,19,3,Thursday,38,3,0,150.0,220.0,70.0,0
2024-09-20,Carrot,150.0,,200.0,,240.0,2024,9,September,20,4,Friday,38,3,0,150.0,220.0,70.0,0
2024-09-23,Carrot,150.0,,200.0,,240.0,2024,9,September,23,0,Monday,39,3,0,150.0,220.0,70.0,0
2024-09-24,Carrot,180.0,,230.0,,280.0,2024,9,September,24,1,Tuesday,39,3,0,180.0,255.0,75.0,0
2024-09-25,Carrot,150.0,,200.0,,240.0,2024,9,September,25,2,Wednesday,39,3,0,150.0,220.0,70.0,0
2024-09-26,Carrot,150.0,,200.0,,320.0,2024,9,September,26,3,Thursday,39,3,0,150.0,260.0,110.0,0
2024-09-27,Carrot,100.0,,150.0,,320.0,2024,9,September,27,4,Friday,39,3,0,100.0,235.0,135.0,0
2024-09-30,Carrot,120.0,,170.0,,200.0,2024,9,September,30,0,Monday,40,3,0,120.0,185.0,65.0,0
2024-10-01,Carrot,100.0,,150.0,,200.0,2024,10,October,1,1,Tuesday,40,4,0,100.0,175.0,75.0,0
2024-10-02,Carrot,100.0,,150.0,,200.0,2024,10,October,2,2,Wednesday,40,4,0,100.0,175.0,75.0,0
2024-10-03,Carrot,100.0,,150.0,,200.0,2024,10,October,3,3,Thursday,40,4,0,100.0,175.0,75.0,0
2024-10-04,Carrot,100.0,,150.0,,180.0,2024,10,October,4,4,Friday,40,4,0,100.0,165.0,65.0,0
2024-10-07,Carrot,120.0,,180.0,,180.0,2024,10,October,7,0,Monday,41,4,0,120.0,180.0,60.0,0
2024-10-08,Carrot,100.0,,150.0,,180.0,2024,10,October,8,1,Tuesday,41,4,0,100.0,165.0,65.0,0
2024-10-09,Carrot,120.0,,170.0,,180.0,2024,10,October,9,2,Wednesday,41,4,0,120.0,175.0,55.0,0
2024-10-10,Carrot,100.0,,150.0,,180.0,2024,10,October,10,3,Thursday,41,4,0,100.0,165.0,65.0,0
2024-10-11,Carrot,100.0,,130.0,,160.0,2024,10,October,11,4,Friday,41,4,0,100.0,145.0,45.0,0
2024-10-14,Carrot,100.0,,150.0,,200.0,2024,10,October,14,0,Monday,42,4,0,100.0,175.0,75.0,0
2024-10-15,Carrot,100.0,,130.0,,200.0,2024,10,October,15,1,Tuesday,42,4,0,100.0,165.0,65.0,0
2024-10-16,Carrot,100.0,,120.0,,160.0,2024,10,October,16,2,Wednesday,42,4,0,100.0,140.0,65.0,0
2024-10-18,Carrot,100.0,,120.0,,180.0,2024,10,October,18,4,Friday,42,4,0,100.0,150.0,65.0,0
2024-10-21,Carrot,100.0,,150.0,,180.0,2024,10,October,21,0,Monday,43,4,0,100.0,165.0,65.0,0
2024-10-22,Carrot,100.0,,150.0,,180.0,2024,10,October,22,1,Tuesday,43,4,0,100.0,165.0,65.0,0
2024-10-23,Carrot,100.0,,130.0,,180.0,2024,10,October,23,2,Wednesday,43,4,0,100.0,155.0,55.0,0
2024-10-24,Carrot,100.0,,130.0,,180.0,2024,10,October,24,3,Thursday,43,4,0,100.0,155.0,55.0,0
2024-10-25,Carrot,100.0,,150.0,,180.0,2024,10,October,25,4,Friday,43,4,0,100.0,165.0,65.0,0
2024-10-28,Carrot,100.0,,150.0,,120.0,2024,10,October,28,0,Monday,44,4,0,100.0,135.0,35.0,0
2024-10-29,Carrot,100.0,,140.0,,120.0,2024,10,October,29,1,Tuesday,44,4,0,100.0,130.0,30.0,0
2024-10-30,Carrot,100.0,,130.0,,120.0,2024,10,October,30,2,Wednesday,44,4,0,100.0,125.0,30.0,0
2024-11-01,Carrot,100.0,,150.0,,180.0,2024,11,November,1,4,Friday,44,4,0,100.0,165.0,65.0,0
2024-11-04,Carrot,100.0,,130.0,,160.0,2024,11,November,4,0,Monday,45,4,0,100.0,145.0,45.0,0
2024-11-05,Carrot,100.0,,130.0,,160.0,2024,11,November,5,1,Tuesday,45,4,0,100.0,145.0,45.0,0
2024-11-06,Carrot,100.0,,100.0,,120.0,2024,11,November,6,2,Wednesday,45,4,0,100.0,110.0,45.0,0
2024-11-08,Carrot,100.0,,150.0,,120.0,2024,11,November,8,4,Friday,45,4,0,100.0,135.0,35.0,0
2024-11-11,Carrot,100.0,,140.0,,200.0,2024,11,November,11,0,Monday,46,4,0,100.0,170.0,70.0,0
2024-11-12,Carrot,120.0,,160.0,,220.0,2024,11,November,12,1,Tuesday,46,4,0,120.0,190.0,70.0,0
2024-11-13,Carrot,100.0,,150.0,,220.0,2024,11,November,13,2,Wednesday,46,4,0,100.0,185.0,85.0,0
2024-11-14,Carrot,100.0,,130.0,,220.0,2024,11,November,14,3,Thursday,46,4,0,100.0,175.0,75.0,0
2024-11-18,Carrot,100.0,,130.0,,240.0,2024,11,November,18,0,Monday,47,4,0,100.0,185.0,75.0,0
2024-11-19,Carrot,100.0,,120.0,,240.0,2024,11,November,19,1,Tuesday,47,4,0,100.0,180.0,75.0,0
2024-11-20,Carrot,100.0,,120.0,,240.0,2024,11,November,20,2,Wednesday,47,4,0,100.0,180.0,75.0,0
2024-11-21,Carrot,100.0,,120.0,,240.0,2024,11,November,21,3,Thursday,47,4,0,100.0,180.0,75.0,0
2024-11-22,Carrot,100.0,,120.0,,200.0,2024,11,November,22,4,Friday,47,4,0,100.0,160.0,75.0,0
2024-11-25,Carrot,100.0,,150.0,,200.0,2024,11,November,25,0,Monday,48,4,0,100.0,175.0,75.0,0
2024-11-26,Carrot,130.0,,180.0,,200.0,2024,11,November,26,1,Tuesday,48,4,0,130.0,190.0,60.0,0
2024-11-27,Carrot,130.0,,180.0,,320.0,2024,11,November,27,2,Wednesday,48,4,0,130.0,250.0,120.0,0
2024-11-28,Carrot,120.0,,170.0,,200.0,2024,11,November,28,3,Thursday,48,4,0,120.0,185.0,65.0,0
2024-11-29,Carrot,150.0,,200.0,,200.0,2024,11,November,29,4,Friday,48,4,0,150.0,200.0,50.0,0
2024-12-02,Carrot,150.0,,200.0,,280.0,2024,12,December,2,0,Monday,49,4,0,150.0,240.0,90.0,0
2024-12-03,Carrot,100.0,,150.0,,240.0,2024,12,December,3,1,Tuesday,49,4,0,100.0,195.0,95.0,0
2024-12-04,Carrot,100.0,,150.0,,280.0,2024,12,December,4,2,Wednesday,49,4,0,100.0,215.0,115.0,0
2024-12-05,Carrot,100.0,,150.0,,280.0,2024,12,December,5,3,Thursday,49,4,0,100.0,215.0,115.0,0
2024-12-06,Carrot,100.0,,130.0,,320.0,2024,12,December,6,4,Friday,49,4,0,100.0,225.0,125.0,0
2024-12-09,Carrot,140.0,,180.0,,280.0,2024,12,December,9,0,Monday,50,4,0,140.0,230.0,90.0,0
2024-12-10,Carrot,150.0,,200.0,,280.0,2024,12,December,10,1,Tuesday,50,4,0,150.0,240.0,90.0,0
2024-12-11,Carrot,140.0,,180.0,,260.0,2024,12,December,11,2,Wednesday,50,4,0,140.0,220.0,80.0,0
2024-12-12,Carrot,150.0,,200.0,,260.0,2024,12,December,12,3,Thursday,50,4,0,150.0,230.0,80.0,0
2024-12-13,Carrot,180.0,,230.0,,280.0,2024,12,December,13,4,Friday,50,4,0,180.0,255.0,75.0,0
2024-12-16,Carrot,150.0,,200.0,,280.0,2024,12,December,16,0,Monday,51,4,0,150.0,240.0,90.0,0
2024-12-17,Carrot,130.0,,180.0,,280.0,2024,12,December,17,1,Tuesday,51,4,0,130.0,230.0,100.0,0
2024-12-18,Carrot,150.0,,200.0,,280.0,2024,12,December,18,2,Wednesday,51,4,0,150.0,240.0,90.0,0
2024-12-19,Carrot,130.0,,180.0,,280.0,2024,12,December,19,3,Thursday,51,4,0,130.0,230.0,100.0,0
2024-12-20,Carrot,150.0,,200.0,,280.0,2024,12,December,20,4,Friday,51,4,0,150.0,240.0,90.0,0
2024-12-23,Carrot,150.0,,200.0,,260.0,2024,12,December,23,0,Monday,52,4,0,150.0,230.0,80.0,0
2024-12-24,Carrot,150.0,,200.0,,280.0,2024,12,December,24,1,Tuesday,52,4,0,150.0,240.0,90.0,0
2024-12-26,Carrot,150.0,,200.0,,320.0,2024,12,December,26,3,Thursday,52,4,0,150.0,260.0,110.0,0
2024-12-27,Carrot,130.0,,180.0,,360.0,2024,12,December,27,4,Friday,52,4,0,130.0,270.0,140.0,0
2024-12-30,Carrot,200.0,,250.0,,400.0,2024,12,December,30,0,Monday,1,4,0,200.0,325.0,125.0,0
2024-12-31,Carrot,250.0,,300.0,,480.0,2024,12,December,31,1,Tuesday,1,4,0,250.0,390.0,140.0,0
2025-01-01,Carrot,200.0,,250.0,,480.0,2025,1,January,1,2,Wednesday,1,1,0,200.0,365.0,165.0,0
2025-01-02,Carrot,200.0,,250.0,,400.0,2025,1,January,2,3,Thursday,1,1,0,200.0,325.0,125.0,0
2025-01-03,Carrot,250.0,,300.0,,400.0,2025,1,January,3,4,Friday,1,1,0,250.0,350.0,100.0,0
2025-01-06,Carrot,180.0,,230.0,,400.0,2025,1,January,6,0,Monday,2,1,0,180.0,315.0,135.0,0
2025-01-07,Carrot,250.0,,300.0,,360.0,2025,1,January,7,1,Tuesday,2,1,0,250.0,330.0,80.0,0
2025-01-08,Carrot,200.0,,250.0,,360.0,2025,1,January,8,2,Wednesday,2,1,0,200.0,305.0,105.0,0
2025-01-09,Carrot,180.0,,230.0,,320.0,2025,1,January,9,3,Thursday,2,1,0,180.0,275.0,95.0,0
2025-01-10,Carrot,200.0,,250.0,,240.0,2025,1,January,10,4,Friday,2,1,0,200.0,245.0,45.0,0
2025-01-15,Carrot,250.0,,300.0,,360.0,2025,1,January,15,2,Wednesday,3,1,0,250.0,330.0,80.0,0
2025-01-16,Carrot,280.0,,330.0,,360.0,2025,1,January,16,3,Thursday,3,1,0,280.0,345.0,65.0,0
2025-01-17,Carrot,250.0,,300.0,,360.0,2025,1,January,17,4,Friday,3,1,0,250.0,330.0,80.0,0
2025-01-20,Carrot,250.0,,300.0,,360.0,2025,1,January,20,0,Monday,4,1,0,250.0,330.0,80.0,0
2025-01-21,Carrot,200.0,,250.0,,340.0,2025,1,January,21,1,Tuesday,4,1,0,200.0,295.0,95.0,0
2025-01-22,Carrot,250.0,,300.0,,360.0,2025,1,January,22,2,Wednesday,4,1,0,250.0,330.0,80.0,0
2025-01-23,Carrot,250.0,,300.0,,360.0,2025,1,January,23,3,Thursday,4,1,0,250.0,330.0,80.0,0
2025-01-24,Carrot,280.0,,330.0,,400.0,2025,1,January,24,4,Friday,4,1,0,280.0,365.0,85.0,0
2025-01-27,Carrot,300.0,,350.0,,400.0,2025,1,January,27,0,Monday,5,1,0,300.0,375.0,75.0,0
2025-01-28,Carrot,300.0,,350.0,,400.0,2025,1,January,28,1,Tuesday,5,1,0,300.0,375.0,75.0,0
2025-01-29,Carrot,300.0,,350.0,,400.0,2025,1,January,29,2,Wednesday,5,1,0,300.0,375.0,75.0,0
2025-01-30,Carrot,280.0,,330.0,,480.0,2025,1,January,30,3,Thursday,5,1,0,280.0,405.0,125.0,0
2025-01-31,Carrot,300.0,,350.0,,560.0,2025,1,January,31,4,Friday,5,1,0,300.0,455.0,155.0,0
2025-02-03,Carrot,300.0,,350.0,,600.0,2025,2,February,3,0,Monday,6,1,0,300.0,475.0,175.0,0
2025-02-05,Carrot,450.0,,500.0,,600.0,2025,2,February,5,2,Wednesday,6,1,0,450.0,550.0,100.0,0
2025-02-06,Carrot,450.0,,500.0,,600.0,2025,2,February,6,3,Thursday,6,1,0,450.0,550.0,100.0,0
2025-02-07,Carrot,500.0,,550.0,,560.0,2025,2,February,7,4,Friday,6,1,0,500.0,555.0,55.0,0
2025-02-10,Carrot,650.0,,700.0,,800.0,2025,2,February,10,0,Monday,7,1,0,650.0,750.0,100.0,0
2025-02-11,Carrot,700.0,,750.0,,900.0,2025,2,February,11,1,Tuesday,7,1,0,700.0,825.0,125.0,0
2025-02-13,Carrot,650.0,,700.0,,900.0,2025,2,February,13,3,Thursday,7,1,0,650.0,800.0,150.0,0
2025-02-14,Carrot,600.0,,650.0,,900.0,2025,2,February,14,4,Friday,7,1,0,600.0,775.0,175.0,0
2025-02-17,Carrot,800.0,,850.0,,1100.0,2025,2,February,17,0,Monday,8,1,0,800.0,975.0,175.0,0
2025-02-18,Carrot,800.0,,850.0,,1100.0,2025,2,February,18,1,Tuesday,8,1,0,800.0,975.0,175.0,0
2025-02-19,Carrot,600.0,,650.0,,1000.0,2025,2,February,19,2,Wednesday,8,1,0,600.0,825.0,225.0,0
2025-02-20,Carrot,600.0,,650.0,,900.0,2025,2,February,20,3,Thursday,8,1,0,600.0,775.0,175.0,0
2025-02-21,Carrot,600.0,,650.0,,800.0,2025,2,February,21,4,Friday,8,1,0,600.0,725.0,125.0,0
2025-02-24,Carrot,1000.0,,1100.0,,1100.0,2025,2,February,24,0,Monday,9,1,0,1000.0,1100.0,100.0,0
2025-02-25,Carrot,900.0,,1000.0,,1200.0,2025,2,February,25,1,Tuesday,9,1,0,900.0,1100.0,200.0,0
2025-02-27,Carrot,600.0,,700.0,,900.0,2025,2,February,27,3,Thursday,9,1,0,600.0,800.0,200.0,0
2025-02-28,Carrot,800.0,,900.0,,900.0,2025,2,February,28,4,Friday,9,1,0,800.0,900.0,100.0,0
2025-03-03,Carrot,700.0,,800.0,,1200.0,2025,3,March,3,0,Monday,10,1,0,700.0,1000.0,300.0,0
2025-03-04,Carrot,700.0,,800.0,,1000.0,2025,3,March,4,1,Tuesday,10,1,0,700.0,900.0,200.0,0
2025-03-05,Carrot,600.0,,700.0,,1000.0,2025,3,March,5,2,Wednesday,10,1,0,600.0,850.0,250.0,0
2025-03-06,Carrot,700.0,,800.0,,800.0,2025,3,March,6,3,Thursday,10,1,0,700.0,800.0,100.0,0
2025-03-07,Carrot,700.0,,800.0,,800.0,2025,3,March,7,4,Friday,10,1,0,700.0,800.0,100.0,0
2025-03-10,Carrot,650.0,,700.0,,1000.0,2025,3,March,10,0,Monday,11,1,0,650.0,850.0,200.0,0
2025-03-11,Carrot,600.0,,650.0,,960.0,2025,3,March,11,1,Tuesday,11,1,0,600.0,805.0,205.0,0
2025-03-12,Carrot,650.0,,700.0,,960.0,2025,3,March,12,2,Wednesday,11,1,0,650.0,830.0,180.0,0
2025-03-14,Carrot,650.0,,700.0,,900.0,2025,3,March,14,4,Friday,11,1,0,650.0,800.0,150.0,0
2025-03-17,Carrot,500.0,,550.0,,800.0,2025,3,March,17,0,Monday,12,1,0,500.0,675.0,175.0,0
2025-03-18,Carrot,500.0,,550.0,,800.0,2025,3,March,18,1,Tuesday,12,1,0,500.0,675.0,175.0,0
2025-03-19,Carrot,500.0,,550.0,,760.0,2025,3,March,19,2,Wednesday,12,1,0,500.0,655.0,155.0,0
2025-03-20,Carrot,400.0,,450.0,,660.0,2025,3,March,20,3,Thursday,12,1,0,400.0,555.0,155.0,0
2025-03-21,Carrot,350.0,,400.0,,600.0,2025,3,March,21,4,Friday,12,1,0,350.0,500.0,150.0,0
2025-03-24,Carrot,700.0,,800.0,,800.0,2025,3,March,24,0,Monday,13,1,0,700.0,800.0,100.0,0
2025-03-25,Carrot,650.0,,700.0,,800.0,2025,3,March,25,1,Tuesday,13,1,0,650.0,750.0,100.0,0
2025-03-26,Carrot,600.0,,650.0,,800.0,2025,3,March,26,2,Wednesday,13,1,0,600.0,725.0,125.0,0
2025-03-27,Carrot,600.0,,650.0,,800.0,2025,3,March,27,3,Thursday,13,1,0,600.0,725.0,125.0,0
2025-03-28,Carrot,550.0,,600.0,,800.0,2025,3,March,28,4,Friday,13,1,0,550.0,700.0,150.0,0
2025-04-01,Carrot,500.0,,550.0,,700.0,2025,4,April,1,1,Tuesday,14,2,0,500.0,625.0,125.0,0
2025-04-02,Carrot,500.0,,550.0,,700.0,2025,4,April,2,2,Wednesday,14,2,0,500.0,625.0,125.0,0
2025-04-03,Carrot,400.0,,450.0,,680.0,2025,4,April,3,3,Thursday,14,2,0,400.0,565.0,165.0,0
2025-04-04,Carrot,450.0,,500.0,,600.0,2025,4,April,4,4,Friday,14,2,0,450.0,550.0,100.0,0
2025-04-07,Carrot,350.0,,400.0,,600.0,2025,4,April,7,0,Monday,15,2,0,350.0,500.0,150.0,0
2025-04-08,Carrot,350.0,,400.0,,480.0,2025,4,April,8,1,Tuesday,15,2,0,350.0,440.0,90.0,0
2025-04-09,Carrot,350.0,,400.0,,560.0,2025,4,April,9,2,Wednesday,15,2,0,350.0,480.0,130.0,0
2025-04-10,Carrot,300.0,,350.0,,560.0,2025,4,April,10,3,Thursday,15,2,0,300.0,455.0,155.0,0
2025-04-11,Carrot,400.0,,450.0,,560.0,2025,4,April,11,4,Friday,15,2,0,400.0,505.0,105.0,0
2025-04-16,Carrot,400.0,,450.0,,560.0,2025,4,April,16,2,Wednesday,16,2,0,400.0,505.0,105.0,0
2025-04-17,Carrot,450.0,,500.0,,560.0,2025,4,April,17,3,Thursday,16,2,0,450.0,500.0,50.0,0
2025-04-21,Carrot,350.0,,400.0,,560.0,2025,4,April,21,0,Monday,17,2,0,350.0,480.0,130.0,0
2025-04-22,Carrot,450.0,,500.0,,560.0,2025,4,April,22,1,Tuesday,17,2,0,450.0,530.0,80.0,0
2025-04-23,Carrot,450.0,,500.0,,560.0,2025,4,April,23,2,Wednesday,17,2,0,450.0,530.0,80.0,0
2025-04-24,Carrot,400.0,,450.0,,560.0,2025,4,April,24,3,Thursday,17,2,0,400.0,505.0,105.0,0
2025-04-25,Carrot,400.0,,450.0,,560.0,2025,4,April,25,4,Friday,17,2,0,400.0,505.0,105.0,0
2025-04-28,Carrot,400.0,,450.0,,560.0,2025,4,April,28,0,Monday,18,2,0,400.0,505.0,105.0,0
2025-04-29,Carrot,500.0,,550.0,,560.0,2025,4,April,29,1,Tuesday,18,2,0,500.0,555.0,55.0,0
2025-04-30,Carrot,550.0,,600.0,,560.0,2025,4,April,30,2,Wednesday,18,2,0,550.0,580.0,30.0,0
2025-05-02,Carrot,700.0,,750.0,,560.0,2025,5,May,2,4,Friday,18,2,0,700.0,655.0,-45.0,0
2025-05-05,Carrot,600.0,,650.0,,1000.0,2025,5,May,5,0,Monday,19,2,0,600.0,825.0,225.0,0
2025-05-06,Carrot,600.0,,650.0,,980.0,2025,5,May,6,1,Tuesday,19,2,0,600.0,815.0,215.0,0
2025-05-07,Carrot,750.0,,800.0,,900.0,2025,5,May,7,2,Wednesday,19,2,0,750.0,850.0,100.0,0
2025-05-08,Carrot,700.0,,750.0,,900.0,2025,5,May,8,3,Thursday,19,2,0,700.0,825.0,125.0,0
2025-05-09,Carrot,750.0,,800.0,,1000.0,2025,5,May,9,4,Friday,19,2,0,750.0,900.0,150.0,0
2025-05-14,Carrot,650.0,,700.0,,900.0,2025,5,May,14,2,Wednesday,20,2,0,650.0,800.0,150.0,0
2025-05-15,Carrot,800.0,,850.0,,1000.0,2025,5,May,15,3,Thursday,20,2,0,800.0,925.0,125.0,0
2025-05-16,Carrot,800.0,,850.0,,1000.0,2025,5,May,16,4,Friday,20,2,0,800.0,925.0,125.0,0
2025-05-19,Carrot,800.0,,850.0,,1100.0,2025,5,May,19,0,Monday,21,2,0,800.0,975.0,175.0,0
2025-05-20,Carrot,800.0,,850.0,,1000.0,2025,5,May,20,1,Tuesday,21,2,0,800.0,925.0,125.0,0
2025-05-21,Carrot,700.0,,750.0,,1000.0,2025,5,May,21,2,Wednesday,21,2,0,700.0,875.0,175.0,0
2025-05-22,Carrot,700.0,,750.0,,800.0,2025,5,May,22,3,Thursday,21,2,0,700.0,775.0,75.0,0
2025-05-23,Carrot,600.0,,650.0,,800.0,2025,5,May,23,4,Friday,21,2,0,600.0,725.0,125.0,0
2025-05-26,Carrot,600.0,,650.0,,800.0,2025,5,May,26,0,Monday,22,2,0,600.0,725.0,125.0,0
2025-05-27,Carrot,650.0,,700.0,,800.0,2025,5,May,27,1,Tuesday,22,2,0,650.0,750.0,100.0,0
2025-05-28,Carrot,700.0,,750.0,,700.0,2025,5,May,28,2,Wednesday,22,2,0,700.0,725.0,25.0,0
2025-05-29,Carrot,700.0,,750.0,,700.0,2025,5,May,29,3,Thursday,22,2,0,700.0,725.0,25.0,0
2025-05-30,Carrot,600.0,,650.0,,800.0,2025,5,May,30,4,Friday,22,2,0,600.0,725.0,125.0,0
2025-06-02,Carrot,650.0,,700.0,,1000.0,2025,6,June,2,0,Monday,23,2,0,650.0,850.0,200.0,0
2025-06-03,Carrot,650.0,,700.0,,1000.0,2025,6,June,3,1,Tuesday,23,2,0,650.0,850.0,200.0,0
2025-06-04,Carrot,700.0,,750.0,,840.0,2025,6,June,4,2,Wednesday,23,2,0,700.0,795.0,95.0,0
2025-06-05,Carrot,550.0,,600.0,,800.0,2025,6,June,5,3,Thursday,23,2,0,550.0,700.0,150.0,0
2025-06-06,Carrot,550.0,,600.0,,800.0,2025,6,June,6,4,Friday,23,2,0,550.0,700.0,150.0,0
2025-06-09,Carrot,600.0,,650.0,,800.0,2025,6,June,9,0,Monday,24,2,0,600.0,725.0,125.0,0
2025-06-11,Carrot,600.0,,650.0,,800.0,2025,6,June,11,2,Wednesday,24,2,0,600.0,725.0,125.0,0
2025-06-12,Carrot,650.0,,700.0,,800.0,2025,6,June,12,3,Thursday,24,2,0,650.0,750.0,100.0,0
2025-06-13,Carrot,650.0,,700.0,,800.0,2025,6,June,13,4,Friday,24,2,0,650.0,750.0,100.0,0
2025-06-16,Carrot,400.0,,450.0,,800.0,2025,6,June,16,0,Monday,25,2,0,400.0,625.0,225.0,0
2025-06-17,Carrot,450.0,,500.0,,600.0,2025,6,June,17,1,Tuesday,25,2,0,450.0,550.0,100.0,0
2025-06-18,Carrot,400.0,,450.0,,700.0,2025,6,June,18,2,Wednesday,25,2,0,400.0,575.0,175.0,0
2025-06-19,Carrot,350.0,,450.0,,600.0,2025,6,June,19,3,Thursday,25,2,0,350.0,525.0,175.0,0
2025-06-20,Carrot,350.0,,450.0,,700.0,2025,6,June,20,4,Friday,25,2,0,350.0,575.0,225.0,0
2025-06-23,Carrot,300.0,,350.0,,600.0,2025,6,June,23,0,Monday,26,2,0,300.0,475.0,175.0,0
2025-06-24,Carrot,300.0,,350.0,,480.0,2025,6,June,24,1,Tuesday,26,2,0,300.0,415.0,115.0,0
2025-06-25,Carrot,300.0,,350.0,,600.0,2025,6,June,25,2,Wednesday,26,2,0,300.0,475.0,175.0,0
2025-06-26,Carrot,300.0,,350.0,,480.0,2025,6,June,26,3,Thursday,26,2,0,300.0,415.0,115.0,0
2025-06-27,Carrot,280.0,,330.0,,480.0,2025,6,June,27,4,Friday,26,2,0,280.0,405.0,125.0,0
2025-06-30,Carrot,200.0,,250.0,,520.0,2025,6,June,30,0,Monday,27,2,0,200.0,385.0,185.0,0
2025-07-01,Carrot,200.0,,250.0,,400.0,2025,7,July,1,1,Tuesday,27,3,0,200.0,325.0,125.0,0
2025-07-02,Carrot,250.0,,300.0,,400.0,2025,7,July,2,2,Wednesday,27,3,0,250.0,350.0,100.0,0
2025-07-03,Carrot,300.0,,350.0,,400.0,2025,7,July,3,3,Thursday,27,3,0,300.0,375.0,75.0,0
2025-07-04,Carrot,280.0,,330.0,,480.0,2025,7,July,4,4,Friday,27,3,0,280.0,405.0,125.0,0
2025-07-07,Carrot,300.0,,350.0,,480.0,2025,7,July,7,0,Monday,28,3,0,300.0,415.0,115.0,0
2025-07-08,Carrot,350.0,,400.0,,460.0,2025,7,July,8,1,Tuesday,28,3,0,350.0,430.0,80.0,0
2025-07-09,Carrot,350.0,,400.0,,460.0,2025,7,July,9,2,Wednesday,28,3,0,350.0,430.0,80.0,0
2025-07-11,Carrot,350.0,,400.0,,480.0,2025,7,July,11,4,Friday,28,3,0,350.0,440.0,90.0,0
2025-07-14,Carrot,350.0,,400.0,,400.0,2025,7,July,14,0,Monday,29,3,0,350.0,400.0,50.0,0
2025-07-15,Carrot,300.0,,350.0,,480.0,2025,7,July,15,1,Tuesday,29,3,0,300.0,415.0,115.0,0
2025-07-16,Carrot,250.0,,300.0,,400.0,2025,7,July,16,2,Wednesday,29,3,0,250.0,350.0,100.0,0
2025-07-17,Carrot,250.0,,300.0,,400.0,2025,7,July,17,3,Thursday,29,3,0,250.0,350.0,100.0,0
2025-07-18,Carrot,250.0,,300.0,,400.0,2025,7,July,18,4,Friday,29,3,0,250.0,350.0,100.0,0
2025-07-21,Carrot,250.0,,300.0,,400.0,2025,7,July,21,0,Monday,30,3,0,250.0,350.0,100.0,0
2025-07-22,Carrot,250.0,,300.0,,400.0,2025,7,July,22,1,Tuesday,30,3,0,250.0,350.0,100.0,0
2025-07-23,Carrot,300.0,,350.0,,400.0,2025,7,July,23,2,Wednesday,30,3,0,300.0,375.0,75.0,0
2025-07-24,Carrot,300.0,,350.0,,400.0,2025,7,July,24,3,Thursday,30,3,0,300.0,375.0,75.0,0
2025-07-25,Carrot,250.0,,300.0,,400.0,2025,7,July,25,4,Friday,30,3,0,250.0,350.0,100.0,0
2025-07-28,Carrot,300.0,,350.0,,400.0,2025,7,July,28,0,Monday,31,3,0,300.0,375.0,75.0,0
2025-07-29,Carrot,250.0,,300.0,,400.0,2025,7,July,29,1,Tuesday,31,3,0,250.0,350.0,100.0,0
2025-07-30,Carrot,300.0,,350.0,,400.0,2025,7,July,30,2,Wednesday,31,3,0,300.0,375.0,75.0,0
2025-07-31,Carrot,300.0,,350.0,,360.0,2025,7,July,31,3,Thursday,31,3,0,300.0,355.0,55.0,0
2025-08-01,Carrot,300.0,,350.0,,400.0,2025,8,August,1,4,Friday,31,3,0,300.0,375.0,75.0,0
2025-08-04,Carrot,350.0,,400.0,,400.0,2025,8,August,4,0,Monday,32,3,0,350.0,400.0,50.0,0
2025-08-05,Carrot,300.0,,350.0,,400.0,2025,8,August,5,1,Tuesday,32,3,0,300.0,375.0,75.0,0
2025-08-06,Carrot,250.0,,300.0,,480.0,2025,8,August,6,2,Wednesday,32,3,0,250.0,390.0,140.0,0
2025-08-07,Carrot,250.0,,300.0,,480.0,2025,8,August,7,3,Thursday,32,3,0,250.0,390.0,140.0,0
2025-08-11,Carrot,450.0,,500.0,,600.0,2025,8,August,11,0,Monday,33,3,0,450.0,550.0,100.0,0
2025-08-12,Carrot,450.0,,500.0,,600.0,2025,8,August,12,1,Tuesday,33,3,0,450.0,550.0,100.0,0
2025-08-13,Carrot,300.0,,350.0,,600.0,2025,8,August,13,2,Wednesday,33,3,0,300.0,475.0,175.0,0
2025-08-14,Carrot,250.0,,300.0,,600.0,2025,8,August,14,3,Thursday,33,3,0,250.0,450.0,200.0,0
2025-08-15,Carrot,250.0,,300.0,,560.0,2025,8,August,15,4,Friday,33,3,0,250.0,430.0,180.0,0
2025-08-18,Carrot,300.0,,350.0,,480.0,2025,8,August,18,0,Monday,34,3,0,300.0,415.0,115.0,0
2025-08-19,Carrot,300.0,,350.0,,480.0,2025,8,August,19,1,Tuesday,34,3,0,300.0,415.0,115.0,0
2025-08-20,Carrot,350.0,,400.0,,480.0,2025,8,August,20,2,Wednesday,34,3,0,350.0,440.0,90.0,0
2025-08-21,Carrot,380.0,,430.0,,560.0,2025,8,August,21,3,Thursday,34,3,0,380.0,495.0,115.0,0
2025-08-22,Carrot,350.0,,400.0,,560.0,2025,8,August,22,4,Friday,34,3,0,350.0,480.0,130.0,0
2025-08-25,Carrot,300.0,,350.0,,560.0,2025,8,August,25,0,Monday,35,3,0,300.0,455.0,155.0,0
2025-08-26,Carrot,300.0,,350.0,,560.0,2025,8,August,26,1,Tuesday,35,3,0,300.0,455.0,155.0,0
2025-08-27,Carrot,300.0,,350.0,,520.0,2025,8,August,27,2,Wednesday,35,3,0,300.0,435.0,135.0,0
2025-08-28,Carrot,280.0,,330.0,,480.0,2025,8,August,28,3,Thursday,35,3,0,280.0,405.0,125.0,0
2025-08-29,Carrot,300.0,,350.0,,480.0,2025,8,August,29,4,Friday,35,3,0,300.0,415.0,115.0,0
2025-09-01,Carrot,300.0,,350.0,,480.0,2025,9,September,1,0,Monday,36,3,0,300.0,415.0,115.0,0
2025-09-02,Carrot,320.0,,370.0,,400.0,2025,9,September,2,1,Tuesday,36,3,0,320.0,385.0,65.0,0
2025-09-03,Carrot,300.0,,350.0,,400.0,2025,9,September,3,2,Wednesday,36,3,0,300.0,375.0,75.0,0
2025-09-04,Carrot,300.0,,350.0,,400.0,2025,9,September,4,3,Thursday,36,3,0,300.0,375.0,75.0,0
2025-09-08,Carrot,300.0,,350.0,,400.0,2025,9,September,8,0,Monday,37,3,0,300.0,375.0,75.0,0
2025-09-09,Carrot,250.0,,300.0,,400.0,2025,9,September,9,1,Tuesday,37,3,0,250.0,350.0,100.0,0
2025-09-10,Carrot,250.0,,300.0,,400.0,2025,9,September,10,2,Wednesday,37,3,0,250.0,350.0,100.0,0
2025-09-11,Carrot,200.0,,250.0,,400.0,2025,9,September,11,3,Thursday,37,3,0,200.0,325.0,125.0,0
2025-09-12,Carrot,200.0,,250.0,,380.0,2025,9,September,12,4,Friday,37,3,0,200.0,315.0,115.0,0
2025-09-15,Carrot,200.0,,250.0,,400.0,2025,9,September,15,0,Monday,38,3,0,200.0,325.0,125.0,0
2025-09-16,Carrot,150.0,,200.0,,400.0,2025,9,September,16,1,Tuesday,38,3,0,150.0,300.0,150.0,0
2025-09-17,Carrot,200.0,,250.0,,400.0,2025,9,September,17,2,Wednesday,38,3,0,200.0,325.0,125.0,0
2025-09-18,Carrot,200.0,,250.0,,360.0,2025,9,September,18,3,Thursday,38,3,0,200.0,305.0,105.0,0
2025-09-19,Carrot,100.0,,150.0,,360.0,2025,9,September,19,4,Friday,38,3,0,100.0,255.0,155.0,0
2025-09-22,Carrot,130.0,,180.0,,360.0,2025,9,September,22,0,Monday,39,3,0,130.0,270.0,140.0,0
2025-09-23,Carrot,100.0,,150.0,,360.0,2025,9,September,23,1,Tuesday,39,3,0,100.0,255.0,155.0,0
2025-09-26,Carrot,100.0,,150.0,,340.0,2025,9,September,26,4,Friday,39,3,0,100.0,245.0,145.0,0
2025-09-29,Carrot,150.0,,200.0,,320.0,2025,9,September,29,0,Monday,40,3,0,150.0,260.0,110.0,0
2025-09-30,Carrot,140.0,,180.0,,360.0,2025,9,September,30,1,Tuesday,40,3,0,140.0,270.0,130.0,0
2025-10-01,Carrot,170.0,,220.0,,400.0,2025,10,October,1,2,Wednesday,40,4,0,170.0,310.0,140.0,0
2025-10-02,Carrot,150.0,,200.0,,360.0,2025,10,October,2,3,Thursday,40,4,0,150.0,280.0,130.0,0
2025-10-03,Carrot,170.0,,220.0,,360.0,2025,10,October,3,4,Friday,40,4,0,170.0,290.0,120.0,0
2025-10-07,Carrot,130.0,,180.0,,280.0,2025,10,October,7,1,Tuesday,41,4,0,130.0,230.0,100.0,0
2025-10-08,Carrot,120.0,,170.0,,260.0,2025,10,October,8,2,Wednesday,41,4,0,120.0,215.0,95.0,0
2025-10-09,Carrot,120.0,,170.0,,280.0,2025,10,October,9,3,Thursday,41,4,0,120.0,225.0,105.0,0
2025-10-10,Carrot,120.0,,170.0,,280.0,2025,10,October,10,4,Friday,41,4,0,120.0,225.0,105.0,0
2025-10-13,Carrot,120.0,,170.0,,280.0,2025,10,October,13,0,Monday,42,4,0,120.0,225.0,105.0,0
2025-10-14,Carrot,120.0,,170.0,,240.0,2025,10,October,14,1,Tuesday,42,4,0,120.0,205.0,85.0,0
2025-10-15,Carrot,100.0,,150.0,,240.0,2025,10,October,15,2,Wednesday,42,4,0,100.0,195.0,95.0,0
2025-10-16,Carrot,100.0,,150.0,,260.0,2025,10,October,16,3,Thursday,42,4,0,100.0,205.0,105.0,0
2025-10-17,Carrot,100.0,,150.0,,240.0,2025,10,October,17,4,Friday,42,4,0,100.0,195.0,95.0,0
2025-10-21,Carrot,100.0,,150.0,,240.0,2025,10,October,21,1,Tuesday,43,4,0,100.0,195.0,95.0,0
2025-10-22,Carrot,100.0,,150.0,,240.0,2025,10,October,22,2,Wednesday,43,4,0,100.0,195.0,95.0,0
2025-10-23,Carrot,120.0,,170.0,,240.0,2025,10,October,23,3,Thursday,43,4,0,120.0,205.0,85.0,0
2025-10-24,Carrot,100.0,,150.0,,240.0,2025,10,October,24,4,Friday,43,4,0,100.0,195.0,95.0,0
2025-10-27,Carrot,120.0,,170.0,,280.0,2025,10,October,27,0,Monday,44,4,0,120.0,225.0,105.0,0
2025-10-28,Carrot,100.0,,150.0,,240.0,2025,10,October,28,1,Tuesday,44,4,0,100.0,195.0,95.0,0
2025-10-29,Carrot,100.0,,150.0,,240.0,2025,10,October,29,2,Wednesday,44,4,0,100.0,195.0,95.0,0
2025-10-30,Carrot,100.0,,150.0,,240.0,2025,10,October,30,3,Thursday,44,4,0,100.0,195.0,95.0,0
2025-10-31,Carrot,100.0,,150.0,,280.0,2025,10,October,31,4,Friday,44,4,0,100.0,215.0,115.0,0
2025-11-03,Carrot,200.0,,250.0,,300.0,2025,11,November,3,0,Monday,45,4,0,200.0,275.0,75.0,0
2025-11-04,Carrot,200.0,,250.0,,280.0,2025,11,November,4,1,Tuesday,45,4,0,200.0,265.0,65.0,0
2025-11-06,Carrot,250.0,,300.0,,360.0,2025,11,November,6,3,Thursday,45,4,0,250.0,330.0,80.0,0
2025-11-07,Carrot,200.0,,250.0,,360.0,2025,11,November,7,4,Friday,45,4,0,200.0,305.0,105.0,0
2025-11-10,Carrot,150.0,,200.0,,320.0,2025,11,November,10,0,Monday,46,4,0,150.0,260.0,110.0,0
2025-11-11,Carrot,150.0,,200.0,,320.0,2025,11,November,11,1,Tuesday,46,4,0,150.0,260.0,110.0,0
2025-11-12,Carrot,200.0,,250.0,,320.0,2025,11,November,12,2,Wednesday,46,4,0,200.0,285.0,85.0,0
2025-11-13,Carrot,180.0,,230.0,,280.0,2025,11,November,13,3,Thursday,46,4,0,180.0,255.0,75.0,0
2025-11-14,Carrot,150.0,,200.0,,240.0,2025,11,November,14,4,Friday,46,4,0,150.0,220.0,70.0,0
2025-11-17,Carrot,200.0,,250.0,,280.0,2025,11,November,17,0,Monday,47,4,0,200.0,265.0,65.0,0
2025-11-18,Carrot,150.0,,200.0,,280.0,2025,11,November,18,1,Tuesday,47,4,0,150.0,240.0,90.0,0
2025-11-19,Carrot,150.0,,200.0,,260.0,2025,11,November,19,2,Wednesday,47,4,0,150.0,230.0,80.0,0
2025-11-20,Carrot,150.0,,200.0,,280.0,2025,11,November,20,3,Thursday,47,4,0,150.0,240.0,90.0,0
2025-11-21,Carrot,130.0,,180.0,,280.0,2025,11,November,21,4,Friday,47,4,0,130.0,230.0,100.0,0
2025-11-24,Carrot,150.0,,200.0,,280.0,2025,11,November,24,0,Monday,48,4,0,150.0,240.0,90.0,0
2025-11-25,Carrot,130.0,,180.0,,280.0,2025,11,November,25,1,Tuesday,48,4,0,130.0,230.0,100.0,0
2025-11-26,Carrot,200.0,,250.0,,280.0,2025,11,November,26,2,Wednesday,48,4,0,200.0,265.0,65.0,0
2025-11-27,Carrot,280.0,,330.0,,280.0,2025,11,November,27,3,Thursday,48,4,0,280.0,305.0,25.0,0
2025-11-28,Carrot,280.0,,330.0,,280.0,2025,11,November,28,4,Friday,48,4,0,280.0,305.0,25.0,0
2025-12-01,Carrot,600.0,,650.0,,1200.0,2025,12,December,1,0,Monday,49,4,0,600.0,925.0,325.0,0
2025-12-02,Carrot,350.0,,400.0,,600.0,2025,12,December,2,1,Tuesday,49,4,0,350.0,500.0,150.0,0
2025-12-03,Carrot,350.0,,400.0,,600.0,2025,12,December,3,2,Wednesday,49,4,0,350.0,500.0,150.0,0
2025-12-05,Carrot,250.0,,300.0,,480.0,2025,12,December,5,4,Friday,49,4,0,250.0,390.0,140.0,0
2025-12-08,Carrot,150.0,,200.0,,400.0,2025,12,December,8,0,Monday,50,4,0,150.0,300.0,150.0,0
2025-12-09,Carrot,200.0,,250.0,,400.0,2025,12,December,9,1,Tuesday,50,4,0,200.0,325.0,125.0,0
2025-12-10,Carrot,200.0,,250.0,,400.0,2025,12,December,10,2,Wednesday,50,4,0,200.0,325.0,125.0,0
2025-12-11,Carrot,150.0,,200.0,,360.0,2025,12,December,11,3,Thursday,50,4,0,150.0,280.0,130.0,0
2025-12-12,Carrot,200.0,,250.0,,360.0,2025,12,December,12,4,Friday,50,4,0,200.0,305.0,105.0,0
2025-12-15,Carrot,200.0,,250.0,,400.0,2025,12,December,15,0,Monday,51,4,0,200.0,325.0,125.0,0
2025-12-16,Carrot,200.0,,250.0,,400.0,2025,12,December,16,1,Tuesday,51,4,0,200.0,325.0,125.0,0
2025-12-17,Carrot,200.0,,250.0,,400.0,2025,12,December,17,2,Wednesday,51,4,0,200.0,325.0,125.0,0
2025-12-18,Carrot,200.0,,250.0,,360.0,2025,12,December,18,3,Thursday,51,4,0,200.0,305.0,105.0,0
2025-12-19,Carrot,200.0,,250.0,,380.0,2025,12,December,19,4,Friday,51,4,0,200.0,315.0,115.0,0
2025-12-22,Carrot,200.0,,250.0,,400.0,2025,12,December,22,0,Monday,52,4,0,200.0,325.0,125.0,0
2025-12-23,Carrot,200.0,,250.0,,400.0,2025,12,December,23,1,Tuesday,52,4,0,200.0,325.0,125.0,0
2025-12-24,Carrot,200.0,,250.0,,400.0,2025,12,December,24,2,Wednesday,52,4,0,200.0,325.0,125.0,0
2025-12-26,Carrot,220.0,,270.0,,400.0,2025,12,December,26,4,Friday,52,4,0,220.0,335.0,115.0,0
2025-12-29,Carrot,250.0,,300.0,,400.0,2025,12,December,29,0,Monday,1,4,0,250.0,350.0,100.0,0
2025-12-30,Carrot,250.0,,300.0,,400.0,2025,12,December,30,1,Tuesday,1,4,0,250.0,350.0,100.0,0
2025-12-31,Carrot,250.0,,300.0,,400.0,2025,12,December,31,2,Wednesday,1,4,0,250.0,350.0,100.0,0
2026-01-01,Carrot,300.0,,350.0,,400.0,2026,1,January,1,3,Thursday,1,1,0,300.0,375.0,75.0,0
2026-01-02,Carrot,300.0,,350.0,,400.0,2026,1,January,2,4,Friday,1,1,0,300.0,375.0,75.0,0
2026-01-05,Carrot,400.0,,450.0,,600.0,2026,1,January,5,0,Monday,2,1,0,400.0,525.0,125.0,0
2026-01-06,Carrot,400.0,,450.0,,600.0,2026,1,January,6,1,Tuesday,2,1,0,400.0,525.0,125.0,0
2026-01-07,Carrot,450.0,,470.0,,600.0,2026,1,January,7,2,Wednesday,2,1,0,450.0,535.0,85.0,0
2026-01-08,Carrot,400.0,,450.0,,600.0,2026,1,January,8,3,Thursday,2,1,0,400.0,525.0,125.0,0
2026-01-09,Carrot,350.0,,400.0,,600.0,2026,1,January,9,4,Friday,2,1,0,350.0,500.0,150.0,0
2026-01-12,Carrot,350.0,,400.0,,480.0,2026,1,January,12,0,Monday,3,1,0,350.0,440.0,90.0,0
2026-01-13,Carrot,350.0,,400.0,,460.0,2026,1,January,13,1,Tuesday,3,1,0,350.0,430.0,80.0,0
2026-01-14,Carrot,350.0,,400.0,,480.0,2026,1,January,14,2,Wednesday,3,1,0,350.0,440.0,90.0,0
2026-01-16,Carrot,350.0,,400.0,,520.0,2026,1,January,16,4,Friday,3,1,0,350.0,460.0,110.0,0
2026-01-19,Carrot,350.0,,400.0,,480.0,2026,1,January,19,0,Monday,4,1,0,350.0,440.0,90.0,0
2026-01-20,Carrot,300.0,,350.0,,480.0,2026,1,January,20,1,Tuesday,4,1,0,300.0,415.0,115.0,0
2026-01-21,Carrot,300.0,,350.0,,500.0,2026,1,January,21,2,Wednesday,4,1,0,300.0,425.0,125.0,0
2026-01-22,Carrot,300.0,,350.0,,480.0,2026,1,January,22,3,Thursday,4,1,0,300.0,415.0,115.0,0
2026-01-23,Carrot,300.0,,350.0,,480.0,2026,1,January,23,4,Friday,4,1,0,300.0,415.0,115.0,0
2026-01-26,Carrot,350.0,,400.0,,480.0,2026,1,January,26,0,Monday,5,1,0,350.0,440.0,90.0,0
2026-01-27,Carrot,350.0,,400.0,,460.0,2026,1,January,27,1,Tuesday,5,1,0,350.0,430.0,80.0,0
2026-01-28,Carrot,400.0,,450.0,,440.0,2026,1,January,28,2,Wednesday,5,1,0,400.0,445.0,45.0,0
2026-01-29,Carrot,300.0,,350.0,,440.0,2026,1,January,29,3,Thursday,5,1,0,300.0,395.0,95.0,0
2026-01-30,Carrot,300.0,,350.0,,380.0,2026,1,January,30,4,Friday,5,1,0,300.0,365.0,65.0,0
2026-02-02,Carrot,300.0,,350.0,,480.0,2026,2,February,2,0,Monday,6,1,0,300.0,415.0,115.0,0
2026-02-03,Carrot,350.0,,400.0,,480.0,2026,2,February,3,1,Tuesday,6,1,0,350.0,440.0,90.0,0
2026-02-05,Carrot,300.0,,350.0,,480.0,2026,2,February,5,3,Thursday,6,1,0,300.0,415.0,115.0,0
2026-02-06,Carrot,300.0,,350.0,,480.0,2026,2,February,6,4,Friday,6,1,0,300.0,415.0,115.0,0
2026-02-09,Carrot,300.0,,350.0,,400.0,2026,2,February,9,0,Monday,7,1,0,300.0,375.0,75.0,0
2026-02-10,Carrot,300.0,,350.0,,400.0,2026,2,February,10,1,Tuesday,7,1,0,300.0,375.0,75.0,0
2026-02-11,Carrot,250.0,,300.0,,400.0,2026,2,February,11,2,Wednesday,7,1,0,250.0,350.0,100.0,0
2026-02-12,Carrot,250.0,,300.0,,400.0,2026,2,February,12,3,Thursday,7,1,0,250.0,350.0,100.0,0
2026-02-13,Carrot,250.0,,300.0,,400.0,2026,2,February,13,4,Friday,7,1,0,250.0,350.0,100.0,0
2026-02-16,Carrot,200.0,,250.0,,400.0,2026,2,February,16,0,Monday,8,1,0,200.0,325.0,125.0,0
2026-02-17,Carrot,150.0,,200.0,,400.0,2026,2,February,17,1,Tuesday,8,1,0,150.0,300.0,150.0,0
2026-02-18,Carrot,250.0,,300.0,,400.0,2026,2,February,18,2,Wednesday,8,1,0,250.0,350.0,100.0,0
2026-02-19,Carrot,300.0,,350.0,,400.0,2026,2,February,19,3,Thursday,8,1,0,300.0,375.0,75.0,0
2026-02-20,Carrot,200.0,,250.0,,400.0,2026,2,February,20,4,Friday,8,1,0,200.0,325.0,125.0,0
2026-02-23,Carrot,250.0,,300.0,,360.0,2026,2,February,23,0,Monday,9,1,0,250.0,330.0,80.0,0
2026-02-24,Carrot,200.0,,250.0,,360.0,2026,2,February,24,1,Tuesday,9,1,0,200.0,305.0,105.0,0
2026-02-25,Carrot,200.0,,250.0,,360.0,2026,2,February,25,2,Wednesday,9,1,0,200.0,305.0,105.0,0
2026-02-26,Carrot,200.0,,250.0,,360.0,2026,2,February,26,3,Thursday,9,1,0,200.0,305.0,105.0,0
2026-02-27,Carrot,200.0,,250.0,,360.0,2026,2,February,27,4,Friday,9,1,0,200.0,305.0,105.0,0
2026-03-03,Carrot,250.0,,300.0,,360.0,2026,3,March,3,1,Tuesday,10,1,0,250.0,330.0,80.0,0
2026-03-04,Carrot,250.0,,300.0,,360.0,2026,3,March,4,2,Wednesday,10,1,0,250.0,330.0,80.0,0
2026-03-05,Carrot,300.0,,350.0,,360.0,2026,3,March,5,3,Thursday,10,1,0,300.0,355.0,55.0,0
2026-03-06,Carrot,300.0,,350.0,,360.0,2026,3,March,6,4,Friday,10,1,0,300.0,355.0,55.0,0
2026-03-09,Carrot,300.0,,350.0,,400.0,2026,3,March,9,0,Monday,11,1,0,300.0,375.0,75.0,0
2026-03-10,Carrot,300.0,,350.0,,400.0,2026,3,March,10,1,Tuesday,11,1,0,300.0,375.0,75.0,0
2026-03-11,Carrot,250.0,,300.0,,400.0,2026,3,March,11,2,Wednesday,11,1,0,250.0,350.0,100.0,0
2026-03-12,Carrot,250.0,,300.0,,400.0,2026,3,March,12,3,Thursday,11,1,0,250.0,350.0,100.0,0
2026-03-13,Carrot,250.0,,300.0,,400.0,2026,3,March,13,4,Friday,11,1,0,250.0,350.0,100.0,0
2026-03-16,Carrot,250.0,,300.0,,400.0,2026,3,March,16,0,Monday,12,1,0,250.0,350.0,100.0,0
2026-03-17,Carrot,250.0,,300.0,,400.0,2026,3,March,17,1,Tuesday,12,1,0,250.0,350.0,100.0,0
2026-03-18,Carrot,250.0,,300.0,,420.0,2026,3,March,18,2,Wednesday,12,1,0,250.0,360.0,110.0,0
2026-03-19,Carrot,250.0,,300.0,,420.0,2026,3,March,19,3,Thursday,12,1,0,250.0,360.0,110.0,0
2026-03-20,Carrot,300.0,,350.0,,420.0,2026,3,March,20,4,Friday,12,1,0,300.0,385.0,85.0,0
2026-03-23,Carrot,350.0,,400.0,,400.0,2026,3,March,23,0,Monday,13,1,0,350.0,400.0,50.0,0
2026-03-24,Carrot,350.0,,400.0,,400.0,2026,3,March,24,1,Tuesday,13,1,0,350.0,400.0,50.0,0
2026-03-25,Carrot,300.0,,350.0,,400.0,2026,3,March,25,2,Wednesday,13,1,0,300.0,375.0,75.0,0
2026-03-26,Carrot,300.0,,350.0,,400.0,2026,3,March,26,3,Thursday,13,1,0,300.0,375.0,75.0,0
2026-03-27,Carrot,300.0,,350.0,,400.0,2026,3,March,27,4,Friday,13,1,0,300.0,375.0,75.0,0
2026-03-30,Carrot,300.0,,350.0,,480.0,2026,3,March,30,0,Monday,14,1,0,300.0,415.0,115.0,0
2026-03-31,Carrot,300.0,,350.0,,480.0,2026,3,March,31,1,Tuesday,14,1,0,300.0,415.0,115.0,0
2026-04-02,Carrot,250.0,,300.0,,480.0,2026,4,April,2,3,Thursday,14,2,0,250.0,390.0,140.0,0
2026-04-06,Carrot,300.0,,350.0,,400.0,2026,4,April,6,0,Monday,15,2,0,300.0,375.0,75.0,0
2026-04-07,Carrot,300.0,,350.0,,400.0,2026,4,April,7,1,Tuesday,15,2,0,300.0,375.0,75.0,0
2026-04-08,Carrot,200.0,,250.0,,400.0,2026,4,April,8,2,Wednesday,15,2,0,200.0,325.0,125.0,0
2026-04-09,Carrot,300.0,,350.0,,400.0,2026,4,April,9,3,Thursday,15,2,0,300.0,375.0,75.0,0
2026-04-10,Carrot,200.0,,250.0,,400.0,2026,4,April,10,4,Friday,15,2,0,200.0,325.0,125.0,0
2026-04-16,Carrot,200.0,,250.0,,400.0,2026,4,April,16,3,Thursday,16,2,0,200.0,325.0,125.0,0
2026-04-17,Carrot,200.0,,250.0,,400.0,2026,4,April,17,4,Friday,16,2,0,200.0,325.0,125.0,0
2026-04-20,Carrot,250.0,,300.0,,480.0,2026,4,April,20,0,Monday,17,2,0,250.0,390.0,140.0,0
2026-04-21,Carrot,300.0,,350.0,,460.0,2026,4,April,21,1,Tuesday,17,2,0,300.0,405.0,105.0,0
2026-04-22,Carrot,300.0,,350.0,,460.0,2026,4,April,22,2,Wednesday,17,2,0,300.0,405.0,105.0,0
2026-04-23,Carrot,250.0,,300.0,,460.0,2026,4,April,23,3,Thursday,17,2,0,250.0,380.0,130.0,0
2026-04-24,Carrot,250.0,,300.0,,400.0,2026,4,April,24,4,Friday,17,2,0,250.0,350.0,100.0,0
2026-04-27,Carrot,200.0,,250.0,,400.0,2026,4,April,27,0,Monday,18,2,0,200.0,325.0,125.0,0
2026-04-28,Carrot,250.0,,300.0,,400.0,2026,4,April,28,1,Tuesday,18,2,0,250.0,350.0,100.0,0
2026-04-29,Carrot,200.0,,250.0,,400.0,2026,4,April,29,2,Wednesday,18,2,0,200.0,325.0,125.0,0
2026-04-30,Carrot,200.0,,250.0,,400.0,2026,4,April,30,3,Thursday,18,2,0,200.0,325.0,125.0,0
2026-05-04,Carrot,200.0,,250.0,,360.0,2026,5,May,4,0,Monday,19,2,0,200.0,305.0,105.0,0
2026-05-05,Carrot,200.0,,250.0,,360.0,2026,5,May,5,1,Tuesday,19,2,0,200.0,305.0,105.0,0
2026-05-06,Carrot,200.0,,250.0,,360.0,2026,5,May,6,2,Wednesday,19,2,0,200.0,305.0,105.0,0
2026-05-07,Carrot,200.0,,250.0,,340.0,2026,5,May,7,3,Thursday,19,2,0,200.0,295.0,95.0,0
2026-05-08,Carrot,200.0,,250.0,,360.0,2026,5,May,8,4,Friday,19,2,0,200.0,305.0,105.0,0
2026-05-11,Carrot,200.0,,250.0,,400.0,2026,5,May,11,0,Monday,20,2,0,200.0,325.0,125.0,0
2023-01-02,Pumpkin,160.0,,200.0,,200.0,2023,1,January,2,0,Monday,1,1,0,160.0,200.0,40.0,0
2023-01-03,Pumpkin,150.0,,200.0,,200.0,2023,1,January,3,1,Tuesday,1,1,0,150.0,200.0,50.0,0
2023-01-04,Pumpkin,130.0,,180.0,,200.0,2023,1,January,4,2,Wednesday,1,1,0,130.0,190.0,60.0,0
2023-01-05,Pumpkin,130.0,,180.0,,200.0,2023,1,January,5,3,Thursday,1,1,0,130.0,190.0,60.0,0
2023-01-09,Pumpkin,130.0,,180.0,,200.0,2023,1,January,9,0,Monday,2,1,0,130.0,190.0,60.0,0
2023-01-10,Pumpkin,130.0,,180.0,,200.0,2023,1,January,10,1,Tuesday,2,1,0,130.0,190.0,60.0,0
2023-01-11,Pumpkin,120.0,,160.0,,200.0,2023,1,January,11,2,Wednesday,2,1,0,120.0,180.0,60.0,0
2023-01-12,Pumpkin,120.0,,160.0,,200.0,2023,1,January,12,3,Thursday,2,1,0,120.0,180.0,60.0,0
2023-01-13,Pumpkin,140.0,,180.0,,200.0,2023,1,January,13,4,Friday,2,1,0,140.0,190.0,50.0,0
2023-01-17,Pumpkin,140.0,,180.0,,200.0,2023,1,January,17,1,Tuesday,3,1,0,140.0,190.0,50.0,0
2023-01-18,Pumpkin,140.0,,180.0,,180.0,2023,1,January,18,2,Wednesday,3,1,0,140.0,180.0,40.0,0
2023-01-19,Pumpkin,120.0,,160.0,,200.0,2023,1,January,19,3,Thursday,3,1,0,120.0,180.0,60.0,0
2023-01-20,Pumpkin,120.0,,160.0,,200.0,2023,1,January,20,4,Friday,3,1,0,120.0,180.0,60.0,0
2023-01-23,Pumpkin,120.0,,160.0,,180.0,2023,1,January,23,0,Monday,4,1,0,120.0,170.0,50.0,0
2023-01-24,Pumpkin,120.0,,160.0,,180.0,2023,1,January,24,1,Tuesday,4,1,0,120.0,170.0,50.0,0
2023-01-25,Pumpkin,100.0,,140.0,,180.0,2023,1,January,25,2,Wednesday,4,1,0,100.0,160.0,60.0,0
2023-01-26,Pumpkin,100.0,,140.0,,180.0,2023,1,January,26,3,Thursday,4,1,0,100.0,160.0,60.0,0
2023-01-27,Pumpkin,100.0,,140.0,,180.0,2023,1,January,27,4,Friday,4,1,0,100.0,160.0,60.0,0
2023-01-30,Pumpkin,100.0,,140.0,,180.0,2023,1,January,30,0,Monday,5,1,0,100.0,160.0,60.0,0
2023-01-31,Pumpkin,100.0,,120.0,,160.0,2023,1,January,31,1,Tuesday,5,1,0,100.0,140.0,40.0,0
2023-02-01,Pumpkin,100.0,,120.0,,160.0,2023,2,February,1,2,Wednesday,5,1,0,100.0,140.0,40.0,0
2023-02-01,Pumpkin,100.0,,120.0,,160.0,2023,2,February,1,2,Wednesday,5,1,0,100.0,140.0,40.0,0
2023-02-02,Pumpkin,100.0,,120.0,,160.0,2023,2,February,2,3,Thursday,5,1,0,100.0,140.0,40.0,0
2023-02-03,Pumpkin,100.0,,120.0,,160.0,2023,2,February,3,4,Friday,5,1,0,100.0,140.0,40.0,0
2023-02-06,Pumpkin,100.0,,120.0,,160.0,2023,2,February,6,0,Monday,6,1,0,100.0,140.0,40.0,0
2023-02-07,Pumpkin,100.0,,120.0,,160.0,2023,2,February,7,1,Tuesday,6,1,0,100.0,140.0,40.0,0
2023-02-08,Pumpkin,100.0,,120.0,,140.0,2023,2,February,8,2,Wednesday,6,1,0,100.0,130.0,40.0,0
2023-02-09,Pumpkin,100.0,,120.0,,140.0,2023,2,February,9,3,Thursday,6,1,0,100.0,130.0,40.0,0
2023-02-10,Pumpkin,100.0,,120.0,,140.0,2023,2,February,10,4,Friday,6,1,0,100.0,130.0,40.0,0
2023-02-13,Pumpkin,100.0,,120.0,,140.0,2023,2,February,13,0,Monday,7,1,0,100.0,130.0,40.0,0
2023-02-14,Pumpkin,100.0,,120.0,,140.0,2023,2,February,14,1,Tuesday,7,1,0,100.0,130.0,40.0,0
2023-02-15,Pumpkin,100.0,,100.0,,140.0,2023,2,February,15,2,Wednesday,7,1,0,100.0,120.0,40.0,0
2023-02-16,Pumpkin,100.0,,100.0,,140.0,2023,2,February,16,3,Thursday,7,1,0,100.0,120.0,40.0,0
2023-02-17,Pumpkin,100.0,,100.0,,140.0,2023,2,February,17,4,Friday,7,1,0,100.0,120.0,40.0,0
2023-02-20,Pumpkin,100.0,,120.0,,140.0,2023,2,February,20,0,Monday,8,1,0,100.0,130.0,40.0,0
2023-02-21,Pumpkin,100.0,,120.0,,160.0,2023,2,February,21,1,Tuesday,8,1,0,100.0,140.0,40.0,0
2023-02-22,Pumpkin,100.0,,120.0,,140.0,2023,2,February,22,2,Wednesday,8,1,0,100.0,130.0,40.0,0
2023-02-23,Pumpkin,100.0,,120.0,,140.0,2023,2,February,23,3,Thursday,8,1,0,100.0,130.0,40.0,0
2023-02-24,Pumpkin,100.0,,120.0,,140.0,2023,2,February,24,4,Friday,8,1,0,100.0,130.0,40.0,0
2023-02-27,Pumpkin,100.0,,120.0,,140.0,2023,2,February,27,0,Monday,9,1,0,100.0,130.0,40.0,0
2023-02-28,Pumpkin,100.0,,120.0,,120.0,2023,2,February,28,1,Tuesday,9,1,0,100.0,120.0,40.0,0
2023-03-01,Pumpkin,100.0,,120.0,,120.0,2023,3,March,1,2,Wednesday,9,1,0,100.0,120.0,40.0,0
2023-03-02,Pumpkin,100.0,,120.0,,140.0,2023,3,March,2,3,Thursday,9,1,0,100.0,130.0,40.0,0
2023-03-03,Pumpkin,100.0,,120.0,,140.0,2023,3,March,3,4,Friday,9,1,0,100.0,130.0,40.0,0
2023-03-07,Pumpkin,100.0,,120.0,,160.0,2023,3,March,7,1,Tuesday,10,1,0,100.0,140.0,40.0,0
2023-03-08,Pumpkin,100.0,,120.0,,120.0,2023,3,March,8,2,Wednesday,10,1,0,100.0,120.0,40.0,0
2023-03-09,Pumpkin,100.0,,120.0,,120.0,2023,3,March,9,3,Thursday,10,1,0,100.0,120.0,40.0,0
2023-03-10,Pumpkin,100.0,,120.0,,120.0,2023,3,March,10,4,Friday,10,1,0,100.0,120.0,40.0,0
2023-03-13,Pumpkin,100.0,,100.0,,140.0,2023,3,March,13,0,Monday,11,1,0,100.0,120.0,40.0,0
2023-03-14,Pumpkin,100.0,,100.0,,140.0,2023,3,March,14,1,Tuesday,11,1,0,100.0,120.0,40.0,0
2023-03-15,Pumpkin,100.0,,100.0,,140.0,2023,3,March,15,2,Wednesday,11,1,0,100.0,120.0,40.0,0
2023-03-16,Pumpkin,100.0,,100.0,,120.0,2023,3,March,16,3,Thursday,11,1,0,100.0,110.0,40.0,0
2023-03-17,Pumpkin,100.0,,100.0,,140.0,2023,3,March,17,4,Friday,11,1,0,100.0,120.0,40.0,0
2023-03-20,Pumpkin,100.0,,100.0,,140.0,2023,3,March,20,0,Monday,12,1,0,100.0,120.0,40.0,0
2023-03-21,Pumpkin,100.0,,100.0,,160.0,2023,3,March,21,1,Tuesday,12,1,0,100.0,130.0,40.0,0
2023-03-22,Pumpkin,100.0,,100.0,,140.0,2023,3,March,22,2,Wednesday,12,1,0,100.0,120.0,40.0,0
2023-03-23,Pumpkin,100.0,,100.0,,140.0,2023,3,March,23,3,Thursday,12,1,0,100.0,120.0,40.0,0
2023-03-24,Pumpkin,100.0,,100.0,,150.0,2023,3,March,24,4,Friday,12,1,0,100.0,125.0,40.0,0
2023-03-27,Pumpkin,100.0,,100.0,,140.0,2023,3,March,27,0,Monday,13,1,0,100.0,120.0,40.0,0
2023-03-28,Pumpkin,100.0,,100.0,,140.0,2023,3,March,28,1,Tuesday,13,1,0,100.0,140.0,40.0,0
2023-03-29,Pumpkin,100.0,,100.0,,140.0,2023,3,March,29,2,Wednesday,13,1,0,100.0,140.0,40.0,0
2023-03-30,Pumpkin,100.0,,100.0,,140.0,2023,3,March,30,3,Thursday,13,1,0,100.0,140.0,40.0,0
2023-03-31,Pumpkin,100.0,,100.0,,140.0,2023,3,March,31,4,Friday,13,1,0,100.0,140.0,40.0,0
2023-04-03,Pumpkin,100.0,,100.0,,120.0,2023,4,April,3,0,Monday,14,2,0,100.0,120.0,40.0,0
2023-04-04,Pumpkin,100.0,,100.0,,120.0,2023,4,April,4,1,Tuesday,14,2,0,100.0,120.0,40.0,0
2023-04-06,Pumpkin,100.0,,100.0,,120.0,2023,4,April,6,3,Thursday,14,2,0,100.0,120.0,40.0,0
2023-04-10,Pumpkin,100.0,,100.0,,100.0,2023,4,April,10,0,Monday,15,2,0,100.0,100.0,40.0,0
2023-04-11,Pumpkin,100.0,,100.0,,100.0,2023,4,April,11,1,Tuesday,15,2,0,100.0,100.0,40.0,0
2023-04-12,Pumpkin,100.0,,100.0,,100.0,2023,4,April,12,2,Wednesday,15,2,0,100.0,100.0,40.0,0
2023-04-17,Pumpkin,100.0,,100.0,,100.0,2023,4,April,17,0,Monday,16,2,0,100.0,100.0,40.0,0
2023-04-18,Pumpkin,100.0,,100.0,,100.0,2023,4,April,18,1,Tuesday,16,2,0,100.0,100.0,40.0,0
2023-04-19,Pumpkin,100.0,,100.0,,100.0,2023,4,April,19,2,Wednesday,16,2,0,100.0,100.0,40.0,0
2023-04-20,Pumpkin,100.0,,100.0,,100.0,2023,4,April,20,3,Thursday,16,2,0,100.0,100.0,40.0,0
2023-04-21,Pumpkin,100.0,,100.0,,100.0,2023,4,April,21,4,Friday,16,2,0,100.0,100.0,40.0,0
2023-04-24,Pumpkin,100.0,,100.0,,100.0,2023,4,April,24,0,Monday,17,2,0,100.0,100.0,40.0,0
2023-04-25,Pumpkin,100.0,,100.0,,100.0,2023,4,April,25,1,Tuesday,17,2,0,100.0,100.0,40.0,0
2023-04-26,Pumpkin,100.0,,100.0,,100.0,2023,4,April,26,2,Wednesday,17,2,0,100.0,100.0,40.0,0
2023-04-27,Pumpkin,100.0,,100.0,,100.0,2023,4,April,27,3,Thursday,17,2,0,100.0,100.0,40.0,0
2023-04-28,Pumpkin,100.0,,100.0,,100.0,2023,4,April,28,4,Friday,17,2,0,100.0,100.0,40.0,0
2023-05-02,Pumpkin,100.0,,100.0,,220.0,2023,5,May,2,1,Tuesday,18,2,0,100.0,220.0,40.0,0
2023-05-03,Pumpkin,100.0,,100.0,,105.0,2023,5,May,3,2,Wednesday,18,2,0,100.0,105.0,40.0,0
2023-05-04,Pumpkin,100.0,,100.0,,100.0,2023,5,May,4,3,Thursday,18,2,0,100.0,100.0,40.0,0
2023-05-08,Pumpkin,100.0,,100.0,,100.0,2023,5,May,8,0,Monday,19,2,0,100.0,100.0,40.0,0
2023-05-09,Pumpkin,100.0,,120.0,,100.0,2023,5,May,9,1,Tuesday,19,2,0,100.0,110.0,40.0,0
2023-05-10,Pumpkin,100.0,,120.0,,100.0,2023,5,May,10,2,Wednesday,19,2,0,100.0,110.0,40.0,0
2023-05-11,Pumpkin,100.0,,120.0,,120.0,2023,5,May,11,3,Thursday,19,2,0,100.0,120.0,40.0,0
2023-05-12,Pumpkin,100.0,,120.0,,140.0,2023,5,May,12,4,Friday,19,2,0,100.0,130.0,40.0,0
2023-05-15,Pumpkin,100.0,,140.0,,140.0,2023,5,May,15,0,Monday,20,2,0,100.0,140.0,40.0,0
2023-05-16,Pumpkin,100.0,,140.0,,140.0,2023,5,May,16,1,Tuesday,20,2,0,100.0,140.0,40.0,0
2023-05-17,Pumpkin,100.0,,140.0,,140.0,2023,5,May,17,2,Wednesday,20,2,0,100.0,140.0,40.0,0
2023-05-18,Pumpkin,100.0,,140.0,,160.0,2023,5,May,18,3,Thursday,20,2,0,100.0,150.0,40.0,0
2023-05-19,Pumpkin,100.0,,140.0,,140.0,2023,5,May,19,4,Friday,20,2,0,100.0,140.0,40.0,0
2023-05-22,Pumpkin,100.0,,140.0,,140.0,2023,5,May,22,0,Monday,21,2,0,100.0,140.0,40.0,0
2023-05-23,Pumpkin,100.0,,120.0,,140.0,2023,5,May,23,1,Tuesday,21,2,0,100.0,130.0,40.0,0
2023-05-24,Pumpkin,100.0,,120.0,,140.0,2023,5,May,24,2,Wednesday,21,2,0,100.0,130.0,40.0,0
2023-05-25,Pumpkin,100.0,,120.0,,140.0,2023,5,May,25,3,Thursday,21,2,0,100.0,130.0,40.0,0
2023-05-26,Pumpkin,100.0,,120.0,,140.0,2023,5,May,26,4,Friday,21,2,0,100.0,130.0,40.0,0
2023-05-29,Pumpkin,100.0,,120.0,,120.0,2023,5,May,29,0,Monday,22,2,0,100.0,120.0,40.0,0
2023-05-30,Pumpkin,100.0,,120.0,,120.0,2023,5,May,30,1,Tuesday,22,2,0,100.0,120.0,40.0,0
2023-05-31,Pumpkin,100.0,,120.0,,120.0,2023,5,May,31,2,Wednesday,22,2,0,100.0,120.0,40.0,0
2023-06-01,Pumpkin,100.0,,120.0,,120.0,2023,6,June,1,3,Thursday,22,2,0,100.0,120.0,40.0,0
2023-06-02,Pumpkin,100.0,,120.0,,120.0,2023,6,June,2,4,Friday,22,2,0,100.0,120.0,40.0,0
2023-06-05,Pumpkin,100.0,,120.0,,120.0,2023,6,June,5,0,Monday,23,2,0,100.0,120.0,40.0,0
2023-06-06,Pumpkin,100.0,,120.0,,120.0,2023,6,June,6,1,Tuesday,23,2,0,100.0,120.0,40.0,0
2023-06-07,Pumpkin,100.0,,120.0,,120.0,2023,6,June,7,2,Wednesday,23,2,0,100.0,120.0,40.0,0
2023-06-08,Pumpkin,100.0,,120.0,,140.0,2023,6,June,8,3,Thursday,23,2,0,100.0,130.0,40.0,0
2023-06-09,Pumpkin,100.0,,120.0,,140.0,2023,6,June,9,4,Friday,23,2,0,100.0,130.0,40.0,0
2023-06-12,Pumpkin,100.0,,120.0,,160.0,2023,6,June,12,0,Monday,24,2,0,100.0,140.0,40.0,0
2023-06-13,Pumpkin,100.0,,120.0,,160.0,2023,6,June,13,1,Tuesday,24,2,0,100.0,140.0,40.0,0
2023-06-14,Pumpkin,100.0,,140.0,,160.0,2023,6,June,14,2,Wednesday,24,2,0,100.0,150.0,50.0,0
2023-06-15,Pumpkin,100.0,,140.0,,140.0,2023,6,June,15,3,Thursday,24,2,0,100.0,140.0,40.0,0
2023-06-16,Pumpkin,100.0,,140.0,,140.0,2023,6,June,16,4,Friday,24,2,0,100.0,140.0,40.0,0
2023-06-19,Pumpkin,100.0,,140.0,,140.0,2023,6,June,19,0,Monday,25,2,0,100.0,140.0,40.0,0
2023-06-20,Pumpkin,100.0,,140.0,,140.0,2023,6,June,20,1,Tuesday,25,2,0,100.0,140.0,40.0,0
2023-06-21,Pumpkin,100.0,,140.0,,140.0,2023,6,June,21,2,Wednesday,25,2,0,100.0,140.0,40.0,0
2023-06-22,Pumpkin,100.0,,140.0,,140.0,2023,6,June,22,3,Thursday,25,2,0,100.0,140.0,40.0,0
2023-06-23,Pumpkin,100.0,,140.0,,140.0,2023,6,June,23,4,Friday,25,2,0,100.0,140.0,40.0,0
2023-06-26,Pumpkin,100.0,,140.0,,140.0,2023,6,June,26,0,Monday,26,2,0,100.0,140.0,40.0,0
2023-06-27,Pumpkin,100.0,,140.0,,140.0,2023,6,June,27,1,Tuesday,26,2,0,100.0,140.0,40.0,0
2023-06-28,Pumpkin,120.0,,160.0,,140.0,2023,6,June,28,2,Wednesday,26,2,0,120.0,150.0,30.0,0
2023-07-04,Pumpkin,120.0,,160.0,,160.0,2023,7,July,4,1,Tuesday,27,3,0,120.0,160.0,40.0,0
2023-07-05,Pumpkin,120.0,,160.0,,160.0,2023,7,July,5,2,Wednesday,27,3,0,120.0,160.0,40.0,0
2023-07-06,Pumpkin,120.0,,160.0,,160.0,2023,7,July,6,3,Thursday,27,3,0,120.0,160.0,40.0,0
2023-07-07,Pumpkin,120.0,,160.0,,160.0,2023,7,July,7,4,Friday,27,3,0,120.0,160.0,40.0,0
2023-07-10,Pumpkin,120.0,,160.0,,160.0,2023,7,July,10,0,Monday,28,3,0,120.0,160.0,40.0,0
2023-07-11,Pumpkin,120.0,,160.0,,160.0,2023,7,July,11,1,Tuesday,28,3,0,120.0,160.0,40.0,0
2023-07-12,Pumpkin,120.0,,160.0,,160.0,2023,7,July,12,2,Wednesday,28,3,0,120.0,160.0,40.0,0
2023-07-13,Pumpkin,120.0,,160.0,,160.0,2023,7,July,13,3,Thursday,28,3,0,120.0,160.0,40.0,0
2023-07-14,Pumpkin,130.0,,170.0,,160.0,2023,7,July,14,4,Friday,28,3,0,130.0,165.0,35.0,0
2023-07-17,Pumpkin,130.0,,170.0,,160.0,2023,7,July,17,0,Monday,29,3,0,130.0,165.0,35.0,0
2023-07-18,Pumpkin,130.0,,170.0,,180.0,2023,7,July,18,1,Tuesday,29,3,0,130.0,175.0,45.0,0
2023-07-19,Pumpkin,120.0,,160.0,,180.0,2023,7,July,19,2,Wednesday,29,3,0,120.0,170.0,50.0,0
2023-07-20,Pumpkin,120.0,,160.0,,160.0,2023,7,July,20,3,Thursday,29,3,0,120.0,160.0,40.0,0
2023-07-21,Pumpkin,120.0,,160.0,,160.0,2023,7,July,21,4,Friday,29,3,0,120.0,160.0,40.0,0
2023-07-24,Pumpkin,120.0,,160.0,,160.0,2023,7,July,24,0,Monday,30,3,0,120.0,160.0,40.0,0
2023-07-25,Pumpkin,120.0,,160.0,,160.0,2023,7,July,25,1,Tuesday,30,3,0,120.0,160.0,40.0,0
2023-07-26,Pumpkin,120.0,,160.0,,200.0,2023,7,July,26,2,Wednesday,30,3,0,120.0,180.0,60.0,0
2023-07-27,Pumpkin,120.0,,160.0,,160.0,2023,7,July,27,3,Thursday,30,3,0,120.0,160.0,40.0,0
2023-07-28,Pumpkin,120.0,,160.0,,160.0,2023,7,July,28,4,Friday,30,3,0,120.0,160.0,40.0,0
2023-07-31,Pumpkin,120.0,,160.0,,160.0,2023,7,July,31,0,Monday,31,3,0,120.0,160.0,40.0,0
2023-08-02,Pumpkin,120.0,,160.0,,160.0,2023,8,August,2,2,Wednesday,31,3,0,120.0,160.0,40.0,0
2023-08-03,Pumpkin,120.0,,160.0,,180.0,2023,8,August,3,3,Thursday,31,3,0,120.0,170.0,50.0,0
2023-08-04,Pumpkin,120.0,,160.0,,160.0,2023,8,August,4,4,Friday,31,3,0,120.0,160.0,40.0,0
2023-08-07,Pumpkin,120.0,,160.0,,160.0,2023,8,August,7,0,Monday,32,3,0,120.0,160.0,40.0,0
2023-08-08,Pumpkin,120.0,,160.0,,200.0,2023,8,August,8,1,Tuesday,32,3,0,120.0,180.0,60.0,0
2023-08-09,Pumpkin,120.0,,160.0,,200.0,2023,8,August,9,2,Wednesday,32,3,0,120.0,180.0,60.0,0
2023-08-10,Pumpkin,120.0,,160.0,,200.0,2023,8,August,10,3,Thursday,32,3,0,120.0,180.0,60.0,0
2023-08-11,Pumpkin,120.0,,160.0,,160.0,2023,8,August,11,4,Friday,32,3,0,120.0,160.0,40.0,0
2023-08-14,Pumpkin,120.0,,160.0,,200.0,2023,8,August,14,0,Monday,33,3,0,120.0,180.0,60.0,0
2023-08-15,Pumpkin,120.0,,160.0,,160.0,2023,8,August,15,1,Tuesday,33,3,0,120.0,160.0,40.0,0
2023-08-16,Pumpkin,100.0,,140.0,,200.0,2023,8,August,16,2,Wednesday,33,3,0,100.0,170.0,70.0,0
2023-08-17,Pumpkin,100.0,,140.0,,160.0,2023,8,August,17,3,Thursday,33,3,0,100.0,150.0,50.0,0
2023-08-18,Pumpkin,100.0,,140.0,,160.0,2023,8,August,18,4,Friday,33,3,0,100.0,150.0,50.0,0
2023-08-21,Pumpkin,100.0,,120.0,,180.0,2023,8,August,21,0,Monday,34,3,0,100.0,150.0,50.0,0
2023-08-22,Pumpkin,100.0,,120.0,,180.0,2023,8,August,22,1,Tuesday,34,3,0,100.0,150.0,50.0,0
2023-08-23,Pumpkin,100.0,,120.0,,180.0,2023,8,August,23,2,Wednesday,34,3,0,100.0,150.0,50.0,0
2023-08-25,Pumpkin,100.0,,120.0,,180.0,2023,8,August,25,4,Friday,34,3,0,100.0,150.0,50.0,0
2023-08-28,Pumpkin,100.0,,100.0,,180.0,2023,8,August,28,0,Monday,35,3,0,100.0,140.0,50.0,0
2023-08-29,Pumpkin,100.0,,100.0,,180.0,2023,8,August,29,1,Tuesday,35,3,0,100.0,140.0,50.0,0
2023-08-31,Pumpkin,100.0,,100.0,,180.0,2023,8,August,31,3,Thursday,35,3,0,100.0,140.0,50.0,0
2023-09-01,Pumpkin,100.0,,100.0,,170.0,2023,9,September,1,4,Friday,35,3,0,100.0,135.0,50.0,0
2023-09-04,Pumpkin,100.0,,100.0,,170.0,2023,9,September,4,0,Monday,36,3,0,100.0,135.0,50.0,0
2023-09-05,Pumpkin,100.0,,100.0,,180.0,2023,9,September,5,1,Tuesday,36,3,0,100.0,140.0,50.0,0
2023-09-06,Pumpkin,100.0,,100.0,,140.0,2023,9,September,6,2,Wednesday,36,3,0,100.0,120.0,50.0,0
2023-09-07,Pumpkin,100.0,,100.0,,140.0,2023,9,September,7,3,Thursday,36,3,0,100.0,120.0,50.0,0
2023-09-08,Pumpkin,100.0,,100.0,,140.0,2023,9,September,8,4,Friday,36,3,0,100.0,120.0,50.0,0
2023-09-11,Pumpkin,100.0,,100.0,,120.0,2023,9,September,11,0,Monday,37,3,0,100.0,110.0,50.0,0
2023-09-12,Pumpkin,100.0,,120.0,,120.0,2023,9,September,12,1,Tuesday,37,3,0,100.0,120.0,50.0,0
2023-09-13,Pumpkin,100.0,,120.0,,120.0,2023,9,September,13,2,Wednesday,37,3,0,100.0,120.0,50.0,0
2023-09-14,Pumpkin,100.0,,120.0,,120.0,2023,9,September,14,3,Thursday,37,3,0,100.0,120.0,50.0,0
2023-09-15,Pumpkin,100.0,,120.0,,120.0,2023,9,September,15,4,Friday,37,3,0,100.0,120.0,50.0,0
2023-09-18,Pumpkin,100.0,,100.0,,150.0,2023,9,September,18,0,Monday,38,3,0,100.0,125.0,50.0,0
2023-09-19,Pumpkin,100.0,,100.0,,120.0,2023,9,September,19,1,Tuesday,38,3,0,100.0,110.0,50.0,0
2023-09-20,Pumpkin,100.0,,100.0,,120.0,2023,9,September,20,2,Wednesday,38,3,0,100.0,110.0,50.0,0
2023-09-21,Pumpkin,100.0,,100.0,,120.0,2023,9,September,21,3,Thursday,38,3,0,100.0,110.0,50.0,0
2023-09-22,Pumpkin,100.0,,100.0,,100.0,2023,9,September,22,4,Friday,38,3,0,100.0,100.0,50.0,0
2023-09-25,Pumpkin,100.0,,100.0,,120.0,2023,9,September,25,0,Monday,39,3,0,100.0,110.0,50.0,0
2023-09-26,Pumpkin,100.0,,100.0,,100.0,2023,9,September,26,1,Tuesday,39,3,0,100.0,100.0,50.0,0
2023-09-27,Pumpkin,100.0,,100.0,,100.0,2023,9,September,27,2,Wednesday,39,3,0,100.0,100.0,50.0,0
2023-10-02,Pumpkin,100.0,,100.0,,120.0,2023,10,October,2,0,Monday,40,4,0,100.0,110.0,50.0,0
2023-10-03,Pumpkin,100.0,,120.0,,120.0,2023,10,October,3,1,Tuesday,40,4,0,100.0,120.0,50.0,0
2023-10-04,Pumpkin,100.0,,120.0,,100.0,2023,10,October,4,2,Wednesday,40,4,0,100.0,110.0,50.0,0
2023-10-05,Pumpkin,100.0,,120.0,,100.0,2023,10,October,5,3,Thursday,40,4,0,100.0,110.0,50.0,0
2023-10-06,Pumpkin,100.0,,120.0,,150.0,2023,10,October,6,4,Friday,40,4,0,100.0,135.0,50.0,0
2023-10-09,Pumpkin,100.0,,100.0,,120.0,2023,10,October,9,0,Monday,41,4,0,100.0,110.0,50.0,0
2023-10-10,Pumpkin,100.0,,100.0,,120.0,2023,10,October,10,1,Tuesday,41,4,0,100.0,110.0,50.0,0
2023-10-11,Pumpkin,100.0,,100.0,,120.0,2023,10,October,11,2,Wednesday,41,4,0,100.0,110.0,50.0,0
2023-10-12,Pumpkin,100.0,,100.0,,100.0,2023,10,October,12,3,Thursday,41,4,0,100.0,100.0,50.0,0
2023-10-13,Pumpkin,100.0,,100.0,,120.0,2023,10,October,13,4,Friday,41,4,0,100.0,110.0,50.0,0
2023-10-16,Pumpkin,100.0,,100.0,,160.0,2023,10,October,16,0,Monday,42,4,0,100.0,130.0,50.0,0
2023-10-17,Pumpkin,100.0,,100.0,,120.0,2023,10,October,17,1,Tuesday,42,4,0,100.0,110.0,50.0,0
2023-10-18,Pumpkin,100.0,,100.0,,120.0,2023,10,October,18,2,Wednesday,42,4,0,100.0,110.0,50.0,0
2023-10-19,Pumpkin,100.0,,100.0,,120.0,2023,10,October,19,3,Thursday,42,4,0,100.0,110.0,50.0,0
2023-10-20,Pumpkin,100.0,,100.0,,120.0,2023,10,October,20,4,Friday,42,4,0,100.0,110.0,50.0,0
2023-10-23,Pumpkin,100.0,,100.0,,120.0,2023,10,October,23,0,Monday,43,4,0,100.0,110.0,50.0,0
2023-10-24,Pumpkin,100.0,,100.0,,120.0,2023,10,October,24,1,Tuesday,43,4,0,100.0,110.0,50.0,0
2023-10-25,Pumpkin,100.0,,100.0,,100.0,2023,10,October,25,2,Wednesday,43,4,0,100.0,100.0,50.0,0
2023-10-26,Pumpkin,100.0,,100.0,,100.0,2023,10,October,26,3,Thursday,43,4,0,100.0,100.0,50.0,0
2023-10-27,Pumpkin,100.0,,100.0,,100.0,2023,10,October,27,4,Friday,43,4,0,100.0,100.0,50.0,0
2023-10-30,Pumpkin,100.0,,100.0,,100.0,2023,10,October,30,0,Monday,44,4,0,100.0,100.0,50.0,0
2023-10-31,Pumpkin,100.0,,120.0,,100.0,2023,10,October,31,1,Tuesday,44,4,0,100.0,110.0,50.0,0
2023-11-01,Pumpkin,100.0,,120.0,,120.0,2023,11,November,1,2,Wednesday,44,4,0,100.0,120.0,50.0,0
2023-11-02,Pumpkin,100.0,,120.0,,120.0,2023,11,November,2,3,Thursday,44,4,0,100.0,120.0,50.0,0
2023-11-03,Pumpkin,100.0,,140.0,,160.0,2023,11,November,3,4,Friday,44,4,0,100.0,150.0,50.0,0
2023-11-06,Pumpkin,100.0,,140.0,,140.0,2023,11,November,6,0,Monday,45,4,0,100.0,140.0,50.0,0
2023-11-07,Pumpkin,100.0,,140.0,,160.0,2023,11,November,7,1,Tuesday,45,4,0,100.0,150.0,50.0,0
2023-11-08,Pumpkin,100.0,,140.0,,140.0,2023,11,November,8,2,Wednesday,45,4,0,100.0,140.0,50.0,0
2023-11-09,Pumpkin,100.0,,140.0,,160.0,2023,11,November,9,3,Thursday,45,4,0,100.0,150.0,50.0,0
2023-11-10,Pumpkin,100.0,,140.0,,200.0,2023,11,November,10,4,Friday,45,4,0,100.0,170.0,70.0,0
2023-11-13,Pumpkin,100.0,,120.0,,140.0,2023,11,November,13,0,Monday,46,4,0,100.0,130.0,30.0,0
2023-11-14,Pumpkin,100.0,,120.0,,140.0,2023,11,November,14,1,Tuesday,46,4,0,100.0,130.0,30.0,0
2023-11-15,Pumpkin,100.0,,120.0,,140.0,2023,11,November,15,2,Wednesday,46,4,0,100.0,130.0,30.0,0
2023-11-16,Pumpkin,100.0,,120.0,,140.0,2023,11,November,16,3,Thursday,46,4,0,100.0,130.0,30.0,0
2023-11-17,Pumpkin,100.0,,120.0,,140.0,2023,11,November,17,4,Friday,46,4,0,100.0,130.0,30.0,0
2023-11-20,Pumpkin,100.0,,120.0,,160.0,2023,11,November,20,0,Monday,47,4,0,100.0,140.0,30.0,0
2023-11-21,Pumpkin,100.0,,120.0,,160.0,2023,11,November,21,1,Tuesday,47,4,0,100.0,140.0,30.0,0
2023-11-22,Pumpkin,100.0,,120.0,,140.0,2023,11,November,22,2,Wednesday,47,4,0,100.0,130.0,30.0,0
2023-11-23,Pumpkin,100.0,,120.0,,140.0,2023,11,November,23,3,Thursday,47,4,0,100.0,130.0,30.0,0
2023-11-24,Pumpkin,100.0,,120.0,,160.0,2023,11,November,24,4,Friday,47,4,0,100.0,140.0,30.0,0
2023-11-27,Pumpkin,100.0,,120.0,,180.0,2023,11,November,27,0,Monday,48,4,0,100.0,150.0,30.0,0
2023-11-28,Pumpkin,100.0,,120.0,,160.0,2023,11,November,28,1,Tuesday,48,4,0,100.0,140.0,30.0,0
2023-11-29,Pumpkin,100.0,,120.0,,140.0,2023,11,November,29,2,Wednesday,48,4,0,100.0,130.0,30.0,0
2023-11-30,Pumpkin,100.0,,120.0,,140.0,2023,11,November,30,3,Thursday,48,4,0,100.0,130.0,30.0,0
2023-12-01,Pumpkin,100.0,,140.0,,140.0,2023,12,December,1,4,Friday,48,4,0,100.0,140.0,30.0,0
2023-12-04,Pumpkin,120.0,,160.0,,160.0,2023,12,December,4,0,Monday,49,4,0,120.0,160.0,40.0,0
2023-12-05,Pumpkin,120.0,,160.0,,180.0,2023,12,December,5,1,Tuesday,49,4,0,120.0,170.0,50.0,0
2023-12-06,Pumpkin,120.0,,160.0,,200.0,2023,12,December,6,2,Wednesday,49,4,0,120.0,180.0,60.0,0
2023-12-07,Pumpkin,120.0,,160.0,,180.0,2023,12,December,7,3,Thursday,49,4,0,120.0,170.0,50.0,0
2023-12-08,Pumpkin,120.0,,160.0,,180.0,2023,12,December,8,4,Friday,49,4,0,120.0,170.0,50.0,0
2023-12-11,Pumpkin,120.0,,160.0,,100.0,2023,12,December,11,0,Monday,50,4,0,120.0,130.0,10.0,0
2023-12-12,Pumpkin,140.0,,180.0,,200.0,2023,12,December,12,1,Tuesday,50,4,0,140.0,190.0,50.0,0
2023-12-13,Pumpkin,140.0,,180.0,,180.0,2023,12,December,13,2,Wednesday,50,4,0,140.0,180.0,40.0,0
2023-12-14,Pumpkin,140.0,,180.0,,180.0,2023,12,December,14,3,Thursday,50,4,0,140.0,180.0,40.0,0
2023-12-15,Pumpkin,150.0,,200.0,,200.0,2023,12,December,15,4,Friday,50,4,0,150.0,200.0,50.0,0
2023-12-18,Pumpkin,150.0,,200.0,,180.0,2023,12,December,18,0,Monday,51,4,0,150.0,190.0,40.0,0
2023-12-19,Pumpkin,150.0,,200.0,,250.0,2023,12,December,19,1,Tuesday,51,4,0,150.0,225.0,75.0,0
2023-12-20,Pumpkin,150.0,,200.0,,200.0,2023,12,December,20,2,Wednesday,51,4,0,150.0,200.0,50.0,0
2023-12-21,Pumpkin,160.0,,200.0,,240.0,2023,12,December,21,3,Thursday,51,4,0,160.0,220.0,60.0,0
2023-12-22,Pumpkin,160.0,,200.0,,200.0,2023,12,December,22,4,Friday,51,4,0,160.0,200.0,40.0,0
2023-12-27,Pumpkin,160.0,,200.0,,200.0,2023,12,December,27,2,Wednesday,52,4,0,160.0,200.0,40.0,0
2023-12-28,Pumpkin,160.0,,200.0,,240.0,2023,12,December,28,3,Thursday,52,4,0,160.0,220.0,60.0,0
2023-12-29,Pumpkin,150.0,,200.0,,240.0,2023,12,December,29,4,Friday,52,4,0,150.0,220.0,70.0,0
2024-02-01,Pumpkin,200.0,,240.0,,340.0,2024,2,February,1,3,Thursday,5,1,0,200.0,290.0,90.0,0
2024-02-02,Pumpkin,200.0,,240.0,,340.0,2024,2,February,2,4,Friday,5,1,0,200.0,290.0,90.0,0
2024-02-05,Pumpkin,220.0,,260.0,,320.0,2024,2,February,5,0,Monday,6,1,0,220.0,290.0,70.0,0
2024-02-06,Pumpkin,220.0,,260.0,,320.0,2024,2,February,6,1,Tuesday,6,1,0,220.0,290.0,70.0,0
2024-02-07,Pumpkin,220.0,,260.0,,360.0,2024,2,February,7,2,Wednesday,6,1,0,220.0,310.0,90.0,0
2024-02-08,Pumpkin,220.0,,260.0,,360.0,2024,2,February,8,3,Thursday,6,1,0,220.0,310.0,90.0,0
2024-02-09,Pumpkin,220.0,,260.0,,320.0,2024,2,February,9,4,Friday,6,1,0,220.0,290.0,70.0,0
2024-02-12,Pumpkin,300.0,,350.0,,360.0,2024,2,February,12,0,Monday,7,1,0,300.0,355.0,55.0,0
2024-02-13,Pumpkin,350.0,,400.0,,360.0,2024,2,February,13,1,Tuesday,7,1,0,350.0,380.0,30.0,0
2024-02-14,Pumpkin,350.0,,400.0,,360.0,2024,2,February,14,2,Wednesday,7,1,0,350.0,380.0,30.0,0
2024-02-15,Pumpkin,350.0,,400.0,,360.0,2024,2,February,15,3,Thursday,7,1,0,350.0,380.0,30.0,0
2024-02-16,Pumpkin,350.0,,400.0,,360.0,2024,2,February,16,4,Friday,7,1,0,350.0,380.0,30.0,0
2024-02-19,Pumpkin,320.0,,380.0,,360.0,2024,2,February,19,0,Monday,8,1,0,320.0,370.0,50.0,0
2024-02-20,Pumpkin,300.0,,350.0,,380.0,2024,2,February,20,1,Tuesday,8,1,0,300.0,365.0,65.0,0
2024-02-21,Pumpkin,250.0,,300.0,,400.0,2024,2,February,21,2,Wednesday,8,1,0,250.0,350.0,100.0,0
2024-02-22,Pumpkin,250.0,,300.0,,360.0,2024,2,February,22,3,Thursday,8,1,0,250.0,330.0,80.0,0
2024-02-26,Pumpkin,250.0,,300.0,,380.0,2024,2,February,26,0,Monday,9,1,0,250.0,340.0,90.0,0
2024-02-27,Pumpkin,250.0,,300.0,,360.0,2024,2,February,27,1,Tuesday,9,1,0,250.0,330.0,80.0,0
2024-02-28,Pumpkin,250.0,,300.0,,360.0,2024,2,February,28,2,Wednesday,9,1,0,250.0,330.0,80.0,0
2024-02-29,Pumpkin,250.0,,300.0,,360.0,2024,2,February,29,3,Thursday,9,1,0,250.0,330.0,80.0,0
2024-03-01,Pumpkin,250.0,,300.0,,320.0,2024,3,March,1,4,Friday,9,1,0,250.0,310.0,60.0,0
2024-03-04,Pumpkin,250.0,,300.0,,340.0,2024,3,March,4,0,Monday,10,1,0,250.0,320.0,70.0,0
2024-03-05,Pumpkin,250.0,,300.0,,360.0,2024,3,March,5,1,Tuesday,10,1,0,250.0,330.0,80.0,0
2024-03-06,Pumpkin,250.0,,300.0,,360.0,2024,3,March,6,2,Wednesday,10,1,0,250.0,330.0,80.0,0
2024-03-07,Pumpkin,250.0,,300.0,,360.0,2024,3,March,7,3,Thursday,10,1,0,250.0,330.0,80.0,0
2024-03-11,Pumpkin,220.0,,260.0,,320.0,2024,3,March,11,0,Monday,11,1,0,220.0,290.0,70.0,0
2024-03-12,Pumpkin,220.0,,260.0,,360.0,2024,3,March,12,1,Tuesday,11,1,0,220.0,310.0,90.0,0
2024-03-13,Pumpkin,220.0,,260.0,,320.0,2024,3,March,13,2,Wednesday,11,1,0,220.0,290.0,70.0,0
2024-03-14,Pumpkin,200.0,,250.0,,320.0,2024,3,March,14,3,Thursday,11,1,0,200.0,285.0,85.0,0
2024-03-15,Pumpkin,200.0,,250.0,,320.0,2024,3,March,15,4,Friday,11,1,0,200.0,285.0,85.0,0
2024-03-18,Pumpkin,200.0,,250.0,,320.0,2024,3,March,18,0,Monday,12,1,0,200.0,285.0,85.0,0
2024-03-19,Pumpkin,200.0,,250.0,,320.0,2024,3,March,19,1,Tuesday,12,1,0,200.0,285.0,85.0,0
2024-03-20,Pumpkin,180.0,,230.0,,280.0,2024,3,March,20,2,Wednesday,12,1,0,180.0,255.0,75.0,0
2024-03-21,Pumpkin,180.0,,230.0,,320.0,2024,3,March,21,3,Thursday,12,1,0,180.0,275.0,95.0,0
2024-03-22,Pumpkin,180.0,,230.0,,280.0,2024,3,March,22,4,Friday,12,1,0,180.0,255.0,75.0,0
2024-03-25,Pumpkin,180.0,,230.0,,280.0,2024,3,March,25,0,Monday,13,1,0,180.0,255.0,75.0,0
2024-03-26,Pumpkin,180.0,,230.0,,240.0,2024,3,March,26,1,Tuesday,13,1,0,180.0,235.0,55.0,0
2024-03-27,Pumpkin,180.0,,230.0,,280.0,2024,3,March,27,2,Wednesday,13,1,0,180.0,255.0,75.0,0
2024-03-28,Pumpkin,180.0,,230.0,,280.0,2024,3,March,28,3,Thursday,13,1,0,180.0,255.0,75.0,0
2024-04-01,Pumpkin,160.0,,200.0,,280.0,2024,4,April,1,0,Monday,14,2,0,160.0,240.0,80.0,0
2024-04-02,Pumpkin,160.0,,200.0,,280.0,2024,4,April,2,1,Tuesday,14,2,0,160.0,240.0,80.0,0
2024-04-03,Pumpkin,160.0,,200.0,,280.0,2024,4,April,3,2,Wednesday,14,2,0,160.0,240.0,80.0,0
2024-04-04,Pumpkin,160.0,,200.0,,280.0,2024,4,April,4,3,Thursday,14,2,0,160.0,240.0,80.0,0
2024-04-05,Pumpkin,160.0,,200.0,,280.0,2024,4,April,5,4,Friday,14,2,0,160.0,240.0,80.0,0
2024-04-08,Pumpkin,160.0,,200.0,,240.0,2024,4,April,8,0,Monday,15,2,0,160.0,220.0,60.0,0
2024-04-09,Pumpkin,160.0,,200.0,,240.0,2024,4,April,9,1,Tuesday,15,2,0,160.0,220.0,60.0,0
2024-04-10,Pumpkin,150.0,,200.0,,240.0,2024,4,April,10,2,Wednesday,15,2,0,150.0,220.0,70.0,0
2024-04-15,Pumpkin,150.0,,180.0,,240.0,2024,4,April,15,0,Monday,16,2,0,150.0,210.0,60.0,0
2024-04-16,Pumpkin,150.0,,200.0,,240.0,2024,4,April,16,1,Tuesday,16,2,0,150.0,200.0,50.0,0
2024-04-17,Pumpkin,150.0,,200.0,,240.0,2024,4,April,17,2,Wednesday,16,2,0,150.0,220.0,70.0,0
2024-04-18,Pumpkin,150.0,,200.0,,260.0,2024,4,April,18,3,Thursday,16,2,0,150.0,230.0,80.0,0
2024-04-19,Pumpkin,150.0,,200.0,,260.0,2024,4,April,19,4,Friday,16,2,0,150.0,230.0,80.0,0
2024-04-22,Pumpkin,100.0,,150.0,,200.0,2024,4,April,22,0,Monday,17,2,0,100.0,175.0,75.0,0
2024-04-24,Pumpkin,100.0,,150.0,,200.0,2024,4,April,24,2,Wednesday,17,2,0,100.0,175.0,75.0,0
2024-04-25,Pumpkin,100.0,,150.0,,180.0,2024,4,April,25,3,Thursday,17,2,0,100.0,165.0,65.0,0
2024-04-26,Pumpkin,100.0,,150.0,,160.0,2024,4,April,26,4,Friday,17,2,0,100.0,155.0,55.0,0
2024-04-29,Pumpkin,100.0,,120.0,,200.0,2024,4,April,29,0,Monday,18,2,0,100.0,160.0,60.0,0
2024-04-30,Pumpkin,100.0,,100.0,,180.0,2024,4,April,30,1,Tuesday,18,2,0,100.0,140.0,60.0,0
2024-05-02,Pumpkin,100.0,,100.0,,140.0,2024,5,May,2,3,Thursday,18,2,0,100.0,120.0,60.0,0
2024-05-03,Pumpkin,100.0,,100.0,,120.0,2024,5,May,3,4,Friday,18,2,0,100.0,110.0,60.0,0
2024-05-06,Pumpkin,100.0,,120.0,,140.0,2024,5,May,6,0,Monday,19,2,0,100.0,130.0,60.0,0
2024-05-07,Pumpkin,100.0,,120.0,,120.0,2024,5,May,7,1,Tuesday,19,2,0,100.0,120.0,60.0,0
2024-05-08,Pumpkin,100.0,,120.0,,140.0,2024,5,May,8,2,Wednesday,19,2,0,100.0,130.0,60.0,0
2024-05-09,Pumpkin,100.0,,120.0,,140.0,2024,5,May,9,3,Thursday,19,2,0,100.0,130.0,60.0,0
2024-05-10,Pumpkin,100.0,,120.0,,120.0,2024,5,May,10,4,Friday,19,2,0,100.0,120.0,60.0,0
2024-05-13,Pumpkin,100.0,,120.0,,120.0,2024,5,May,13,0,Monday,20,2,0,100.0,120.0,60.0,0
2024-05-14,Pumpkin,100.0,,120.0,,120.0,2024,5,May,14,1,Tuesday,20,2,0,100.0,120.0,60.0,0
2024-05-15,Pumpkin,100.0,,120.0,,120.0,2024,5,May,15,2,Wednesday,20,2,0,100.0,120.0,60.0,0
2024-05-16,Pumpkin,100.0,,120.0,,120.0,2024,5,May,16,3,Thursday,20,2,0,100.0,120.0,60.0,0
2024-05-17,Pumpkin,100.0,,120.0,,120.0,2024,5,May,17,4,Friday,20,2,0,100.0,120.0,60.0,0
2024-05-20,Pumpkin,100.0,,120.0,,120.0,2024,5,May,20,0,Monday,21,2,0,100.0,120.0,60.0,0
2024-05-21,Pumpkin,100.0,,140.0,,120.0,2024,5,May,21,1,Tuesday,21,2,0,100.0,130.0,60.0,0
2024-05-22,Pumpkin,100.0,,150.0,,120.0,2024,5,May,22,2,Wednesday,21,2,0,100.0,135.0,35.0,0
2024-05-22,Pumpkin,100.0,,140.0,,120.0,2024,5,May,22,2,Wednesday,21,2,0,100.0,130.0,35.0,0
2024-05-27,Pumpkin,100.0,,150.0,,120.0,2024,5,May,27,0,Monday,22,2,0,100.0,135.0,35.0,0
2024-05-28,Pumpkin,100.0,,150.0,,120.0,2024,5,May,28,1,Tuesday,22,2,0,100.0,135.0,35.0,0
2024-05-29,Pumpkin,100.0,,150.0,,160.0,2024,5,May,29,2,Wednesday,22,2,0,100.0,155.0,55.0,0
2024-05-31,Pumpkin,100.0,,150.0,,140.0,2024,5,May,31,4,Friday,22,2,0,100.0,145.0,45.0,0
2024-06-03,Pumpkin,100.0,,150.0,,160.0,2024,6,June,3,0,Monday,23,2,0,100.0,155.0,55.0,0
2024-06-04,Pumpkin,100.0,,150.0,,160.0,2024,6,June,4,1,Tuesday,23,2,0,100.0,155.0,55.0,0
2024-06-05,Pumpkin,100.0,,150.0,,160.0,2024,6,June,5,2,Wednesday,23,2,0,100.0,155.0,55.0,0
2024-06-06,Pumpkin,100.0,,150.0,,160.0,2024,6,June,6,3,Thursday,23,2,0,100.0,155.0,55.0,0
2024-06-07,Pumpkin,100.0,,150.0,,160.0,2024,6,June,7,4,Friday,23,2,0,100.0,155.0,55.0,0
2024-06-10,Pumpkin,120.0,,170.0,,160.0,2024,6,June,10,0,Monday,24,2,0,120.0,165.0,45.0,0
2024-06-11,Pumpkin,120.0,,170.0,,160.0,2024,6,June,11,1,Tuesday,24,2,0,120.0,165.0,45.0,0
2024-06-12,Pumpkin,120.0,,170.0,,160.0,2024,6,June,12,2,Wednesday,24,2,0,120.0,165.0,45.0,0
2024-06-13,Pumpkin,120.0,,170.0,,160.0,2024,6,June,13,3,Thursday,24,2,0,120.0,165.0,45.0,0
2024-06-14,Pumpkin,120.0,,170.0,,160.0,2024,6,June,14,4,Friday,24,2,0,120.0,165.0,45.0,0
2024-06-18,Pumpkin,120.0,,170.0,,180.0,2024,6,June,18,1,Tuesday,25,2,0,120.0,175.0,55.0,0
2024-06-19,Pumpkin,120.0,,170.0,,200.0,2024,6,June,19,2,Wednesday,25,2,0,120.0,185.0,65.0,0
2024-06-20,Pumpkin,140.0,,180.0,,200.0,2024,6,June,20,3,Thursday,25,2,0,140.0,190.0,50.0,0
2024-06-24,Pumpkin,130.0,,180.0,,240.0,2024,6,June,24,0,Monday,26,2,0,130.0,210.0,80.0,0
2024-06-25,Pumpkin,140.0,,200.0,,240.0,2024,6,June,25,1,Tuesday,26,2,0,140.0,220.0,80.0,0
2024-06-26,Pumpkin,140.0,,200.0,,240.0,2024,6,June,26,2,Wednesday,26,2,0,140.0,220.0,80.0,0
2024-06-27,Pumpkin,140.0,,200.0,,220.0,2024,6,June,27,3,Thursday,26,2,0,140.0,210.0,70.0,0
2024-06-28,Pumpkin,140.0,,200.0,,220.0,2024,6,June,28,4,Friday,26,2,0,140.0,210.0,70.0,0
2024-07-01,Pumpkin,150.0,,200.0,,240.0,2024,7,July,1,0,Monday,27,3,0,150.0,220.0,70.0,0
2024-07-02,Pumpkin,150.0,,200.0,,240.0,2024,7,July,2,1,Tuesday,27,3,0,150.0,220.0,70.0,0
2024-07-03,Pumpkin,150.0,,200.0,,240.0,2024,7,July,3,2,Wednesday,27,3,0,150.0,220.0,70.0,0
2024-07-04,Pumpkin,150.0,,200.0,,240.0,2024,7,July,4,3,Thursday,27,3,0,150.0,220.0,70.0,0
2024-07-05,Pumpkin,150.0,,200.0,,240.0,2024,7,July,5,4,Friday,27,3,0,150.0,220.0,70.0,0
2024-07-08,Pumpkin,150.0,,200.0,,200.0,2024,7,July,8,0,Monday,28,3,0,150.0,200.0,50.0,0
2024-07-09,Pumpkin,150.0,,200.0,,200.0,2024,7,July,9,1,Tuesday,28,3,0,150.0,200.0,50.0,0
2024-07-10,Pumpkin,150.0,,200.0,,240.0,2024,7,July,10,2,Wednesday,28,3,0,150.0,220.0,70.0,0
2024-07-11,Pumpkin,150.0,,200.0,,240.0,2024,7,July,11,3,Thursday,28,3,0,150.0,220.0,70.0,0
2024-07-11,Pumpkin,100.0,,150.0,,240.0,2024,7,July,11,3,Thursday,28,3,0,100.0,195.0,95.0,0
2024-07-12,Pumpkin,150.0,,200.0,,240.0,2024,7,July,12,4,Friday,28,3,0,150.0,220.0,70.0,0
2024-07-15,Pumpkin,150.0,,200.0,,200.0,2024,7,July,15,0,Monday,29,3,0,150.0,200.0,50.0,0
2024-07-16,Pumpkin,180.0,,230.0,,200.0,2024,7,July,16,1,Tuesday,29,3,0,180.0,215.0,35.0,0
2024-07-17,Pumpkin,180.0,,230.0,,240.0,2024,7,July,17,2,Wednesday,29,3,0,180.0,235.0,55.0,0
2024-07-18,Pumpkin,230.0,,280.0,,240.0,2024,7,July,18,3,Thursday,29,3,0,230.0,260.0,30.0,0
2024-07-19,Pumpkin,180.0,,230.0,,240.0,2024,7,July,19,4,Friday,29,3,0,180.0,235.0,55.0,0
2024-07-22,Pumpkin,180.0,,230.0,,200.0,2024,7,July,22,0,Monday,30,3,0,180.0,215.0,35.0,0
2024-07-23,Pumpkin,180.0,,230.0,,240.0,2024,7,July,23,1,Tuesday,30,3,0,180.0,235.0,55.0,0
2024-07-24,Pumpkin,180.0,,230.0,,200.0,2024,7,July,24,2,Wednesday,30,3,0,180.0,215.0,35.0,0
2024-07-25,Pumpkin,180.0,,230.0,,220.0,2024,7,July,25,3,Thursday,30,3,0,180.0,225.0,45.0,0
2024-07-26,Pumpkin,180.0,,230.0,,200.0,2024,7,July,26,4,Friday,30,3,0,180.0,215.0,35.0,0
2024-07-29,Pumpkin,160.0,,200.0,,200.0,2024,7,July,29,0,Monday,31,3,0,160.0,200.0,40.0,0
2024-07-30,Pumpkin,160.0,,200.0,,200.0,2024,7,July,30,1,Tuesday,31,3,0,160.0,200.0,40.0,0
2024-07-31,Pumpkin,160.0,,200.0,,220.0,2024,7,July,31,2,Wednesday,31,3,0,160.0,210.0,50.0,0
2024-08-01,Pumpkin,160.0,,200.0,,200.0,2024,8,August,1,3,Thursday,31,3,0,160.0,200.0,40.0,0
2024-08-02,Pumpkin,160.0,,200.0,,220.0,2024,8,August,2,4,Friday,31,3,0,160.0,210.0,50.0,0
2024-08-05,Pumpkin,160.0,,200.0,,200.0,2024,8,August,5,0,Monday,32,3,0,160.0,200.0,40.0,0
2024-08-06,Pumpkin,150.0,,200.0,,200.0,2024,8,August,6,1,Tuesday,32,3,0,150.0,200.0,50.0,0
2024-08-07,Pumpkin,150.0,,200.0,,200.0,2024,8,August,7,2,Wednesday,32,3,0,150.0,200.0,50.0,0
2024-08-08,Pumpkin,150.0,,200.0,,200.0,2024,8,August,8,3,Thursday,32,3,0,150.0,200.0,50.0,0
2024-08-09,Pumpkin,150.0,,200.0,,200.0,2024,8,August,9,4,Friday,32,3,0,150.0,200.0,50.0,0
2024-08-12,Pumpkin,150.0,,200.0,,200.0,2024,8,August,12,0,Monday,33,3,0,150.0,200.0,50.0,0
2024-08-13,Pumpkin,150.0,,200.0,,220.0,2024,8,August,13,1,Tuesday,33,3,0,150.0,210.0,60.0,0
2024-08-14,Pumpkin,150.0,,200.0,,200.0,2024,8,August,14,2,Wednesday,33,3,0,150.0,200.0,50.0,0
2024-08-15,Pumpkin,150.0,,200.0,,200.0,2024,8,August,15,3,Thursday,33,3,0,150.0,200.0,50.0,0
2024-08-16,Pumpkin,150.0,,200.0,,200.0,2024,8,August,16,4,Friday,33,3,0,150.0,200.0,50.0,0
2024-08-20,Pumpkin,150.0,,200.0,,200.0,2024,8,August,20,1,Tuesday,34,3,0,150.0,200.0,50.0,0
2024-08-21,Pumpkin,130.0,,180.0,,200.0,2024,8,August,21,2,Wednesday,34,3,0,130.0,190.0,60.0,0
2024-08-22,Pumpkin,130.0,,180.0,,200.0,2024,8,August,22,3,Thursday,34,3,0,130.0,190.0,60.0,0
2024-08-23,Pumpkin,130.0,,180.0,,160.0,2024,8,August,23,4,Friday,34,3,0,130.0,170.0,40.0,0
2024-08-26,Pumpkin,130.0,,130.0,,160.0,2024,8,August,26,0,Monday,35,3,0,130.0,145.0,15.0,0
2024-08-27,Pumpkin,130.0,,130.0,,160.0,2024,8,August,27,1,Tuesday,35,3,0,130.0,145.0,15.0,0
2024-08-28,Pumpkin,130.0,,130.0,,140.0,2024,8,August,28,2,Wednesday,35,3,0,130.0,135.0,15.0,0
2024-08-29,Pumpkin,130.0,,120.0,,160.0,2024,8,August,29,3,Thursday,35,3,0,130.0,140.0,15.0,0
2024-08-30,Pumpkin,130.0,,120.0,,160.0,2024,8,August,30,4,Friday,35,3,0,130.0,140.0,15.0,0
2024-09-02,Pumpkin,130.0,,100.0,,160.0,2024,9,September,2,0,Monday,36,3,0,130.0,130.0,15.0,0
2024-09-03,Pumpkin,130.0,,100.0,,160.0,2024,9,September,3,1,Tuesday,36,3,0,130.0,130.0,15.0,0
2024-09-04,Pumpkin,130.0,,100.0,,160.0,2024,9,September,4,2,Wednesday,36,3,0,130.0,130.0,15.0,0
2024-09-05,Pumpkin,130.0,,100.0,,120.0,2024,9,September,5,3,Thursday,36,3,0,130.0,110.0,15.0,0
2024-09-06,Pumpkin,130.0,,100.0,,120.0,2024,9,September,6,4,Friday,36,3,0,130.0,110.0,15.0,0
2024-09-09,Pumpkin,130.0,,100.0,,120.0,2024,9,September,9,0,Monday,37,3,0,130.0,110.0,15.0,0
2024-09-10,Pumpkin,130.0,,100.0,,120.0,2024,9,September,10,1,Tuesday,37,3,0,130.0,110.0,15.0,0
2024-09-11,Pumpkin,130.0,,100.0,,120.0,2024,9,September,11,2,Wednesday,37,3,0,130.0,110.0,15.0,0
2024-09-12,Pumpkin,130.0,,100.0,,160.0,2024,9,September,12,3,Thursday,37,3,0,130.0,130.0,15.0,0
2024-09-13,Pumpkin,130.0,,100.0,,160.0,2024,9,September,13,4,Friday,37,3,0,130.0,130.0,15.0,0
2024-09-18,Pumpkin,130.0,,100.0,,120.0,2024,9,September,18,2,Wednesday,38,3,0,130.0,110.0,15.0,0
2024-09-19,Pumpkin,130.0,,100.0,,120.0,2024,9,September,19,3,Thursday,38,3,0,130.0,110.0,15.0,0
2024-09-20,Pumpkin,130.0,,100.0,,120.0,2024,9,September,20,4,Friday,38,3,0,130.0,110.0,15.0,0
2024-09-23,Pumpkin,130.0,,100.0,,120.0,2024,9,September,23,0,Monday,39,3,0,130.0,110.0,15.0,0
2024-09-24,Pumpkin,130.0,,100.0,,120.0,2024,9,September,24,1,Tuesday,39,3,0,130.0,110.0,15.0,0
2024-09-25,Pumpkin,130.0,,100.0,,120.0,2024,9,September,25,2,Wednesday,39,3,0,130.0,110.0,15.0,0
2024-09-26,Pumpkin,130.0,,100.0,,120.0,2024,9,September,26,3,Thursday,39,3,0,130.0,110.0,15.0,0
2024-09-27,Pumpkin,130.0,,100.0,,120.0,2024,9,September,27,4,Friday,39,3,0,130.0,110.0,15.0,0
2024-09-30,Pumpkin,130.0,,100.0,,120.0,2024,9,September,30,0,Monday,40,3,0,130.0,110.0,15.0,0
2024-10-01,Pumpkin,130.0,,100.0,,120.0,2024,10,October,1,1,Tuesday,40,4,0,130.0,110.0,15.0,0
2024-10-02,Pumpkin,130.0,,100.0,,120.0,2024,10,October,2,2,Wednesday,40,4,0,130.0,110.0,15.0,0
2024-10-03,Pumpkin,130.0,,100.0,,120.0,2024,10,October,3,3,Thursday,40,4,0,130.0,110.0,15.0,0
2024-10-04,Pumpkin,130.0,,100.0,,120.0,2024,10,October,4,4,Friday,40,4,0,130.0,110.0,15.0,0
2024-10-07,Pumpkin,130.0,,100.0,,180.0,2024,10,October,7,0,Monday,41,4,0,130.0,140.0,15.0,0
2024-10-08,Pumpkin,130.0,,100.0,,180.0,2024,10,October,8,1,Tuesday,41,4,0,130.0,140.0,15.0,0
2024-10-09,Pumpkin,130.0,,100.0,,180.0,2024,10,October,9,2,Wednesday,41,4,0,130.0,140.0,15.0,0
2024-10-10,Pumpkin,130.0,,100.0,,200.0,2024,10,October,10,3,Thursday,41,4,0,130.0,150.0,15.0,0
2024-10-11,Pumpkin,130.0,,130.0,,180.0,2024,10,October,11,4,Friday,41,4,0,130.0,155.0,15.0,0
2024-10-14,Pumpkin,130.0,,130.0,,160.0,2024,10,October,14,0,Monday,42,4,0,130.0,145.0,15.0,0
2024-10-15,Pumpkin,130.0,,130.0,,165.0,2024,10,October,15,1,Tuesday,42,4,0,130.0,147.5,15.0,0
2024-10-16,Pumpkin,100.0,,140.0,,170.0,2024,10,October,16,2,Wednesday,42,4,0,100.0,155.0,55.0,0
2024-10-18,Pumpkin,100.0,,150.0,,200.0,2024,10,October,18,4,Friday,42,4,0,100.0,175.0,75.0,0
2024-10-21,Pumpkin,120.0,,160.0,,200.0,2024,10,October,21,0,Monday,43,4,0,120.0,180.0,60.0,0
2024-10-22,Pumpkin,120.0,,160.0,,200.0,2024,10,October,22,1,Tuesday,43,4,0,120.0,180.0,60.0,0
2024-10-23,Pumpkin,120.0,,160.0,,200.0,2024,10,October,23,2,Wednesday,43,4,0,120.0,180.0,60.0,0
2024-10-24,Pumpkin,110.0,,160.0,,200.0,2024,10,October,24,3,Thursday,43,4,0,110.0,180.0,70.0,0
2024-10-25,Pumpkin,100.0,,150.0,,210.0,2024,10,October,25,4,Friday,43,4,0,100.0,180.0,80.0,0
2024-10-28,Pumpkin,100.0,,150.0,,200.0,2024,10,October,28,0,Monday,44,4,0,100.0,175.0,75.0,0
2024-10-29,Pumpkin,100.0,,150.0,,220.0,2024,10,October,29,1,Tuesday,44,4,0,100.0,185.0,85.0,0
2024-10-30,Pumpkin,100.0,,150.0,,200.0,2024,10,October,30,2,Wednesday,44,4,0,100.0,175.0,75.0,0
2024-11-01,Pumpkin,100.0,,150.0,,200.0,2024,11,November,1,4,Friday,44,4,0,100.0,175.0,75.0,0
2024-11-04,Pumpkin,100.0,,150.0,,200.0,2024,11,November,4,0,Monday,45,4,0,100.0,175.0,75.0,0
2024-11-05,Pumpkin,100.0,,150.0,,200.0,2024,11,November,5,1,Tuesday,45,4,0,100.0,175.0,75.0,0
2024-11-06,Pumpkin,100.0,,150.0,,240.0,2024,11,November,6,2,Wednesday,45,4,0,100.0,195.0,95.0,0
2024-11-08,Pumpkin,100.0,,130.0,,240.0,2024,11,November,8,4,Friday,45,4,0,100.0,185.0,95.0,0
2024-11-11,Pumpkin,100.0,,130.0,,220.0,2024,11,November,11,0,Monday,46,4,0,100.0,175.0,95.0,0
2024-11-12,Pumpkin,100.0,,130.0,,220.0,2024,11,November,12,1,Tuesday,46,4,0,100.0,175.0,95.0,0
2024-11-13,Pumpkin,100.0,,130.0,,220.0,2024,11,November,13,2,Wednesday,46,4,0,100.0,175.0,95.0,0
2024-11-14,Pumpkin,100.0,,130.0,,220.0,2024,11,November,14,3,Thursday,46,4,0,100.0,175.0,95.0,0
2024-11-18,Pumpkin,100.0,,140.0,,220.0,2024,11,November,18,0,Monday,47,4,0,100.0,180.0,80.0,0
2024-11-19,Pumpkin,100.0,,140.0,,220.0,2024,11,November,19,1,Tuesday,47,4,0,100.0,180.0,80.0,0
2024-11-20,Pumpkin,120.0,,160.0,,220.0,2024,11,November,20,2,Wednesday,47,4,0,120.0,190.0,70.0,0
2024-11-21,Pumpkin,120.0,,160.0,,220.0,2024,11,November,21,3,Thursday,47,4,0,120.0,190.0,70.0,0
2024-11-22,Pumpkin,120.0,,160.0,,220.0,2024,11,November,22,4,Friday,47,4,0,120.0,190.0,70.0,0
2024-11-25,Pumpkin,120.0,,160.0,,240.0,2024,11,November,25,0,Monday,48,4,0,120.0,200.0,80.0,0
2024-11-26,Pumpkin,120.0,,160.0,,240.0,2024,11,November,26,1,Tuesday,48,4,0,120.0,200.0,80.0,0
2024-11-27,Pumpkin,120.0,,160.0,,180.0,2024,11,November,27,2,Wednesday,48,4,0,120.0,170.0,50.0,0
2024-11-28,Pumpkin,120.0,,160.0,,220.0,2024,11,November,28,3,Thursday,48,4,0,120.0,190.0,70.0,0
2024-11-29,Pumpkin,120.0,,160.0,,220.0,2024,11,November,29,4,Friday,48,4,0,120.0,190.0,70.0,0
2024-12-02,Pumpkin,120.0,,160.0,,220.0,2024,12,December,2,0,Monday,49,4,0,120.0,190.0,70.0,0
2024-12-03,Pumpkin,120.0,,160.0,,220.0,2024,12,December,3,1,Tuesday,49,4,0,120.0,190.0,70.0,0
2024-12-04,Pumpkin,140.0,,180.0,,220.0,2024,12,December,4,2,Wednesday,49,4,0,140.0,200.0,60.0,0
2024-12-05,Pumpkin,140.0,,180.0,,220.0,2024,12,December,5,3,Thursday,49,4,0,140.0,200.0,60.0,0
2024-12-06,Pumpkin,140.0,,180.0,,160.0,2024,12,December,6,4,Friday,49,4,0,140.0,170.0,30.0,0
2024-12-09,Pumpkin,140.0,,180.0,,220.0,2024,12,December,9,0,Monday,50,4,0,140.0,200.0,60.0,0
2024-12-10,Pumpkin,140.0,,180.0,,220.0,2024,12,December,10,1,Tuesday,50,4,0,140.0,200.0,60.0,0
2024-12-11,Pumpkin,140.0,,180.0,,220.0,2024,12,December,11,2,Wednesday,50,4,0,140.0,200.0,60.0,0
2024-12-12,Pumpkin,140.0,,180.0,,220.0,2024,12,December,12,3,Thursday,50,4,0,140.0,200.0,60.0,0
2024-12-13,Pumpkin,140.0,,180.0,,220.0,2024,12,December,13,4,Friday,50,4,0,140.0,200.0,60.0,0
2024-12-16,Pumpkin,150.0,,200.0,,220.0,2024,12,December,16,0,Monday,51,4,0,150.0,210.0,60.0,0
2024-12-17,Pumpkin,150.0,,200.0,,220.0,2024,12,December,17,1,Tuesday,51,4,0,150.0,210.0,60.0,0
2024-12-18,Pumpkin,160.0,,200.0,,200.0,2024,12,December,18,2,Wednesday,51,4,0,160.0,200.0,40.0,0
2024-12-19,Pumpkin,160.0,,200.0,,200.0,2024,12,December,19,3,Thursday,51,4,0,160.0,200.0,40.0,0
2024-12-20,Pumpkin,170.0,,240.0,,200.0,2024,12,December,20,4,Friday,51,4,0,170.0,220.0,50.0,0
2024-12-23,Pumpkin,200.0,,250.0,,200.0,2024,12,December,23,0,Monday,52,4,0,200.0,225.0,25.0,0
2024-12-24,Pumpkin,200.0,,250.0,,260.0,2024,12,December,24,1,Tuesday,52,4,0,200.0,255.0,55.0,0
2024-12-26,Pumpkin,200.0,,250.0,,200.0,2024,12,December,26,3,Thursday,52,4,0,200.0,225.0,25.0,0
2024-12-27,Pumpkin,200.0,,250.0,,200.0,2024,12,December,27,4,Friday,52,4,0,200.0,225.0,25.0,0
2024-12-30,Pumpkin,180.0,,230.0,,240.0,2024,12,December,30,0,Monday,1,4,0,180.0,235.0,55.0,0
2024-12-31,Pumpkin,180.0,,230.0,,240.0,2024,12,December,31,1,Tuesday,1,4,0,180.0,235.0,55.0,0
2025-01-01,Pumpkin,180.0,,230.0,,240.0,2025,1,January,1,2,Wednesday,1,1,0,180.0,235.0,55.0,0
2025-01-02,Pumpkin,160.0,,200.0,,240.0,2025,1,January,2,3,Thursday,1,1,0,160.0,220.0,60.0,0
2025-01-03,Pumpkin,160.0,,200.0,,240.0,2025,1,January,3,4,Friday,1,1,0,160.0,220.0,60.0,0
2025-01-06,Pumpkin,150.0,,200.0,,240.0,2025,1,January,6,0,Monday,2,1,0,150.0,220.0,70.0,0
2025-01-07,Pumpkin,150.0,,200.0,,240.0,2025,1,January,7,1,Tuesday,2,1,0,150.0,220.0,70.0,0
2025-01-08,Pumpkin,120.0,,170.0,,240.0,2025,1,January,8,2,Wednesday,2,1,0,120.0,205.0,85.0,0
2025-01-09,Pumpkin,120.0,,170.0,,240.0,2025,1,January,9,3,Thursday,2,1,0,120.0,205.0,85.0,0
2025-01-10,Pumpkin,100.0,,150.0,,240.0,2025,1,January,10,4,Friday,2,1,0,100.0,195.0,95.0,0
2025-01-15,Pumpkin,100.0,,150.0,,200.0,2025,1,January,15,2,Wednesday,3,1,0,100.0,175.0,75.0,0
2025-01-16,Pumpkin,100.0,,150.0,,200.0,2025,1,January,16,3,Thursday,3,1,0,100.0,175.0,75.0,0
2025-01-17,Pumpkin,100.0,,150.0,,200.0,2025,1,January,17,4,Friday,3,1,0,100.0,175.0,75.0,0
2025-01-20,Pumpkin,120.0,,170.0,,200.0,2025,1,January,20,0,Monday,4,1,0,120.0,185.0,65.0,0
2025-01-21,Pumpkin,120.0,,170.0,,200.0,2025,1,January,21,1,Tuesday,4,1,0,120.0,185.0,65.0,0
2025-01-22,Pumpkin,120.0,,170.0,,200.0,2025,1,January,22,2,Wednesday,4,1,0,120.0,185.0,65.0,0
2025-01-23,Pumpkin,120.0,,170.0,,200.0,2025,1,January,23,3,Thursday,4,1,0,120.0,185.0,65.0,0
2025-01-24,Pumpkin,120.0,,170.0,,200.0,2025,1,January,24,4,Friday,4,1,0,120.0,185.0,65.0,0
2025-01-27,Pumpkin,120.0,,170.0,,200.0,2025,1,January,27,0,Monday,5,1,0,120.0,185.0,65.0,0
2025-01-28,Pumpkin,120.0,,170.0,,200.0,2025,1,January,28,1,Tuesday,5,1,0,120.0,185.0,65.0,0
2025-01-29,Pumpkin,120.0,,170.0,,200.0,2025,1,January,29,2,Wednesday,5,1,0,120.0,185.0,65.0,0
2025-01-30,Pumpkin,120.0,,170.0,,200.0,2025,1,January,30,3,Thursday,5,1,0,120.0,185.0,65.0,0
2025-01-31,Pumpkin,120.0,,170.0,,200.0,2025,1,January,31,4,Friday,5,1,0,120.0,185.0,65.0,0
2025-02-03,Pumpkin,120.0,,170.0,,180.0,2025,2,February,3,0,Monday,6,1,0,120.0,175.0,55.0,0
2025-02-05,Pumpkin,120.0,,170.0,,200.0,2025,2,February,5,2,Wednesday,6,1,0,120.0,185.0,65.0,0
2025-02-06,Pumpkin,120.0,,170.0,,200.0,2025,2,February,6,3,Thursday,6,1,0,120.0,185.0,65.0,0
2025-02-07,Pumpkin,120.0,,170.0,,200.0,2025,2,February,7,4,Friday,6,1,0,120.0,185.0,65.0,0
2025-02-10,Pumpkin,120.0,,170.0,,200.0,2025,2,February,10,0,Monday,7,1,0,120.0,185.0,65.0,0
2025-02-11,Pumpkin,120.0,,170.0,,200.0,2025,2,February,11,1,Tuesday,7,1,0,120.0,185.0,65.0,0
2025-02-13,Pumpkin,120.0,,170.0,,200.0,2025,2,February,13,3,Thursday,7,1,0,120.0,185.0,65.0,0
2025-02-14,Pumpkin,120.0,,170.0,,200.0,2025,2,February,14,4,Friday,7,1,0,120.0,185.0,65.0,0
2025-02-17,Pumpkin,160.0,,200.0,,200.0,2025,2,February,17,0,Monday,8,1,0,160.0,200.0,40.0,0
2025-02-18,Pumpkin,160.0,,200.0,,200.0,2025,2,February,18,1,Tuesday,8,1,0,160.0,200.0,40.0,0
2025-02-19,Pumpkin,170.0,,220.0,,240.0,2025,2,February,19,2,Wednesday,8,1,0,170.0,230.0,60.0,0
2025-02-20,Pumpkin,170.0,,220.0,,240.0,2025,2,February,20,3,Thursday,8,1,0,170.0,230.0,60.0,0
2025-02-21,Pumpkin,170.0,,220.0,,240.0,2025,2,February,21,4,Friday,8,1,0,170.0,230.0,60.0,0
2025-02-24,Pumpkin,170.0,,220.0,,240.0,2025,2,February,24,0,Monday,9,1,0,170.0,230.0,60.0,0
2025-02-25,Pumpkin,170.0,,220.0,,200.0,2025,2,February,25,1,Tuesday,9,1,0,170.0,210.0,40.0,0
2025-02-27,Pumpkin,150.0,,200.0,,180.0,2025,2,February,27,3,Thursday,9,1,0,150.0,190.0,40.0,0
2025-02-28,Pumpkin,150.0,,200.0,,240.0,2025,2,February,28,4,Friday,9,1,0,150.0,220.0,70.0,0
2025-03-03,Pumpkin,130.0,,180.0,,240.0,2025,3,March,3,0,Monday,10,1,0,130.0,210.0,80.0,0
2025-03-04,Pumpkin,130.0,,180.0,,240.0,2025,3,March,4,1,Tuesday,10,1,0,130.0,210.0,80.0,0
2025-03-05,Pumpkin,130.0,,180.0,,240.0,2025,3,March,5,2,Wednesday,10,1,0,130.0,210.0,80.0,0
2025-03-06,Pumpkin,130.0,,180.0,,240.0,2025,3,March,6,3,Thursday,10,1,0,130.0,210.0,80.0,0
2025-03-07,Pumpkin,150.0,,200.0,,240.0,2025,3,March,7,4,Friday,10,1,0,150.0,220.0,70.0,0
2025-03-10,Pumpkin,130.0,,180.0,,200.0,2025,3,March,10,0,Monday,11,1,0,130.0,190.0,60.0,0
2025-03-11,Pumpkin,130.0,,180.0,,300.0,2025,3,March,11,1,Tuesday,11,1,0,130.0,240.0,110.0,0
2025-03-12,Pumpkin,130.0,,180.0,,260.0,2025,3,March,12,2,Wednesday,11,1,0,130.0,220.0,90.0,0
2025-03-14,Pumpkin,130.0,,180.0,,200.0,2025,3,March,14,4,Friday,11,1,0,130.0,190.0,60.0,0
2025-03-17,Pumpkin,130.0,,180.0,,200.0,2025,3,March,17,0,Monday,12,1,0,130.0,190.0,60.0,0
2025-03-18,Pumpkin,130.0,,180.0,,220.0,2025,3,March,18,1,Tuesday,12,1,0,130.0,200.0,70.0,0
2025-03-19,Pumpkin,130.0,,180.0,,200.0,2025,3,March,19,2,Wednesday,12,1,0,130.0,190.0,60.0,0
2025-03-20,Pumpkin,130.0,,180.0,,200.0,2025,3,March,20,3,Thursday,12,1,0,130.0,190.0,60.0,0
2025-03-21,Pumpkin,130.0,,180.0,,200.0,2025,3,March,21,4,Friday,12,1,0,130.0,190.0,60.0,0
2025-03-24,Pumpkin,130.0,,180.0,,200.0,2025,3,March,24,0,Monday,13,1,0,130.0,190.0,60.0,0
2025-03-25,Pumpkin,130.0,,180.0,,200.0,2025,3,March,25,1,Tuesday,13,1,0,130.0,190.0,60.0,0
2025-03-26,Pumpkin,130.0,,180.0,,200.0,2025,3,March,26,2,Wednesday,13,1,0,130.0,190.0,60.0,0
2025-03-27,Pumpkin,130.0,,180.0,,200.0,2025,3,March,27,3,Thursday,13,1,0,130.0,190.0,60.0,0
2025-03-28,Pumpkin,130.0,,180.0,,200.0,2025,3,March,28,4,Friday,13,1,0,130.0,190.0,60.0,0
2025-04-01,Pumpkin,160.0,,200.0,,200.0,2025,4,April,1,1,Tuesday,14,2,0,160.0,200.0,40.0,0
2025-04-02,Pumpkin,160.0,,200.0,,220.0,2025,4,April,2,2,Wednesday,14,2,0,160.0,210.0,50.0,0
2025-04-03,Pumpkin,160.0,,200.0,,200.0,2025,4,April,3,3,Thursday,14,2,0,160.0,200.0,40.0,0
2025-04-04,Pumpkin,160.0,,200.0,,200.0,2025,4,April,4,4,Friday,14,2,0,160.0,200.0,40.0,0
2025-04-07,Pumpkin,160.0,,200.0,,240.0,2025,4,April,7,0,Monday,15,2,0,160.0,220.0,60.0,0
2025-04-08,Pumpkin,160.0,,200.0,,240.0,2025,4,April,8,1,Tuesday,15,2,0,160.0,220.0,60.0,0
2025-04-09,Pumpkin,160.0,,200.0,,240.0,2025,4,April,9,2,Wednesday,15,2,0,160.0,220.0,60.0,0
2025-04-10,Pumpkin,200.0,,250.0,,240.0,2025,4,April,10,3,Thursday,15,2,0,200.0,245.0,45.0,0
2025-04-11,Pumpkin,200.0,,250.0,,240.0,2025,4,April,11,4,Friday,15,2,0,200.0,245.0,45.0,0
2025-04-16,Pumpkin,180.0,,230.0,,240.0,2025,4,April,16,2,Wednesday,16,2,0,180.0,235.0,55.0,0
2025-04-17,Pumpkin,180.0,,230.0,,240.0,2025,4,April,17,3,Thursday,16,2,0,180.0,230.0,50.0,0
2025-04-21,Pumpkin,160.0,,200.0,,320.0,2025,4,April,21,0,Monday,17,2,0,160.0,260.0,100.0,0
2025-04-22,Pumpkin,180.0,,230.0,,320.0,2025,4,April,22,1,Tuesday,17,2,0,180.0,275.0,95.0,0
2025-04-23,Pumpkin,180.0,,230.0,,320.0,2025,4,April,23,2,Wednesday,17,2,0,180.0,275.0,95.0,0
2025-04-24,Pumpkin,180.0,,230.0,,280.0,2025,4,April,24,3,Thursday,17,2,0,180.0,255.0,75.0,0
2025-04-25,Pumpkin,180.0,,230.0,,280.0,2025,4,April,25,4,Friday,17,2,0,180.0,255.0,75.0,0
2025-04-28,Pumpkin,200.0,,250.0,,280.0,2025,4,April,28,0,Monday,18,2,0,200.0,265.0,65.0,0
2025-04-29,Pumpkin,220.0,,270.0,,280.0,2025,4,April,29,1,Tuesday,18,2,0,220.0,275.0,55.0,0
2025-04-30,Pumpkin,220.0,,270.0,,260.0,2025,4,April,30,2,Wednesday,18,2,0,220.0,265.0,45.0,0
2025-05-02,Pumpkin,220.0,,270.0,,260.0,2025,5,May,2,4,Friday,18,2,0,220.0,265.0,45.0,0
2025-05-05,Pumpkin,220.0,,270.0,,280.0,2025,5,May,5,0,Monday,19,2,0,220.0,275.0,55.0,0
2025-05-06,Pumpkin,220.0,,270.0,,280.0,2025,5,May,6,1,Tuesday,19,2,0,220.0,275.0,55.0,0
2025-05-07,Pumpkin,220.0,,270.0,,280.0,2025,5,May,7,2,Wednesday,19,2,0,220.0,275.0,55.0,0
2025-05-08,Pumpkin,220.0,,270.0,,280.0,2025,5,May,8,3,Thursday,19,2,0,220.0,275.0,55.0,0
2025-05-09,Pumpkin,220.0,,270.0,,280.0,2025,5,May,9,4,Friday,19,2,0,220.0,275.0,55.0,0
2025-05-14,Pumpkin,220.0,,270.0,,210.0,2025,5,May,14,2,Wednesday,20,2,0,220.0,240.0,20.0,0
2025-05-15,Pumpkin,220.0,,270.0,,280.0,2025,5,May,15,3,Thursday,20,2,0,220.0,275.0,55.0,0
2025-05-16,Pumpkin,200.0,,250.0,,260.0,2025,5,May,16,4,Friday,20,2,0,200.0,255.0,55.0,0
2025-05-19,Pumpkin,170.0,,200.0,,280.0,2025,5,May,19,0,Monday,21,2,0,170.0,240.0,70.0,0
2025-05-20,Pumpkin,170.0,,200.0,,280.0,2025,5,May,20,1,Tuesday,21,2,0,170.0,240.0,70.0,0
2025-05-21,Pumpkin,170.0,,200.0,,280.0,2025,5,May,21,2,Wednesday,21,2,0,170.0,240.0,70.0,0
2025-05-22,Pumpkin,170.0,,200.0,,240.0,2025,5,May,22,3,Thursday,21,2,0,170.0,220.0,50.0,0
2025-05-23,Pumpkin,150.0,,180.0,,240.0,2025,5,May,23,4,Friday,21,2,0,150.0,210.0,60.0,0
2025-05-26,Pumpkin,150.0,,180.0,,240.0,2025,5,May,26,0,Monday,22,2,0,150.0,210.0,60.0,0
2025-05-27,Pumpkin,150.0,,180.0,,240.0,2025,5,May,27,1,Tuesday,22,2,0,150.0,210.0,60.0,0
2025-05-28,Pumpkin,150.0,,180.0,,240.0,2025,5,May,28,2,Wednesday,22,2,0,150.0,210.0,60.0,0
2025-05-29,Pumpkin,130.0,,180.0,,240.0,2025,5,May,29,3,Thursday,22,2,0,130.0,210.0,80.0,0
2025-05-30,Pumpkin,130.0,,180.0,,240.0,2025,5,May,30,4,Friday,22,2,0,130.0,210.0,80.0,0
2025-06-02,Pumpkin,130.0,,180.0,,240.0,2025,6,June,2,0,Monday,23,2,0,130.0,210.0,80.0,0
2025-06-03,Pumpkin,130.0,,180.0,,240.0,2025,6,June,3,1,Tuesday,23,2,0,130.0,210.0,80.0,0
2025-06-04,Pumpkin,130.0,,180.0,,240.0,2025,6,June,4,2,Wednesday,23,2,0,130.0,210.0,80.0,0
2025-06-05,Pumpkin,130.0,,180.0,,240.0,2025,6,June,5,3,Thursday,23,2,0,130.0,210.0,80.0,0
2025-06-06,Pumpkin,130.0,,180.0,,240.0,2025,6,June,6,4,Friday,23,2,0,130.0,210.0,80.0,0
2025-06-09,Pumpkin,100.0,,150.0,,200.0,2025,6,June,9,0,Monday,24,2,0,100.0,175.0,75.0,0
2025-06-11,Pumpkin,100.0,,150.0,,200.0,2025,6,June,11,2,Wednesday,24,2,0,100.0,175.0,75.0,0
2025-06-12,Pumpkin,100.0,,150.0,,240.0,2025,6,June,12,3,Thursday,24,2,0,100.0,195.0,95.0,0
2025-06-13,Pumpkin,100.0,,150.0,,240.0,2025,6,June,13,4,Friday,24,2,0,100.0,195.0,95.0,0
2025-06-16,Pumpkin,120.0,,170.0,,220.0,2025,6,June,16,0,Monday,25,2,0,120.0,195.0,75.0,0
2025-06-17,Pumpkin,120.0,,170.0,,240.0,2025,6,June,17,1,Tuesday,25,2,0,120.0,205.0,85.0,0
2025-06-18,Pumpkin,120.0,,170.0,,240.0,2025,6,June,18,2,Wednesday,25,2,0,120.0,205.0,85.0,0
2025-06-19,Pumpkin,120.0,,170.0,,240.0,2025,6,June,19,3,Thursday,25,2,0,120.0,205.0,85.0,0
2025-06-20,Pumpkin,120.0,,170.0,,200.0,2025,6,June,20,4,Friday,25,2,0,120.0,185.0,65.0,0
2025-06-23,Pumpkin,120.0,,170.0,,200.0,2025,6,June,23,0,Monday,26,2,0,120.0,185.0,65.0,0
2025-06-24,Pumpkin,120.0,,170.0,,200.0,2025,6,June,24,1,Tuesday,26,2,0,120.0,185.0,65.0,0
2025-06-25,Pumpkin,120.0,,170.0,,200.0,2025,6,June,25,2,Wednesday,26,2,0,120.0,185.0,65.0,0
2025-06-26,Pumpkin,120.0,,170.0,,240.0,2025,6,June,26,3,Thursday,26,2,0,120.0,205.0,85.0,0
2025-06-27,Pumpkin,120.0,,170.0,,200.0,2025,6,June,27,4,Friday,26,2,0,120.0,185.0,65.0,0
2025-06-30,Pumpkin,120.0,,170.0,,200.0,2025,6,June,30,0,Monday,27,2,0,120.0,185.0,65.0,0
2025-07-01,Pumpkin,130.0,,180.0,,200.0,2025,7,July,1,1,Tuesday,27,3,0,130.0,190.0,60.0,0
2025-07-02,Pumpkin,130.0,,170.0,,220.0,2025,7,July,2,2,Wednesday,27,3,0,130.0,195.0,65.0,0
2025-07-03,Pumpkin,130.0,,170.0,,200.0,2025,7,July,3,3,Thursday,27,3,0,130.0,185.0,55.0,0
2025-07-04,Pumpkin,130.0,,170.0,,200.0,2025,7,July,4,4,Friday,27,3,0,130.0,185.0,55.0,0
2025-07-07,Pumpkin,120.0,,170.0,,200.0,2025,7,July,7,0,Monday,28,3,0,120.0,185.0,65.0,0
2025-07-08,Pumpkin,120.0,,170.0,,200.0,2025,7,July,8,1,Tuesday,28,3,0,120.0,185.0,65.0,0
2025-07-09,Pumpkin,120.0,,170.0,,200.0,2025,7,July,9,2,Wednesday,28,3,0,120.0,185.0,65.0,0
2025-07-11,Pumpkin,120.0,,170.0,,180.0,2025,7,July,11,4,Friday,28,3,0,120.0,175.0,55.0,0
2025-07-14,Pumpkin,120.0,,170.0,,200.0,2025,7,July,14,0,Monday,29,3,0,120.0,185.0,65.0,0
2025-07-15,Pumpkin,120.0,,170.0,,200.0,2025,7,July,15,1,Tuesday,29,3,0,120.0,185.0,65.0,0
2025-07-16,Pumpkin,120.0,,170.0,,200.0,2025,7,July,16,2,Wednesday,29,3,0,120.0,185.0,65.0,0
2025-07-17,Pumpkin,110.0,,160.0,,180.0,2025,7,July,17,3,Thursday,29,3,0,110.0,170.0,60.0,0
2025-07-18,Pumpkin,110.0,,160.0,,180.0,2025,7,July,18,4,Friday,29,3,0,110.0,170.0,60.0,0
2025-07-21,Pumpkin,110.0,,160.0,,200.0,2025,7,July,21,0,Monday,30,3,0,110.0,180.0,70.0,0
2025-07-22,Pumpkin,110.0,,160.0,,160.0,2025,7,July,22,1,Tuesday,30,3,0,110.0,160.0,50.0,0
2025-07-23,Pumpkin,110.0,,160.0,,160.0,2025,7,July,23,2,Wednesday,30,3,0,110.0,160.0,50.0,0
2025-07-24,Pumpkin,110.0,,120.0,,180.0,2025,7,July,24,3,Thursday,30,3,0,110.0,150.0,40.0,0
2025-07-25,Pumpkin,110.0,,120.0,,120.0,2025,7,July,25,4,Friday,30,3,0,110.0,120.0,40.0,0
2025-07-28,Pumpkin,110.0,,120.0,,120.0,2025,7,July,28,0,Monday,31,3,0,110.0,120.0,40.0,0
2025-07-29,Pumpkin,110.0,,120.0,,120.0,2025,7,July,29,1,Tuesday,31,3,0,110.0,120.0,40.0,0
2025-07-30,Pumpkin,110.0,,120.0,,120.0,2025,7,July,30,2,Wednesday,31,3,0,110.0,120.0,40.0,0
2025-07-31,Pumpkin,110.0,,120.0,,120.0,2025,7,July,31,3,Thursday,31,3,0,110.0,120.0,40.0,0
2025-08-01,Pumpkin,110.0,,120.0,,160.0,2025,8,August,1,4,Friday,31,3,0,110.0,140.0,40.0,0
2025-08-04,Pumpkin,110.0,,120.0,,120.0,2025,8,August,4,0,Monday,32,3,0,110.0,120.0,40.0,0
2025-08-05,Pumpkin,110.0,,100.0,,120.0,2025,8,August,5,1,Tuesday,32,3,0,110.0,110.0,40.0,0
2025-08-06,Pumpkin,110.0,,100.0,,100.0,2025,8,August,6,2,Wednesday,32,3,0,110.0,100.0,40.0,0
2025-08-07,Pumpkin,110.0,,100.0,,120.0,2025,8,August,7,3,Thursday,32,3,0,110.0,110.0,40.0,0
2025-08-11,Pumpkin,110.0,,100.0,,120.0,2025,8,August,11,0,Monday,33,3,0,110.0,110.0,40.0,0
2025-08-12,Pumpkin,110.0,,100.0,,140.0,2025,8,August,12,1,Tuesday,33,3,0,110.0,120.0,40.0,0
2025-08-13,Pumpkin,110.0,,100.0,,140.0,2025,8,August,13,2,Wednesday,33,3,0,110.0,120.0,40.0,0
2025-08-14,Pumpkin,110.0,,100.0,,140.0,2025,8,August,14,3,Thursday,33,3,0,110.0,120.0,40.0,0
2025-08-15,Pumpkin,110.0,,100.0,,120.0,2025,8,August,15,4,Friday,33,3,0,110.0,110.0,40.0,0
2025-08-18,Pumpkin,110.0,,100.0,,120.0,2025,8,August,18,0,Monday,34,3,0,110.0,110.0,40.0,0
2025-08-19,Pumpkin,110.0,,100.0,,120.0,2025,8,August,19,1,Tuesday,34,3,0,110.0,110.0,40.0,0
2025-08-20,Pumpkin,110.0,,100.0,,120.0,2025,8,August,20,2,Wednesday,34,3,0,110.0,110.0,40.0,0
2025-08-21,Pumpkin,110.0,,100.0,,120.0,2025,8,August,21,3,Thursday,34,3,0,110.0,110.0,40.0,0
2025-08-22,Pumpkin,110.0,,100.0,,120.0,2025,8,August,22,4,Friday,34,3,0,110.0,110.0,40.0,0
2025-08-25,Pumpkin,110.0,,100.0,,120.0,2025,8,August,25,0,Monday,35,3,0,110.0,110.0,40.0,0
2025-08-26,Pumpkin,110.0,,100.0,,140.0,2025,8,August,26,1,Tuesday,35,3,0,110.0,120.0,40.0,0
2025-08-27,Pumpkin,110.0,,100.0,,140.0,2025,8,August,27,2,Wednesday,35,3,0,110.0,120.0,40.0,0
2025-08-28,Pumpkin,110.0,,100.0,,140.0,2025,8,August,28,3,Thursday,35,3,0,110.0,100.0,40.0,0
2025-08-29,Pumpkin,110.0,,100.0,,120.0,2025,8,August,29,4,Friday,35,3,0,110.0,110.0,40.0,0
2025-09-01,Pumpkin,110.0,,100.0,,100.0,2025,9,September,1,0,Monday,36,3,0,110.0,100.0,40.0,0
2025-09-02,Pumpkin,110.0,,100.0,,100.0,2025,9,September,2,1,Tuesday,36,3,0,110.0,100.0,40.0,0
2025-09-03,Pumpkin,110.0,,100.0,,100.0,2025,9,September,3,2,Wednesday,36,3,0,110.0,100.0,40.0,0
2025-09-04,Pumpkin,110.0,,100.0,,100.0,2025,9,September,4,3,Thursday,36,3,0,110.0,100.0,40.0,0
2025-09-08,Pumpkin,110.0,,100.0,,100.0,2025,9,September,8,0,Monday,37,3,0,110.0,100.0,40.0,0
2025-09-09,Pumpkin,110.0,,100.0,,100.0,2025,9,September,9,1,Tuesday,37,3,0,110.0,100.0,40.0,0
2025-09-10,Pumpkin,110.0,,100.0,,100.0,2025,9,September,10,2,Wednesday,37,3,0,110.0,100.0,40.0,0
2025-09-11,Pumpkin,110.0,,100.0,,100.0,2025,9,September,11,3,Thursday,37,3,0,110.0,100.0,40.0,0
2025-09-12,Pumpkin,110.0,,100.0,,100.0,2025,9,September,12,4,Friday,37,3,0,110.0,100.0,40.0,0
2025-09-15,Pumpkin,110.0,,100.0,,100.0,2025,9,September,15,0,Monday,38,3,0,110.0,100.0,40.0,0
2025-09-16,Pumpkin,110.0,,100.0,,100.0,2025,9,September,16,1,Tuesday,38,3,0,110.0,100.0,40.0,0
2025-09-17,Pumpkin,110.0,,100.0,,100.0,2025,9,September,17,2,Wednesday,38,3,0,110.0,100.0,40.0,0
2025-09-18,Pumpkin,110.0,,100.0,,100.0,2025,9,September,18,3,Thursday,38,3,0,110.0,100.0,40.0,0
2025-09-19,Pumpkin,110.0,,100.0,,100.0,2025,9,September,19,4,Friday,38,3,0,110.0,100.0,40.0,0
2025-09-22,Pumpkin,110.0,,100.0,,100.0,2025,9,September,22,0,Monday,39,3,0,110.0,100.0,40.0,0
2025-09-23,Pumpkin,110.0,,100.0,,100.0,2025,9,September,23,1,Tuesday,39,3,0,110.0,100.0,40.0,0
2025-09-26,Pumpkin,110.0,,100.0,,100.0,2025,9,September,26,4,Friday,39,3,0,110.0,100.0,40.0,0
2025-09-29,Pumpkin,110.0,,100.0,,100.0,2025,9,September,29,0,Monday,40,3,0,110.0,100.0,40.0,0
2025-09-30,Pumpkin,110.0,,100.0,,100.0,2025,9,September,30,1,Tuesday,40,3,0,110.0,100.0,40.0,0
2025-10-01,Pumpkin,110.0,,100.0,,100.0,2025,10,October,1,2,Wednesday,40,4,0,110.0,100.0,40.0,0
2025-10-02,Pumpkin,110.0,,100.0,,100.0,2025,10,October,2,3,Thursday,40,4,0,110.0,100.0,40.0,0
2025-10-03,Pumpkin,110.0,,100.0,,100.0,2025,10,October,3,4,Friday,40,4,0,110.0,100.0,40.0,0
2025-10-07,Pumpkin,110.0,,100.0,,100.0,2025,10,October,7,1,Tuesday,41,4,0,110.0,100.0,40.0,0
2025-10-08,Pumpkin,110.0,,100.0,,100.0,2025,10,October,8,2,Wednesday,41,4,0,110.0,100.0,40.0,0
2025-10-09,Pumpkin,110.0,,120.0,,100.0,2025,10,October,9,3,Thursday,41,4,0,110.0,120.0,40.0,0
2025-10-10,Pumpkin,110.0,,120.0,,100.0,2025,10,October,10,4,Friday,41,4,0,110.0,120.0,40.0,0
2025-10-13,Pumpkin,110.0,,120.0,,100.0,2025,10,October,13,0,Monday,42,4,0,110.0,120.0,40.0,0
2025-10-14,Pumpkin,110.0,,120.0,,100.0,2025,10,October,14,1,Tuesday,42,4,0,110.0,120.0,40.0,0
2025-10-15,Pumpkin,110.0,,120.0,,100.0,2025,10,October,15,2,Wednesday,42,4,0,110.0,120.0,40.0,0
2025-10-16,Pumpkin,110.0,,120.0,,100.0,2025,10,October,16,3,Thursday,42,4,0,110.0,120.0,40.0,0
2025-10-17,Pumpkin,110.0,,120.0,,100.0,2025,10,October,17,4,Friday,42,4,0,110.0,120.0,40.0,0
2025-10-21,Pumpkin,110.0,,120.0,,100.0,2025,10,October,21,1,Tuesday,43,4,0,110.0,120.0,40.0,0
2025-10-22,Pumpkin,110.0,,100.0,,100.0,2025,10,October,22,2,Wednesday,43,4,0,110.0,100.0,40.0,0
2025-10-23,Pumpkin,110.0,,100.0,,100.0,2025,10,October,23,3,Thursday,43,4,0,110.0,100.0,40.0,0
2025-10-24,Pumpkin,110.0,,120.0,,100.0,2025,10,October,24,4,Friday,43,4,0,110.0,120.0,40.0,0
2025-10-27,Pumpkin,110.0,,120.0,,100.0,2025,10,October,27,0,Monday,44,4,0,110.0,120.0,40.0,0
2025-10-28,Pumpkin,110.0,,100.0,,100.0,2025,10,October,28,1,Tuesday,44,4,0,110.0,100.0,40.0,0
2025-10-29,Pumpkin,110.0,,100.0,,120.0,2025,10,October,29,2,Wednesday,44,4,0,110.0,110.0,40.0,0
2025-10-30,Pumpkin,110.0,,100.0,,120.0,2025,10,October,30,3,Thursday,44,4,0,110.0,110.0,40.0,0
2025-10-31,Pumpkin,110.0,,100.0,,120.0,2025,10,October,31,4,Friday,44,4,0,110.0,110.0,40.0,0
2025-11-03,Pumpkin,110.0,,100.0,,140.0,2025,11,November,3,0,Monday,45,4,0,110.0,120.0,40.0,0
2025-11-04,Pumpkin,110.0,,100.0,,120.0,2025,11,November,4,1,Tuesday,45,4,0,110.0,110.0,40.0,0
2025-11-06,Pumpkin,110.0,,100.0,,200.0,2025,11,November,6,3,Thursday,45,4,0,110.0,150.0,40.0,0
2025-11-07,Pumpkin,110.0,,100.0,,220.0,2025,11,November,7,4,Friday,45,4,0,110.0,160.0,40.0,0
2025-11-10,Pumpkin,110.0,,100.0,,160.0,2025,11,November,10,0,Monday,46,4,0,110.0,130.0,40.0,0
2025-11-11,Pumpkin,110.0,,100.0,,160.0,2025,11,November,11,1,Tuesday,46,4,0,110.0,130.0,40.0,0
2025-11-12,Pumpkin,110.0,,100.0,,180.0,2025,11,November,12,2,Wednesday,46,4,0,110.0,140.0,40.0,0
2025-11-13,Pumpkin,110.0,,100.0,,120.0,2025,11,November,13,3,Thursday,46,4,0,110.0,110.0,40.0,0
2025-11-14,Pumpkin,110.0,,100.0,,120.0,2025,11,November,14,4,Friday,46,4,0,110.0,110.0,40.0,0
2025-11-17,Pumpkin,110.0,,100.0,,120.0,2025,11,November,17,0,Monday,47,4,0,110.0,110.0,40.0,0
2025-11-18,Pumpkin,110.0,,100.0,,120.0,2025,11,November,18,1,Tuesday,47,4,0,110.0,110.0,40.0,0
2025-11-19,Pumpkin,110.0,,100.0,,140.0,2025,11,November,19,2,Wednesday,47,4,0,110.0,120.0,40.0,0
2025-11-20,Pumpkin,110.0,,100.0,,140.0,2025,11,November,20,3,Thursday,47,4,0,110.0,120.0,40.0,0
2025-11-21,Pumpkin,110.0,,100.0,,100.0,2025,11,November,21,4,Friday,47,4,0,110.0,100.0,40.0,0
2025-11-24,Pumpkin,110.0,,100.0,,120.0,2025,11,November,24,0,Monday,48,4,0,110.0,110.0,40.0,0
2025-11-25,Pumpkin,110.0,,100.0,,120.0,2025,11,November,25,1,Tuesday,48,4,0,110.0,110.0,40.0,0
2025-11-26,Pumpkin,110.0,,100.0,,120.0,2025,11,November,26,2,Wednesday,48,4,0,110.0,110.0,40.0,0
2025-11-27,Pumpkin,110.0,,100.0,,120.0,2025,11,November,27,3,Thursday,48,4,0,110.0,110.0,40.0,0
2025-11-28,Pumpkin,110.0,,100.0,,120.0,2025,11,November,28,4,Friday,48,4,0,110.0,110.0,40.0,0
2025-12-01,Pumpkin,100.0,,150.0,,240.0,2025,12,December,1,0,Monday,49,4,0,100.0,195.0,95.0,0
2025-12-02,Pumpkin,100.0,,130.0,,220.0,2025,12,December,2,1,Tuesday,49,4,0,100.0,175.0,75.0,0
2025-12-03,Pumpkin,100.0,,130.0,,220.0,2025,12,December,3,2,Wednesday,49,4,0,100.0,175.0,75.0,0
2025-12-05,Pumpkin,120.0,,170.0,,200.0,2025,12,December,5,4,Friday,49,4,0,120.0,185.0,65.0,0
2025-12-08,Pumpkin,120.0,,170.0,,180.0,2025,12,December,8,0,Monday,50,4,0,120.0,175.0,55.0,0
2025-12-09,Pumpkin,120.0,,170.0,,200.0,2025,12,December,9,1,Tuesday,50,4,0,120.0,185.0,65.0,0
2025-12-10,Pumpkin,120.0,,170.0,,160.0,2025,12,December,10,2,Wednesday,50,4,0,120.0,165.0,45.0,0
2025-12-11,Pumpkin,130.0,,200.0,,180.0,2025,12,December,11,3,Thursday,50,4,0,130.0,190.0,60.0,0
2025-12-12,Pumpkin,130.0,,200.0,,160.0,2025,12,December,12,4,Friday,50,4,0,130.0,180.0,50.0,0
2025-12-15,Pumpkin,120.0,,170.0,,200.0,2025,12,December,15,0,Monday,51,4,0,120.0,185.0,65.0,0
2025-12-16,Pumpkin,130.0,,200.0,,200.0,2025,12,December,16,1,Tuesday,51,4,0,130.0,200.0,70.0,0
2025-12-17,Pumpkin,130.0,,200.0,,160.0,2025,12,December,17,2,Wednesday,51,4,0,130.0,180.0,50.0,0
2025-12-18,Pumpkin,130.0,,200.0,,160.0,2025,12,December,18,3,Thursday,51,4,0,130.0,180.0,50.0,0
2025-12-19,Pumpkin,120.0,,170.0,,180.0,2025,12,December,19,4,Friday,51,4,0,120.0,175.0,55.0,0
2025-12-22,Pumpkin,120.0,,170.0,,160.0,2025,12,December,22,0,Monday,52,4,0,120.0,165.0,45.0,0
2025-12-23,Pumpkin,120.0,,170.0,,180.0,2025,12,December,23,1,Tuesday,52,4,0,120.0,175.0,55.0,0
2025-12-24,Pumpkin,120.0,,170.0,,180.0,2025,12,December,24,2,Wednesday,52,4,0,120.0,175.0,55.0,0
2025-12-26,Pumpkin,130.0,,200.0,,200.0,2025,12,December,26,4,Friday,52,4,0,130.0,200.0,70.0,0
2025-12-29,Pumpkin,130.0,,200.0,,160.0,2025,12,December,29,0,Monday,1,4,0,130.0,180.0,50.0,0
2025-12-30,Pumpkin,130.0,,200.0,,160.0,2025,12,December,30,1,Tuesday,1,4,0,130.0,180.0,50.0,0
2025-12-31,Pumpkin,130.0,,200.0,,160.0,2025,12,December,31,2,Wednesday,1,4,0,130.0,180.0,50.0,0
2026-01-01,Pumpkin,120.0,,200.0,,160.0,2026,1,January,1,3,Thursday,1,1,0,120.0,180.0,60.0,0
2026-01-02,Pumpkin,130.0,,200.0,,200.0,2026,1,January,2,4,Friday,1,1,0,130.0,200.0,70.0,0
2026-01-05,Pumpkin,130.0,,200.0,,200.0,2026,1,January,5,0,Monday,2,1,0,130.0,200.0,70.0,0
2026-01-06,Pumpkin,130.0,,200.0,,200.0,2026,1,January,6,1,Tuesday,2,1,0,130.0,200.0,70.0,0
2026-01-07,Pumpkin,120.0,,200.0,,200.0,2026,1,January,7,2,Wednesday,2,1,0,120.0,200.0,80.0,0
2026-01-08,Pumpkin,120.0,,200.0,,220.0,2026,1,January,8,3,Thursday,2,1,0,120.0,210.0,90.0,0
2026-01-09,Pumpkin,130.0,,200.0,,200.0,2026,1,January,9,4,Friday,2,1,0,130.0,200.0,70.0,0
2026-01-12,Pumpkin,130.0,,200.0,,200.0,2026,1,January,12,0,Monday,3,1,0,130.0,200.0,70.0,0
2026-01-13,Pumpkin,130.0,,200.0,,200.0,2026,1,January,13,1,Tuesday,3,1,0,130.0,200.0,70.0,0
2026-01-14,Pumpkin,130.0,,200.0,,200.0,2026,1,January,14,2,Wednesday,3,1,0,130.0,200.0,70.0,0
2026-01-16,Pumpkin,130.0,,200.0,,200.0,2026,1,January,16,4,Friday,3,1,0,130.0,200.0,70.0,0
2026-01-19,Pumpkin,100.0,,150.0,,200.0,2026,1,January,19,0,Monday,4,1,0,100.0,175.0,75.0,0
2026-01-20,Pumpkin,100.0,,150.0,,200.0,2026,1,January,20,1,Tuesday,4,1,0,100.0,175.0,75.0,0
2026-01-21,Pumpkin,100.0,,150.0,,220.0,2026,1,January,21,2,Wednesday,4,1,0,100.0,185.0,85.0,0
2026-01-22,Pumpkin,100.0,,150.0,,200.0,2026,1,January,22,3,Thursday,4,1,0,100.0,175.0,75.0,0
2026-01-23,Pumpkin,100.0,,150.0,,160.0,2026,1,January,23,4,Friday,4,1,0,100.0,155.0,55.0,0
2026-01-26,Pumpkin,100.0,,150.0,,160.0,2026,1,January,26,0,Monday,5,1,0,100.0,155.0,55.0,0
2026-01-27,Pumpkin,100.0,,150.0,,160.0,2026,1,January,27,1,Tuesday,5,1,0,100.0,155.0,55.0,0
2026-01-28,Pumpkin,100.0,,150.0,,140.0,2026,1,January,28,2,Wednesday,5,1,0,100.0,145.0,45.0,0
2026-01-29,Pumpkin,100.0,,130.0,,160.0,2026,1,January,29,3,Thursday,5,1,0,100.0,145.0,45.0,0
2026-01-30,Pumpkin,100.0,,130.0,,160.0,2026,1,January,30,4,Friday,5,1,0,100.0,145.0,45.0,0
2026-02-02,Pumpkin,100.0,,130.0,,160.0,2026,2,February,2,0,Monday,6,1,0,100.0,145.0,45.0,0
2026-02-03,Pumpkin,100.0,,130.0,,160.0,2026,2,February,3,1,Tuesday,6,1,0,100.0,145.0,45.0,0
2026-02-05,Pumpkin,100.0,,130.0,,160.0,2026,2,February,5,3,Thursday,6,1,0,100.0,145.0,45.0,0
2026-02-06,Pumpkin,100.0,,130.0,,180.0,2026,2,February,6,4,Friday,6,1,0,100.0,155.0,45.0,0
2026-02-09,Pumpkin,100.0,,130.0,,160.0,2026,2,February,9,0,Monday,7,1,0,100.0,145.0,45.0,0
2026-02-10,Pumpkin,100.0,,130.0,,160.0,2026,2,February,10,1,Tuesday,7,1,0,100.0,145.0,45.0,0
2026-02-11,Pumpkin,100.0,,130.0,,160.0,2026,2,February,11,2,Wednesday,7,1,0,100.0,145.0,45.0,0
2026-02-12,Pumpkin,100.0,,120.0,,180.0,2026,2,February,12,3,Thursday,7,1,0,100.0,150.0,45.0,0
2026-02-13,Pumpkin,100.0,,120.0,,160.0,2026,2,February,13,4,Friday,7,1,0,100.0,140.0,45.0,0
2026-02-16,Pumpkin,100.0,,150.0,,120.0,2026,2,February,16,0,Monday,8,1,0,100.0,135.0,35.0,0
2026-02-17,Pumpkin,100.0,,130.0,,160.0,2026,2,February,17,1,Tuesday,8,1,0,100.0,145.0,45.0,0
2026-02-18,Pumpkin,100.0,,150.0,,120.0,2026,2,February,18,2,Wednesday,8,1,0,100.0,135.0,35.0,0
2026-02-19,Pumpkin,100.0,,150.0,,140.0,2026,2,February,19,3,Thursday,8,1,0,100.0,145.0,45.0,0
2026-02-20,Pumpkin,100.0,,150.0,,160.0,2026,2,February,20,4,Friday,8,1,0,100.0,155.0,55.0,0
2026-02-23,Pumpkin,100.0,,150.0,,160.0,2026,2,February,23,0,Monday,9,1,0,100.0,155.0,55.0,0
2026-02-24,Pumpkin,100.0,,150.0,,160.0,2026,2,February,24,1,Tuesday,9,1,0,100.0,155.0,55.0,0
2026-02-25,Pumpkin,100.0,,150.0,,140.0,2026,2,February,25,2,Wednesday,9,1,0,100.0,145.0,45.0,0
2026-02-26,Pumpkin,100.0,,150.0,,140.0,2026,2,February,26,3,Thursday,9,1,0,100.0,145.0,45.0,0
2026-02-27,Pumpkin,100.0,,150.0,,140.0,2026,2,February,27,4,Friday,9,1,0,100.0,145.0,45.0,0
2026-03-03,Pumpkin,120.0,,170.0,,160.0,2026,3,March,3,1,Tuesday,10,1,0,120.0,165.0,45.0,0
2026-03-04,Pumpkin,120.0,,170.0,,180.0,2026,3,March,4,2,Wednesday,10,1,0,120.0,175.0,55.0,0
2026-03-05,Pumpkin,120.0,,170.0,,160.0,2026,3,March,5,3,Thursday,10,1,0,120.0,165.0,45.0,0
2026-03-06,Pumpkin,120.0,,170.0,,160.0,2026,3,March,6,4,Friday,10,1,0,120.0,165.0,45.0,0
2026-03-09,Pumpkin,120.0,,170.0,,160.0,2026,3,March,9,0,Monday,11,1,0,120.0,165.0,45.0,0
2026-03-10,Pumpkin,140.0,,200.0,,160.0,2026,3,March,10,1,Tuesday,11,1,0,140.0,180.0,40.0,0
2026-03-11,Pumpkin,140.0,,200.0,,160.0,2026,3,March,11,2,Wednesday,11,1,0,140.0,180.0,40.0,0
2026-03-12,Pumpkin,140.0,,200.0,,160.0,2026,3,March,12,3,Thursday,11,1,0,140.0,180.0,40.0,0
2026-03-13,Pumpkin,140.0,,200.0,,160.0,2026,3,March,13,4,Friday,11,1,0,140.0,180.0,40.0,0
2026-03-16,Pumpkin,140.0,,200.0,,160.0,2026,3,March,16,0,Monday,12,1,0,140.0,180.0,40.0,0
2026-03-17,Pumpkin,140.0,,200.0,,160.0,2026,3,March,17,1,Tuesday,12,1,0,140.0,180.0,40.0,0
2026-03-18,Pumpkin,140.0,,200.0,,160.0,2026,3,March,18,2,Wednesday,12,1,0,140.0,180.0,40.0,0
2026-03-19,Pumpkin,140.0,,200.0,,160.0,2026,3,March,19,3,Thursday,12,1,0,140.0,180.0,40.0,0
2026-03-20,Pumpkin,140.0,,200.0,,180.0,2026,3,March,20,4,Friday,12,1,0,140.0,190.0,50.0,0
2026-03-23,Pumpkin,140.0,,200.0,,180.0,2026,3,March,23,0,Monday,13,1,0,140.0,190.0,50.0,0
2026-03-24,Pumpkin,140.0,,200.0,,180.0,2026,3,March,24,1,Tuesday,13,1,0,140.0,180.0,40.0,0
2026-03-25,Pumpkin,140.0,,200.0,,180.0,2026,3,March,25,2,Wednesday,13,1,0,140.0,190.0,50.0,0
2026-03-26,Pumpkin,140.0,,200.0,,160.0,2026,3,March,26,3,Thursday,13,1,0,140.0,180.0,40.0,0
2026-03-27,Pumpkin,140.0,,200.0,,160.0,2026,3,March,27,4,Friday,13,1,0,140.0,180.0,40.0,0
2026-03-30,Pumpkin,140.0,,200.0,,160.0,2026,3,March,30,0,Monday,14,1,0,140.0,180.0,40.0,0
2026-03-31,Pumpkin,140.0,,200.0,,140.0,2026,3,March,31,1,Tuesday,14,1,0,140.0,170.0,30.0,0
2026-04-02,Pumpkin,140.0,,200.0,,140.0,2026,4,April,2,3,Thursday,14,2,0,140.0,170.0,30.0,0
2026-04-06,Pumpkin,140.0,,130.0,,120.0,2026,4,April,6,0,Monday,15,2,0,140.0,125.0,-15.0,0
2026-04-07,Pumpkin,140.0,,130.0,,140.0,2026,4,April,7,1,Tuesday,15,2,0,140.0,135.0,-15.0,0
2026-04-08,Pumpkin,140.0,,130.0,,120.0,2026,4,April,8,2,Wednesday,15,2,0,140.0,125.0,-15.0,0
2026-04-09,Pumpkin,140.0,,130.0,,120.0,2026,4,April,9,3,Thursday,15,2,0,140.0,125.0,-15.0,0
2026-04-10,Pumpkin,140.0,,130.0,,120.0,2026,4,April,10,4,Friday,15,2,0,140.0,125.0,-15.0,0
2026-04-16,Pumpkin,140.0,,130.0,,120.0,2026,4,April,16,3,Thursday,16,2,0,140.0,125.0,-15.0,0
2026-04-17,Pumpkin,140.0,,130.0,,120.0,2026,4,April,17,4,Friday,16,2,0,140.0,125.0,-15.0,0
2026-04-20,Pumpkin,140.0,,100.0,,120.0,2026,4,April,20,0,Monday,17,2,0,140.0,110.0,-15.0,0
2026-04-21,Pumpkin,140.0,,100.0,,140.0,2026,4,April,21,1,Tuesday,17,2,0,140.0,120.0,-15.0,0
2026-04-22,Pumpkin,140.0,,100.0,,160.0,2026,4,April,22,2,Wednesday,17,2,0,140.0,130.0,-15.0,0
2026-04-23,Pumpkin,140.0,,100.0,,180.0,2026,4,April,23,3,Thursday,17,2,0,140.0,140.0,-15.0,0
2026-04-24,Pumpkin,140.0,,100.0,,120.0,2026,4,April,24,4,Friday,17,2,0,140.0,110.0,-15.0,0
2026-04-27,Pumpkin,140.0,,100.0,,120.0,2026,4,April,27,0,Monday,18,2,0,140.0,110.0,-15.0,0
2026-04-28,Pumpkin,140.0,,100.0,,120.0,2026,4,April,28,1,Tuesday,18,2,0,140.0,110.0,-15.0,0
2026-04-29,Pumpkin,140.0,,100.0,,140.0,2026,4,April,29,2,Wednesday,18,2,0,140.0,120.0,-15.0,0
2026-04-30,Pumpkin,140.0,,100.0,,120.0,2026,4,April,30,3,Thursday,18,2,0,140.0,110.0,-15.0,0
2026-05-04,Pumpkin,140.0,,100.0,,140.0,2026,5,May,4,0,Monday,19,2,0,140.0,120.0,-15.0,0
2026-05-05,Pumpkin,140.0,,100.0,,140.0,2026,5,May,5,1,Tuesday,19,2,0,140.0,120.0,-15.0,0
2026-05-06,Pumpkin,140.0,,100.0,,160.0,2026,5,May,6,2,Wednesday,19,2,0,140.0,130.0,-15.0,0
2026-05-07,Pumpkin,140.0,,100.0,,160.0,2026,5,May,7,3,Thursday,19,2,0,140.0,130.0,-15.0,0
2026-05-08,Pumpkin,140.0,,130.0,,140.0,2026,5,May,8,4,Friday,19,2,0,140.0,135.0,-15.0,0
2026-05-11,Pumpkin,140.0,,130.0,,160.0,2026,5,May,11,0,Monday,20,2,0,140.0,145.0,-15.0,0
2023-01-02,Tomato,150.0,,200.0,,320.0,2023,1,January,2,0,Monday,1,1,0,150.0,260.0,110.0,0
2023-01-03,Tomato,170.0,,220.0,,320.0,2023,1,January,3,1,Tuesday,1,1,0,170.0,270.0,100.0,0
2023-01-04,Tomato,170.0,,220.0,,240.0,2023,1,January,4,2,Wednesday,1,1,0,170.0,230.0,60.0,0
2023-01-05,Tomato,150.0,,200.0,,200.0,2023,1,January,5,3,Thursday,1,1,0,150.0,200.0,50.0,0
2023-01-09,Tomato,120.0,,160.0,,200.0,2023,1,January,9,0,Monday,2,1,0,120.0,180.0,60.0,0
2023-01-10,Tomato,120.0,,160.0,,200.0,2023,1,January,10,1,Tuesday,2,1,0,120.0,180.0,60.0,0
2023-01-11,Tomato,120.0,,160.0,,200.0,2023,1,January,11,2,Wednesday,2,1,0,120.0,180.0,60.0,0
2023-01-12,Tomato,140.0,,200.0,,200.0,2023,1,January,12,3,Thursday,2,1,0,140.0,200.0,60.0,0
2023-01-13,Tomato,140.0,,200.0,,200.0,2023,1,January,13,4,Friday,2,1,0,140.0,200.0,60.0,0
2023-01-17,Tomato,200.0,,240.0,,280.0,2023,1,January,17,1,Tuesday,3,1,0,200.0,260.0,60.0,0
2023-01-18,Tomato,200.0,,240.0,,280.0,2023,1,January,18,2,Wednesday,3,1,0,200.0,260.0,60.0,0
2023-01-19,Tomato,140.0,,180.0,,280.0,2023,1,January,19,3,Thursday,3,1,0,140.0,230.0,90.0,0
2023-01-20,Tomato,140.0,,180.0,,240.0,2023,1,January,20,4,Friday,3,1,0,140.0,210.0,70.0,0
2023-01-23,Tomato,140.0,,200.0,,280.0,2023,1,January,23,0,Monday,4,1,0,140.0,240.0,100.0,0
2023-01-24,Tomato,140.0,,200.0,,240.0,2023,1,January,24,1,Tuesday,4,1,0,140.0,220.0,80.0,0
2023-01-25,Tomato,120.0,,160.0,,200.0,2023,1,January,25,2,Wednesday,4,1,0,120.0,180.0,60.0,0
2023-01-26,Tomato,140.0,,180.0,,240.0,2023,1,January,26,3,Thursday,4,1,0,140.0,210.0,70.0,0
2023-01-27,Tomato,140.0,,180.0,,240.0,2023,1,January,27,4,Friday,4,1,0,140.0,210.0,70.0,0
2023-01-30,Tomato,140.0,,180.0,,240.0,2023,1,January,30,0,Monday,5,1,0,140.0,210.0,70.0,0
2023-01-31,Tomato,140.0,,180.0,,240.0,2023,1,January,31,1,Tuesday,5,1,0,140.0,210.0,70.0,0
2023-02-01,Tomato,160.0,,200.0,,240.0,2023,2,February,1,2,Wednesday,5,1,0,160.0,220.0,60.0,0
2023-02-01,Tomato,160.0,,200.0,,240.0,2023,2,February,1,2,Wednesday,5,1,0,160.0,220.0,60.0,0
2023-02-02,Tomato,200.0,,240.0,,280.0,2023,2,February,2,3,Thursday,5,1,0,200.0,260.0,60.0,0
2023-02-03,Tomato,250.0,,300.0,,280.0,2023,2,February,3,4,Friday,5,1,0,250.0,290.0,40.0,0
2023-02-06,Tomato,280.0,,320.0,,360.0,2023,2,February,6,0,Monday,6,1,0,280.0,340.0,60.0,0
2023-02-07,Tomato,280.0,,320.0,,360.0,2023,2,February,7,1,Tuesday,6,1,0,280.0,340.0,60.0,0
2023-02-08,Tomato,280.0,,320.0,,360.0,2023,2,February,8,2,Wednesday,6,1,0,280.0,340.0,60.0,0
2023-02-09,Tomato,250.0,,300.0,,380.0,2023,2,February,9,3,Thursday,6,1,0,250.0,340.0,90.0,0
2023-02-10,Tomato,230.0,,280.0,,320.0,2023,2,February,10,4,Friday,6,1,0,230.0,300.0,70.0,0
2023-02-13,Tomato,200.0,,250.0,,320.0,2023,2,February,13,0,Monday,7,1,0,200.0,285.0,85.0,0
2023-02-14,Tomato,200.0,,250.0,,320.0,2023,2,February,14,1,Tuesday,7,1,0,200.0,285.0,85.0,0
2023-02-15,Tomato,150.0,,200.0,,280.0,2023,2,February,15,2,Wednesday,7,1,0,150.0,240.0,90.0,0
2023-02-16,Tomato,150.0,,200.0,,280.0,2023,2,February,16,3,Thursday,7,1,0,150.0,240.0,90.0,0
2023-02-17,Tomato,150.0,,200.0,,280.0,2023,2,February,17,4,Friday,7,1,0,150.0,240.0,90.0,0
2023-02-20,Tomato,150.0,,200.0,,280.0,2023,2,February,20,0,Monday,8,1,0,150.0,240.0,90.0,0
2023-02-21,Tomato,150.0,,200.0,,280.0,2023,2,February,21,1,Tuesday,8,1,0,150.0,240.0,90.0,0
2023-02-22,Tomato,150.0,,200.0,,240.0,2023,2,February,22,2,Wednesday,8,1,0,150.0,220.0,70.0,0
2023-02-23,Tomato,140.0,,180.0,,240.0,2023,2,February,23,3,Thursday,8,1,0,140.0,210.0,70.0,0
2023-02-24,Tomato,150.0,,200.0,,240.0,2023,2,February,24,4,Friday,8,1,0,150.0,220.0,70.0,0
2023-02-27,Tomato,150.0,,200.0,,240.0,2023,2,February,27,0,Monday,9,1,0,150.0,220.0,70.0,0
2023-02-28,Tomato,150.0,,200.0,,240.0,2023,2,February,28,1,Tuesday,9,1,0,150.0,220.0,70.0,0
2023-03-01,Tomato,150.0,,200.0,,240.0,2023,3,March,1,2,Wednesday,9,1,0,150.0,220.0,70.0,0
2023-03-02,Tomato,150.0,,200.0,,260.0,2023,3,March,2,3,Thursday,9,1,0,150.0,230.0,80.0,0
2023-03-03,Tomato,150.0,,200.0,,260.0,2023,3,March,3,4,Friday,9,1,0,150.0,230.0,80.0,0
2023-03-07,Tomato,150.0,,200.0,,280.0,2023,3,March,7,1,Tuesday,10,1,0,150.0,240.0,90.0,0
2023-03-08,Tomato,130.0,,180.0,,240.0,2023,3,March,8,2,Wednesday,10,1,0,130.0,210.0,80.0,0
2023-03-09,Tomato,150.0,,200.0,,240.0,2023,3,March,9,3,Thursday,10,1,0,150.0,220.0,70.0,0
2023-03-10,Tomato,130.0,,180.0,,240.0,2023,3,March,10,4,Friday,10,1,0,130.0,210.0,80.0,0
2023-03-13,Tomato,160.0,,200.0,,280.0,2023,3,March,13,0,Monday,11,1,0,160.0,240.0,80.0,0
2023-03-14,Tomato,180.0,,240.0,,280.0,2023,3,March,14,1,Tuesday,11,1,0,180.0,260.0,80.0,0
2023-03-15,Tomato,180.0,,240.0,,280.0,2023,3,March,15,2,Wednesday,11,1,0,180.0,260.0,80.0,0
2023-03-16,Tomato,180.0,,240.0,,280.0,2023,3,March,16,3,Thursday,11,1,0,180.0,260.0,80.0,0
2023-03-17,Tomato,200.0,,240.0,,320.0,2023,3,March,17,4,Friday,11,1,0,200.0,280.0,80.0,0
2023-03-20,Tomato,230.0,,280.0,,280.0,2023,3,March,20,0,Monday,12,1,0,230.0,280.0,50.0,0
2023-03-21,Tomato,230.0,,280.0,,280.0,2023,3,March,21,1,Tuesday,12,1,0,230.0,280.0,50.0,0
2023-03-22,Tomato,200.0,,250.0,,280.0,2023,3,March,22,2,Wednesday,12,1,0,200.0,265.0,65.0,0
2023-03-23,Tomato,220.0,,270.0,,280.0,2023,3,March,23,3,Thursday,12,1,0,220.0,275.0,55.0,0
2023-03-24,Tomato,200.0,,250.0,,280.0,2023,3,March,24,4,Friday,12,1,0,200.0,265.0,65.0,0
2023-03-27,Tomato,200.0,,250.0,,280.0,2023,3,March,27,0,Monday,13,1,0,200.0,265.0,65.0,0
2023-03-28,Tomato,200.0,,250.0,,280.0,2023,3,March,28,1,Tuesday,13,1,0,200.0,265.0,65.0,0
2023-03-29,Tomato,180.0,,220.0,,260.0,2023,3,March,29,2,Wednesday,13,1,0,180.0,240.0,60.0,0
2023-03-30,Tomato,150.0,,200.0,,240.0,2023,3,March,30,3,Thursday,13,1,0,150.0,220.0,70.0,0
2023-03-31,Tomato,150.0,,200.0,,240.0,2023,3,March,31,4,Friday,13,1,0,150.0,220.0,70.0,0
2023-04-03,Tomato,150.0,,200.0,,240.0,2023,4,April,3,0,Monday,14,2,0,150.0,220.0,70.0,0
2023-04-04,Tomato,150.0,,200.0,,260.0,2023,4,April,4,1,Tuesday,14,2,0,150.0,230.0,80.0,0
2023-04-06,Tomato,150.0,,200.0,,240.0,2023,4,April,6,3,Thursday,14,2,0,150.0,220.0,70.0,0
2023-04-10,Tomato,250.0,,300.0,,360.0,2023,4,April,10,0,Monday,15,2,0,250.0,330.0,80.0,0
2023-04-11,Tomato,250.0,,300.0,,320.0,2023,4,April,11,1,Tuesday,15,2,0,250.0,310.0,60.0,0
2023-04-12,Tomato,250.0,,300.0,,320.0,2023,4,April,12,2,Wednesday,15,2,0,250.0,310.0,60.0,0
2023-04-17,Tomato,150.0,,200.0,,320.0,2023,4,April,17,0,Monday,16,2,0,150.0,260.0,110.0,0
2023-04-18,Tomato,150.0,,200.0,,280.0,2023,4,April,18,1,Tuesday,16,2,0,150.0,240.0,90.0,0
2023-04-19,Tomato,150.0,,200.0,,260.0,2023,4,April,19,2,Wednesday,16,2,0,150.0,230.0,80.0,0
2023-04-20,Tomato,130.0,,180.0,,200.0,2023,4,April,20,3,Thursday,16,2,0,130.0,190.0,60.0,0
2023-04-21,Tomato,130.0,,180.0,,200.0,2023,4,April,21,4,Friday,16,2,0,130.0,190.0,60.0,0
2023-04-24,Tomato,100.0,,140.0,,200.0,2023,4,April,24,0,Monday,17,2,0,100.0,170.0,70.0,0
2023-04-25,Tomato,100.0,,140.0,,200.0,2023,4,April,25,1,Tuesday,17,2,0,100.0,170.0,70.0,0
2023-04-26,Tomato,120.0,,160.0,,200.0,2023,4,April,26,2,Wednesday,17,2,0,120.0,180.0,60.0,0
2023-04-27,Tomato,120.0,,160.0,,200.0,2023,4,April,27,3,Thursday,17,2,0,120.0,180.0,60.0,0
2023-04-28,Tomato,160.0,,200.0,,200.0,2023,4,April,28,4,Friday,17,2,0,160.0,200.0,40.0,0
2023-05-02,Tomato,220.0,,280.0,,340.0,2023,5,May,2,1,Tuesday,18,2,0,220.0,310.0,90.0,0
2023-05-03,Tomato,250.0,,320.0,,260.0,2023,5,May,3,2,Wednesday,18,2,0,250.0,290.0,40.0,0
2023-05-04,Tomato,260.0,,330.0,,280.0,2023,5,May,4,3,Thursday,18,2,0,260.0,305.0,45.0,0
2023-05-08,Tomato,230.0,,280.0,,360.0,2023,5,May,8,0,Monday,19,2,0,230.0,320.0,90.0,0
2023-05-09,Tomato,230.0,,280.0,,360.0,2023,5,May,9,1,Tuesday,19,2,0,230.0,320.0,90.0,0
2023-05-10,Tomato,230.0,,280.0,,360.0,2023,5,May,10,2,Wednesday,19,2,0,230.0,320.0,90.0,0
2023-05-11,Tomato,280.0,,350.0,,400.0,2023,5,May,11,3,Thursday,19,2,0,280.0,375.0,95.0,0
2023-05-12,Tomato,300.0,,380.0,,400.0,2023,5,May,12,4,Friday,19,2,0,300.0,390.0,90.0,0
2023-05-15,Tomato,380.0,,430.0,,480.0,2023,5,May,15,0,Monday,20,2,0,380.0,455.0,75.0,0
2023-05-16,Tomato,380.0,,430.0,,480.0,2023,5,May,16,1,Tuesday,20,2,0,380.0,455.0,75.0,0
2023-05-17,Tomato,380.0,,430.0,,480.0,2023,5,May,17,2,Wednesday,20,2,0,380.0,455.0,75.0,0
2023-05-18,Tomato,350.0,,400.0,,400.0,2023,5,May,18,3,Thursday,20,2,0,350.0,400.0,50.0,0
2023-05-19,Tomato,350.0,,400.0,,400.0,2023,5,May,19,4,Friday,20,2,0,350.0,400.0,50.0,0
2023-05-22,Tomato,300.0,,350.0,,360.0,2023,5,May,22,0,Monday,21,2,0,300.0,355.0,55.0,0
2023-05-23,Tomato,250.0,,300.0,,360.0,2023,5,May,23,1,Tuesday,21,2,0,250.0,330.0,80.0,0
2023-05-24,Tomato,250.0,,300.0,,360.0,2023,5,May,24,2,Wednesday,21,2,0,250.0,330.0,80.0,0
2023-05-25,Tomato,250.0,,300.0,,360.0,2023,5,May,25,3,Thursday,21,2,0,250.0,330.0,80.0,0
2023-05-26,Tomato,250.0,,300.0,,320.0,2023,5,May,26,4,Friday,21,2,0,250.0,310.0,60.0,0
2023-05-29,Tomato,250.0,,300.0,,360.0,2023,5,May,29,0,Monday,22,2,0,250.0,330.0,80.0,0
2023-05-30,Tomato,250.0,,300.0,,360.0,2023,5,May,30,1,Tuesday,22,2,0,250.0,330.0,80.0,0
2023-05-31,Tomato,270.0,,320.0,,360.0,2023,5,May,31,2,Wednesday,22,2,0,270.0,340.0,70.0,0
2023-06-01,Tomato,280.0,,320.0,,360.0,2023,6,June,1,3,Thursday,22,2,0,280.0,340.0,60.0,0
2023-06-02,Tomato,280.0,,320.0,,360.0,2023,6,June,2,4,Friday,22,2,0,280.0,340.0,60.0,0
2023-06-05,Tomato,220.0,,260.0,,360.0,2023,6,June,5,0,Monday,23,2,0,220.0,310.0,90.0,0
2023-06-06,Tomato,200.0,,240.0,,360.0,2023,6,June,6,1,Tuesday,23,2,0,200.0,300.0,100.0,0
2023-06-07,Tomato,200.0,,240.0,,320.0,2023,6,June,7,2,Wednesday,23,2,0,200.0,280.0,80.0,0
2023-06-08,Tomato,200.0,,240.0,,360.0,2023,6,June,8,3,Thursday,23,2,0,200.0,300.0,100.0,0
2023-06-09,Tomato,200.0,,240.0,,360.0,2023,6,June,9,4,Friday,23,2,0,200.0,300.0,100.0,0
2023-06-12,Tomato,200.0,,240.0,,360.0,2023,6,June,12,0,Monday,24,2,0,200.0,300.0,100.0,0
2023-06-13,Tomato,200.0,,240.0,,360.0,2023,6,June,13,1,Tuesday,24,2,0,200.0,300.0,100.0,0
2023-06-14,Tomato,200.0,,240.0,,360.0,2023,6,June,14,2,Wednesday,24,2,0,200.0,300.0,100.0,0
2023-06-15,Tomato,240.0,,280.0,,320.0,2023,6,June,15,3,Thursday,24,2,0,240.0,300.0,60.0,0
2023-06-16,Tomato,240.0,,280.0,,360.0,2023,6,June,16,4,Friday,24,2,0,240.0,320.0,80.0,0
2023-06-19,Tomato,180.0,,220.0,,320.0,2023,6,June,19,0,Monday,25,2,0,180.0,270.0,90.0,0
2023-06-20,Tomato,180.0,,220.0,,320.0,2023,6,June,20,1,Tuesday,25,2,0,180.0,270.0,90.0,0
2023-06-21,Tomato,180.0,,220.0,,320.0,2023,6,June,21,2,Wednesday,25,2,0,180.0,270.0,90.0,0
2023-06-22,Tomato,180.0,,220.0,,320.0,2023,6,June,22,3,Thursday,25,2,0,180.0,270.0,90.0,0
2023-06-23,Tomato,200.0,,240.0,,340.0,2023,6,June,23,4,Friday,25,2,0,200.0,290.0,90.0,0
2023-06-26,Tomato,180.0,,220.0,,280.0,2023,6,June,26,0,Monday,26,2,0,180.0,250.0,70.0,0
2023-06-27,Tomato,220.0,,280.0,,320.0,2023,6,June,27,1,Tuesday,26,2,0,220.0,300.0,80.0,0
2023-06-28,Tomato,280.0,,330.0,,320.0,2023,6,June,28,2,Wednesday,26,2,0,280.0,325.0,45.0,0
2023-07-04,Tomato,350.0,,400.0,,480.0,2023,7,July,4,1,Tuesday,27,3,0,350.0,440.0,90.0,0
2023-07-05,Tomato,400.0,,460.0,,480.0,2023,7,July,5,2,Wednesday,27,3,0,400.0,470.0,70.0,0
2023-07-06,Tomato,400.0,,460.0,,480.0,2023,7,July,6,3,Thursday,27,3,0,400.0,470.0,70.0,0
2023-07-07,Tomato,400.0,,460.0,,580.0,2023,7,July,7,4,Friday,27,3,0,400.0,520.0,120.0,0
2023-07-10,Tomato,420.0,,480.0,,600.0,2023,7,July,10,0,Monday,28,3,0,420.0,540.0,120.0,0
2023-07-11,Tomato,450.0,,520.0,,600.0,2023,7,July,11,1,Tuesday,28,3,0,450.0,560.0,110.0,0
2023-07-12,Tomato,450.0,,520.0,,600.0,2023,7,July,12,2,Wednesday,28,3,0,450.0,560.0,110.0,0
2023-07-13,Tomato,450.0,,520.0,,600.0,2023,7,July,13,3,Thursday,28,3,0,450.0,560.0,110.0,0
2023-07-14,Tomato,450.0,,520.0,,560.0,2023,7,July,14,4,Friday,28,3,0,450.0,540.0,90.0,0
2023-07-17,Tomato,450.0,,520.0,,600.0,2023,7,July,17,0,Monday,29,3,0,450.0,560.0,110.0,0
2023-07-18,Tomato,430.0,,500.0,,480.0,2023,7,July,18,1,Tuesday,29,3,0,430.0,490.0,60.0,0
2023-07-19,Tomato,300.0,,350.0,,500.0,2023,7,July,19,2,Wednesday,29,3,0,300.0,425.0,125.0,0
2023-07-20,Tomato,300.0,,350.0,,400.0,2023,7,July,20,3,Thursday,29,3,0,300.0,375.0,75.0,0
2023-07-21,Tomato,300.0,,350.0,,400.0,2023,7,July,21,4,Friday,29,3,0,300.0,375.0,75.0,0
2023-07-24,Tomato,250.0,,300.0,,360.0,2023,7,July,24,0,Monday,30,3,0,250.0,330.0,80.0,0
2023-07-25,Tomato,250.0,,300.0,,360.0,2023,7,July,25,1,Tuesday,30,3,0,250.0,330.0,80.0,0
2023-07-26,Tomato,250.0,,300.0,,400.0,2023,7,July,26,2,Wednesday,30,3,0,250.0,350.0,100.0,0
2023-07-27,Tomato,250.0,,300.0,,360.0,2023,7,July,27,3,Thursday,30,3,0,250.0,330.0,80.0,0
2023-07-28,Tomato,200.0,,250.0,,320.0,2023,7,July,28,4,Friday,30,3,0,200.0,285.0,85.0,0
2023-07-31,Tomato,230.0,,280.0,,320.0,2023,7,July,31,0,Monday,31,3,0,230.0,300.0,70.0,0
2023-08-02,Tomato,230.0,,280.0,,320.0,2023,8,August,2,2,Wednesday,31,3,0,230.0,300.0,70.0,0
2023-08-03,Tomato,230.0,,280.0,,320.0,2023,8,August,3,3,Thursday,31,3,0,230.0,300.0,70.0,0
2023-08-04,Tomato,200.0,,250.0,,300.0,2023,8,August,4,4,Friday,31,3,0,200.0,275.0,75.0,0
2023-08-07,Tomato,200.0,,250.0,,320.0,2023,8,August,7,0,Monday,32,3,0,200.0,285.0,85.0,0
2023-08-08,Tomato,200.0,,250.0,,320.0,2023,8,August,8,1,Tuesday,32,3,0,200.0,285.0,85.0,0
2023-08-09,Tomato,200.0,,250.0,,360.0,2023,8,August,9,2,Wednesday,32,3,0,200.0,305.0,105.0,0
2023-08-10,Tomato,190.0,,250.0,,320.0,2023,8,August,10,3,Thursday,32,3,0,190.0,285.0,95.0,0
2023-08-11,Tomato,180.0,,230.0,,280.0,2023,8,August,11,4,Friday,32,3,0,180.0,255.0,75.0,0
2023-08-14,Tomato,180.0,,230.0,,280.0,2023,8,August,14,0,Monday,33,3,0,180.0,255.0,75.0,0
2023-08-15,Tomato,150.0,,200.0,,320.0,2023,8,August,15,1,Tuesday,33,3,0,150.0,260.0,110.0,0
2023-08-16,Tomato,150.0,,200.0,,280.0,2023,8,August,16,2,Wednesday,33,3,0,150.0,240.0,90.0,0
2023-08-17,Tomato,150.0,,200.0,,240.0,2023,8,August,17,3,Thursday,33,3,0,150.0,220.0,70.0,0
2023-08-18,Tomato,150.0,,200.0,,240.0,2023,8,August,18,4,Friday,33,3,0,150.0,220.0,70.0,0
2023-08-21,Tomato,130.0,,180.0,,200.0,2023,8,August,21,0,Monday,34,3,0,130.0,190.0,60.0,0
2023-08-22,Tomato,100.0,,150.0,,200.0,2023,8,August,22,1,Tuesday,34,3,0,100.0,175.0,75.0,0
2023-08-23,Tomato,100.0,,150.0,,200.0,2023,8,August,23,2,Wednesday,34,3,0,100.0,175.0,75.0,0
2023-08-25,Tomato,100.0,,150.0,,240.0,2023,8,August,25,4,Friday,34,3,0,100.0,195.0,95.0,0
2023-08-28,Tomato,120.0,,180.0,,200.0,2023,8,August,28,0,Monday,35,3,0,120.0,190.0,70.0,0
2023-08-29,Tomato,100.0,,150.0,,240.0,2023,8,August,29,1,Tuesday,35,3,0,100.0,195.0,95.0,0
2023-08-31,Tomato,120.0,,170.0,,240.0,2023,8,August,31,3,Thursday,35,3,0,120.0,205.0,85.0,0
2023-09-01,Tomato,100.0,,150.0,,160.0,2023,9,September,1,4,Friday,35,3,0,100.0,155.0,55.0,0
2023-09-04,Tomato,100.0,,150.0,,160.0,2023,9,September,4,0,Monday,36,3,0,100.0,155.0,55.0,0
2023-09-05,Tomato,100.0,,150.0,,200.0,2023,9,September,5,1,Tuesday,36,3,0,100.0,175.0,75.0,0
2023-09-06,Tomato,100.0,,150.0,,200.0,2023,9,September,6,2,Wednesday,36,3,0,100.0,175.0,75.0,0
2023-09-07,Tomato,100.0,,150.0,,220.0,2023,9,September,7,3,Thursday,36,3,0,100.0,185.0,85.0,0
2023-09-08,Tomato,100.0,,150.0,,200.0,2023,9,September,8,4,Friday,36,3,0,100.0,175.0,75.0,0
2023-09-11,Tomato,100.0,,150.0,,240.0,2023,9,September,11,0,Monday,37,3,0,100.0,195.0,95.0,0
2023-09-12,Tomato,100.0,,150.0,,240.0,2023,9,September,12,1,Tuesday,37,3,0,100.0,195.0,95.0,0
2023-09-13,Tomato,100.0,,150.0,,240.0,2023,9,September,13,2,Wednesday,37,3,0,100.0,195.0,95.0,0
2023-09-14,Tomato,100.0,,150.0,,200.0,2023,9,September,14,3,Thursday,37,3,0,100.0,175.0,75.0,0
2023-09-15,Tomato,100.0,,150.0,,240.0,2023,9,September,15,4,Friday,37,3,0,100.0,195.0,95.0,0
2023-09-18,Tomato,120.0,,160.0,,200.0,2023,9,September,18,0,Monday,38,3,0,120.0,180.0,60.0,0
2023-09-19,Tomato,120.0,,160.0,,200.0,2023,9,September,19,1,Tuesday,38,3,0,120.0,180.0,60.0,0
2023-09-20,Tomato,120.0,,160.0,,200.0,2023,9,September,20,2,Wednesday,38,3,0,120.0,180.0,60.0,0
2023-09-21,Tomato,120.0,,160.0,,180.0,2023,9,September,21,3,Thursday,38,3,0,120.0,170.0,50.0,0
2023-09-22,Tomato,100.0,,150.0,,200.0,2023,9,September,22,4,Friday,38,3,0,100.0,175.0,75.0,0
2023-09-25,Tomato,140.0,,180.0,,200.0,2023,9,September,25,0,Monday,39,3,0,140.0,190.0,50.0,0
2023-09-26,Tomato,140.0,,180.0,,200.0,2023,9,September,26,1,Tuesday,39,3,0,140.0,190.0,50.0,0
2023-09-27,Tomato,140.0,,180.0,,200.0,2023,9,September,27,2,Wednesday,39,3,0,140.0,190.0,50.0,0
2023-10-02,Tomato,140.0,,180.0,,240.0,2023,10,October,2,0,Monday,40,4,0,140.0,210.0,70.0,0
2023-10-03,Tomato,140.0,,180.0,,240.0,2023,10,October,3,1,Tuesday,40,4,0,140.0,210.0,70.0,0
2023-10-04,Tomato,140.0,,180.0,,200.0,2023,10,October,4,2,Wednesday,40,4,0,140.0,190.0,50.0,0
2023-10-05,Tomato,140.0,,180.0,,200.0,2023,10,October,5,3,Thursday,40,4,0,140.0,190.0,50.0,0
2023-10-06,Tomato,140.0,,180.0,,240.0,2023,10,October,6,4,Friday,40,4,0,140.0,210.0,70.0,0
2023-10-09,Tomato,130.0,,160.0,,240.0,2023,10,October,9,0,Monday,41,4,0,130.0,200.0,70.0,0
2023-10-10,Tomato,130.0,,160.0,,200.0,2023,10,October,10,1,Tuesday,41,4,0,130.0,180.0,50.0,0
2023-10-11,Tomato,120.0,,150.0,,240.0,2023,10,October,11,2,Wednesday,41,4,0,120.0,195.0,75.0,0
2023-10-12,Tomato,120.0,,150.0,,200.0,2023,10,October,12,3,Thursday,41,4,0,120.0,175.0,55.0,0
2023-10-13,Tomato,140.0,,170.0,,240.0,2023,10,October,13,4,Friday,41,4,0,140.0,205.0,65.0,0
2023-10-16,Tomato,180.0,,230.0,,320.0,2023,10,October,16,0,Monday,42,4,0,180.0,275.0,95.0,0
2023-10-17,Tomato,170.0,,230.0,,280.0,2023,10,October,17,1,Tuesday,42,4,0,170.0,255.0,85.0,0
2023-10-18,Tomato,150.0,,200.0,,280.0,2023,10,October,18,2,Wednesday,42,4,0,150.0,240.0,90.0,0
2023-10-19,Tomato,160.0,,220.0,,280.0,2023,10,October,19,3,Thursday,42,4,0,160.0,250.0,90.0,0
2023-10-20,Tomato,160.0,,220.0,,280.0,2023,10,October,20,4,Friday,42,4,0,160.0,250.0,90.0,0
2023-10-23,Tomato,150.0,,200.0,,280.0,2023,10,October,23,0,Monday,43,4,0,150.0,240.0,90.0,0
2023-10-24,Tomato,150.0,,200.0,,280.0,2023,10,October,24,1,Tuesday,43,4,0,150.0,240.0,90.0,0
2023-10-25,Tomato,150.0,,200.0,,280.0,2023,10,October,25,2,Wednesday,43,4,0,150.0,240.0,90.0,0
2023-10-26,Tomato,150.0,,200.0,,280.0,2023,10,October,26,3,Thursday,43,4,0,150.0,240.0,90.0,0
2023-10-27,Tomato,150.0,,200.0,,280.0,2023,10,October,27,4,Friday,43,4,0,150.0,240.0,90.0,0
2023-10-30,Tomato,150.0,,200.0,,280.0,2023,10,October,30,0,Monday,44,4,0,150.0,240.0,90.0,0
2023-10-31,Tomato,130.0,,160.0,,280.0,2023,10,October,31,1,Tuesday,44,4,0,130.0,220.0,90.0,0
2023-11-01,Tomato,130.0,,160.0,,240.0,2023,11,November,1,2,Wednesday,44,4,0,130.0,200.0,70.0,0
2023-11-02,Tomato,130.0,,170.0,,200.0,2023,11,November,2,3,Thursday,44,4,0,130.0,185.0,55.0,0
2023-11-03,Tomato,150.0,,200.0,,280.0,2023,11,November,3,4,Friday,44,4,0,150.0,240.0,90.0,0
2023-11-06,Tomato,150.0,,200.0,,240.0,2023,11,November,6,0,Monday,45,4,0,150.0,220.0,70.0,0
2023-11-07,Tomato,200.0,,250.0,,360.0,2023,11,November,7,1,Tuesday,45,4,0,200.0,305.0,105.0,0
2023-11-08,Tomato,200.0,,250.0,,280.0,2023,11,November,8,2,Wednesday,45,4,0,200.0,265.0,65.0,0
2023-11-09,Tomato,200.0,,250.0,,280.0,2023,11,November,9,3,Thursday,45,4,0,200.0,265.0,65.0,0
2023-11-10,Tomato,200.0,,250.0,,280.0,2023,11,November,10,4,Friday,45,4,0,200.0,265.0,65.0,0
2023-11-13,Tomato,300.0,,350.0,,400.0,2023,11,November,13,0,Monday,46,4,0,300.0,375.0,75.0,0
2023-11-14,Tomato,300.0,,350.0,,400.0,2023,11,November,14,1,Tuesday,46,4,0,300.0,375.0,75.0,0
2023-11-15,Tomato,300.0,,350.0,,400.0,2023,11,November,15,2,Wednesday,46,4,0,300.0,375.0,75.0,0
2023-11-16,Tomato,300.0,,350.0,,400.0,2023,11,November,16,3,Thursday,46,4,0,300.0,375.0,75.0,0
2023-11-17,Tomato,280.0,,320.0,,360.0,2023,11,November,17,4,Friday,46,4,0,280.0,340.0,60.0,0
2023-11-20,Tomato,250.0,,300.0,,360.0,2023,11,November,20,0,Monday,47,4,0,250.0,330.0,80.0,0
2023-11-21,Tomato,250.0,,300.0,,400.0,2023,11,November,21,1,Tuesday,47,4,0,250.0,350.0,100.0,0
2023-11-22,Tomato,280.0,,330.0,,400.0,2023,11,November,22,2,Wednesday,47,4,0,280.0,365.0,85.0,0
2023-11-23,Tomato,320.0,,380.0,,400.0,2023,11,November,23,3,Thursday,47,4,0,320.0,390.0,70.0,0
2023-11-24,Tomato,320.0,,380.0,,440.0,2023,11,November,24,4,Friday,47,4,0,320.0,410.0,90.0,0
2023-11-27,Tomato,350.0,,400.0,,480.0,2023,11,November,27,0,Monday,48,4,0,350.0,440.0,90.0,0
2023-11-28,Tomato,350.0,,400.0,,520.0,2023,11,November,28,1,Tuesday,48,4,0,350.0,460.0,110.0,0
2023-11-29,Tomato,350.0,,400.0,,480.0,2023,11,November,29,2,Wednesday,48,4,0,350.0,440.0,90.0,0
2023-11-30,Tomato,350.0,,400.0,,480.0,2023,11,November,30,3,Thursday,48,4,0,350.0,440.0,90.0,0
2023-12-01,Tomato,350.0,,400.0,,500.0,2023,12,December,1,4,Friday,48,4,0,350.0,450.0,100.0,0
2023-12-04,Tomato,600.0,,650.0,,700.0,2023,12,December,4,0,Monday,49,4,0,600.0,675.0,75.0,0
2023-12-05,Tomato,600.0,,650.0,,700.0,2023,12,December,5,1,Tuesday,49,4,0,600.0,675.0,75.0,0
2023-12-06,Tomato,550.0,,600.0,,760.0,2023,12,December,6,2,Wednesday,49,4,0,550.0,680.0,130.0,0
2023-12-07,Tomato,500.0,,550.0,,700.0,2023,12,December,7,3,Thursday,49,4,0,500.0,625.0,125.0,0
2023-12-08,Tomato,500.0,,550.0,,700.0,2023,12,December,8,4,Friday,49,4,0,500.0,625.0,125.0,0
2023-12-11,Tomato,500.0,,550.0,,600.0,2023,12,December,11,0,Monday,50,4,0,500.0,575.0,75.0,0
2023-12-12,Tomato,500.0,,550.0,,700.0,2023,12,December,12,1,Tuesday,50,4,0,500.0,625.0,125.0,0
2023-12-13,Tomato,540.0,,600.0,,700.0,2023,12,December,13,2,Wednesday,50,4,0,540.0,650.0,110.0,0
2023-12-14,Tomato,540.0,,600.0,,600.0,2023,12,December,14,3,Thursday,50,4,0,540.0,600.0,60.0,0
2023-12-15,Tomato,500.0,,550.0,,560.0,2023,12,December,15,4,Friday,50,4,0,500.0,555.0,55.0,0
2023-12-18,Tomato,500.0,,550.0,,700.0,2023,12,December,18,0,Monday,51,4,0,500.0,625.0,125.0,0
2023-12-19,Tomato,525.0,,575.0,,700.0,2023,12,December,19,1,Tuesday,51,4,0,525.0,637.5,112.5,0
2023-12-20,Tomato,600.0,,650.0,,700.0,2023,12,December,20,2,Wednesday,51,4,0,600.0,675.0,75.0,0
2023-12-21,Tomato,600.0,,650.0,,800.0,2023,12,December,21,3,Thursday,51,4,0,600.0,725.0,125.0,0
2023-12-22,Tomato,650.0,,700.0,,700.0,2023,12,December,22,4,Friday,51,4,0,650.0,700.0,50.0,0
2023-12-27,Tomato,350.0,,400.0,,600.0,2023,12,December,27,2,Wednesday,52,4,0,350.0,500.0,150.0,0
2023-12-28,Tomato,400.0,,450.0,,800.0,2023,12,December,28,3,Thursday,52,4,0,400.0,625.0,225.0,0
2023-12-29,Tomato,400.0,,450.0,,700.0,2023,12,December,29,4,Friday,52,4,0,400.0,575.0,175.0,0
2024-02-01,Tomato,600.0,,650.0,,900.0,2024,2,February,1,3,Thursday,5,1,0,600.0,775.0,175.0,0
2024-02-02,Tomato,550.0,,600.0,,800.0,2024,2,February,2,4,Friday,5,1,0,550.0,700.0,150.0,0
2024-02-05,Tomato,600.0,,650.0,,900.0,2024,2,February,5,0,Monday,6,1,0,600.0,775.0,175.0,0
2024-02-06,Tomato,650.0,,700.0,,900.0,2024,2,February,6,1,Tuesday,6,1,0,650.0,800.0,150.0,0
2024-02-07,Tomato,650.0,,700.0,,960.0,2024,2,February,7,2,Wednesday,6,1,0,650.0,830.0,180.0,0
2024-02-08,Tomato,700.0,,750.0,,960.0,2024,2,February,8,3,Thursday,6,1,0,700.0,855.0,155.0,0
2024-02-09,Tomato,700.0,,750.0,,960.0,2024,2,February,9,4,Friday,6,1,0,700.0,855.0,155.0,0
2024-02-12,Tomato,750.0,,800.0,,960.0,2024,2,February,12,0,Monday,7,1,0,750.0,880.0,130.0,0
2024-02-13,Tomato,800.0,,850.0,,960.0,2024,2,February,13,1,Tuesday,7,1,0,800.0,905.0,105.0,0
2024-02-14,Tomato,700.0,,750.0,,960.0,2024,2,February,14,2,Wednesday,7,1,0,700.0,855.0,155.0,0
2024-02-15,Tomato,700.0,,750.0,,900.0,2024,2,February,15,3,Thursday,7,1,0,700.0,825.0,125.0,0
2024-02-16,Tomato,750.0,,800.0,,1100.0,2024,2,February,16,4,Friday,7,1,0,750.0,950.0,200.0,0
2024-02-19,Tomato,850.0,,950.0,,1200.0,2024,2,February,19,0,Monday,8,1,0,850.0,1075.0,225.0,0
2024-02-20,Tomato,850.0,,950.0,,1000.0,2024,2,February,20,1,Tuesday,8,1,0,850.0,975.0,125.0,0
2024-02-21,Tomato,700.0,,800.0,,1200.0,2024,2,February,21,2,Wednesday,8,1,0,700.0,1000.0,300.0,0
2024-02-22,Tomato,650.0,,700.0,,1000.0,2024,2,February,22,3,Thursday,8,1,0,650.0,850.0,200.0,0
2024-02-26,Tomato,550.0,,600.0,,800.0,2024,2,February,26,0,Monday,9,1,0,550.0,700.0,150.0,0
2024-02-27,Tomato,550.0,,600.0,,800.0,2024,2,February,27,1,Tuesday,9,1,0,550.0,700.0,150.0,0
2024-02-28,Tomato,580.0,,630.0,,800.0,2024,2,February,28,2,Wednesday,9,1,0,580.0,715.0,135.0,0
2024-02-29,Tomato,580.0,,630.0,,700.0,2024,2,February,29,3,Thursday,9,1,0,580.0,665.0,85.0,0
2024-03-01,Tomato,550.0,,600.0,,700.0,2024,3,March,1,4,Friday,9,1,0,550.0,650.0,100.0,0
2024-03-04,Tomato,500.0,,550.0,,560.0,2024,3,March,4,0,Monday,10,1,0,500.0,555.0,55.0,0
2024-03-05,Tomato,450.0,,500.0,,600.0,2024,3,March,5,1,Tuesday,10,1,0,450.0,550.0,100.0,0
2024-03-06,Tomato,300.0,,350.0,,500.0,2024,3,March,6,2,Wednesday,10,1,0,300.0,425.0,125.0,0
2024-03-07,Tomato,300.0,,350.0,,600.0,2024,3,March,7,3,Thursday,10,1,0,300.0,475.0,175.0,0
2024-03-11,Tomato,350.0,,400.0,,500.0,2024,3,March,11,0,Monday,11,1,0,350.0,450.0,100.0,0
2024-03-12,Tomato,350.0,,400.0,,560.0,2024,3,March,12,1,Tuesday,11,1,0,350.0,480.0,130.0,0
2024-03-13,Tomato,350.0,,400.0,,500.0,2024,3,March,13,2,Wednesday,11,1,0,350.0,450.0,100.0,0
2024-03-14,Tomato,300.0,,350.0,,480.0,2024,3,March,14,3,Thursday,11,1,0,300.0,415.0,115.0,0
2024-03-15,Tomato,300.0,,350.0,,480.0,2024,3,March,15,4,Friday,11,1,0,300.0,415.0,115.0,0
2024-03-18,Tomato,200.0,,250.0,,400.0,2024,3,March,18,0,Monday,12,1,0,200.0,325.0,125.0,0
2024-03-19,Tomato,200.0,,250.0,,400.0,2024,3,March,19,1,Tuesday,12,1,0,200.0,325.0,125.0,0
2024-03-20,Tomato,200.0,,250.0,,360.0,2024,3,March,20,2,Wednesday,12,1,0,200.0,305.0,105.0,0
2024-03-21,Tomato,200.0,,250.0,,320.0,2024,3,March,21,3,Thursday,12,1,0,200.0,285.0,85.0,0
2024-03-22,Tomato,200.0,,250.0,,240.0,2024,3,March,22,4,Friday,12,1,0,200.0,245.0,45.0,0
2024-03-25,Tomato,200.0,,250.0,,240.0,2024,3,March,25,0,Monday,13,1,0,200.0,245.0,45.0,0
2024-03-26,Tomato,200.0,,250.0,,240.0,2024,3,March,26,1,Tuesday,13,1,0,200.0,245.0,45.0,0
2024-03-27,Tomato,150.0,,200.0,,240.0,2024,3,March,27,2,Wednesday,13,1,0,150.0,220.0,70.0,0
2024-03-28,Tomato,150.0,,200.0,,200.0,2024,3,March,28,3,Thursday,13,1,0,150.0,200.0,50.0,0
2024-04-01,Tomato,130.0,,180.0,,240.0,2024,4,April,1,0,Monday,14,2,0,130.0,210.0,80.0,0
2024-04-02,Tomato,130.0,,180.0,,200.0,2024,4,April,2,1,Tuesday,14,2,0,130.0,190.0,60.0,0
2024-04-03,Tomato,100.0,,150.0,,200.0,2024,4,April,3,2,Wednesday,14,2,0,100.0,175.0,75.0,0
2024-04-04,Tomato,100.0,,150.0,,240.0,2024,4,April,4,3,Thursday,14,2,0,100.0,195.0,95.0,0
2024-04-05,Tomato,100.0,,130.0,,200.0,2024,4,April,5,4,Friday,14,2,0,100.0,165.0,65.0,0
2024-04-08,Tomato,130.0,,200.0,,240.0,2024,4,April,8,0,Monday,15,2,0,130.0,220.0,90.0,0
2024-04-09,Tomato,130.0,,200.0,,240.0,2024,4,April,9,1,Tuesday,15,2,0,130.0,220.0,90.0,0
2024-04-10,Tomato,130.0,,200.0,,280.0,2024,4,April,10,2,Wednesday,15,2,0,130.0,240.0,110.0,0
2024-04-15,Tomato,100.0,,150.0,,280.0,2024,4,April,15,0,Monday,16,2,0,100.0,215.0,115.0,0
2024-04-16,Tomato,100.0,,150.0,,280.0,2024,4,April,16,1,Tuesday,16,2,0,100.0,150.0,50.0,0
2024-04-17,Tomato,100.0,,100.0,,220.0,2024,4,April,17,2,Wednesday,16,2,0,100.0,160.0,60.0,0
2024-04-18,Tomato,100.0,,100.0,,220.0,2024,4,April,18,3,Thursday,16,2,0,100.0,160.0,60.0,0
2024-04-19,Tomato,100.0,,100.0,,200.0,2024,4,April,19,4,Friday,16,2,0,100.0,150.0,60.0,0
2024-04-22,Tomato,100.0,,100.0,,200.0,2024,4,April,22,0,Monday,17,2,0,100.0,150.0,60.0,0
2024-04-24,Tomato,100.0,,100.0,,160.0,2024,4,April,24,2,Wednesday,17,2,0,100.0,130.0,60.0,0
2024-04-25,Tomato,100.0,,100.0,,120.0,2024,4,April,25,3,Thursday,17,2,0,100.0,110.0,60.0,0
2024-04-26,Tomato,100.0,,100.0,,120.0,2024,4,April,26,4,Friday,17,2,0,100.0,110.0,60.0,0
2024-04-29,Tomato,100.0,,100.0,,160.0,2024,4,April,29,0,Monday,18,2,0,100.0,130.0,60.0,0
2024-04-30,Tomato,100.0,,100.0,,160.0,2024,4,April,30,1,Tuesday,18,2,0,100.0,130.0,60.0,0
2024-05-02,Tomato,100.0,,100.0,,160.0,2024,5,May,2,3,Thursday,18,2,0,100.0,130.0,60.0,0
2024-05-03,Tomato,100.0,,100.0,,160.0,2024,5,May,3,4,Friday,18,2,0,100.0,130.0,60.0,0
2024-05-06,Tomato,100.0,,100.0,,200.0,2024,5,May,6,0,Monday,19,2,0,100.0,150.0,60.0,0
2024-05-07,Tomato,100.0,,100.0,,200.0,2024,5,May,7,1,Tuesday,19,2,0,100.0,150.0,60.0,0
2024-05-08,Tomato,100.0,,100.0,,160.0,2024,5,May,8,2,Wednesday,19,2,0,100.0,130.0,60.0,0
2024-05-09,Tomato,100.0,,100.0,,120.0,2024,5,May,9,3,Thursday,19,2,0,100.0,120.0,60.0,0
2024-05-10,Tomato,100.0,,100.0,,120.0,2024,5,May,10,4,Friday,19,2,0,100.0,120.0,60.0,0
2024-05-13,Tomato,100.0,,100.0,,140.0,2024,5,May,13,0,Monday,20,2,0,100.0,120.0,60.0,0
2024-05-14,Tomato,100.0,,100.0,,160.0,2024,5,May,14,1,Tuesday,20,2,0,100.0,130.0,60.0,0
2024-05-15,Tomato,100.0,,120.0,,160.0,2024,5,May,15,2,Wednesday,20,2,0,100.0,140.0,60.0,0
2024-05-16,Tomato,100.0,,120.0,,160.0,2024,5,May,16,3,Thursday,20,2,0,100.0,140.0,60.0,0
2024-05-17,Tomato,100.0,,120.0,,200.0,2024,5,May,17,4,Friday,20,2,0,100.0,160.0,60.0,0
2024-05-20,Tomato,180.0,,230.0,,320.0,2024,5,May,20,0,Monday,21,2,0,180.0,275.0,95.0,0
2024-05-21,Tomato,150.0,,180.0,,200.0,2024,5,May,21,1,Tuesday,21,2,0,150.0,190.0,40.0,0
2024-05-22,Tomato,130.0,,180.0,,240.0,2024,5,May,22,2,Wednesday,21,2,0,130.0,210.0,80.0,0
2024-05-22,Tomato,130.0,,180.0,,200.0,2024,5,May,22,2,Wednesday,21,2,0,130.0,190.0,60.0,0
2024-05-27,Tomato,130.0,,180.0,,240.0,2024,5,May,27,0,Monday,22,2,0,130.0,210.0,80.0,0
2024-05-28,Tomato,130.0,,180.0,,240.0,2024,5,May,28,1,Tuesday,22,2,0,130.0,210.0,80.0,0
2024-05-29,Tomato,130.0,,180.0,,240.0,2024,5,May,29,2,Wednesday,22,2,0,130.0,210.0,80.0,0
2024-05-31,Tomato,130.0,,180.0,,240.0,2024,5,May,31,4,Friday,22,2,0,130.0,210.0,80.0,0
2024-06-03,Tomato,130.0,,180.0,,240.0,2024,6,June,3,0,Monday,23,2,0,130.0,210.0,80.0,0
2024-06-04,Tomato,140.0,,200.0,,220.0,2024,6,June,4,1,Tuesday,23,2,0,140.0,210.0,70.0,0
2024-06-05,Tomato,140.0,,200.0,,220.0,2024,6,June,5,2,Wednesday,23,2,0,140.0,210.0,70.0,0
2024-06-06,Tomato,140.0,,200.0,,320.0,2024,6,June,6,3,Thursday,23,2,0,140.0,260.0,120.0,0
2024-06-07,Tomato,220.0,,270.0,,320.0,2024,6,June,7,4,Friday,23,2,0,220.0,295.0,75.0,0
2024-06-10,Tomato,350.0,,400.0,,520.0,2024,6,June,10,0,Monday,24,2,0,350.0,460.0,110.0,0
2024-06-11,Tomato,400.0,,450.0,,480.0,2024,6,June,11,1,Tuesday,24,2,0,400.0,465.0,65.0,0
2024-06-12,Tomato,420.0,,470.0,,480.0,2024,6,June,12,2,Wednesday,24,2,0,420.0,475.0,55.0,0
2024-06-13,Tomato,420.0,,470.0,,560.0,2024,6,June,13,3,Thursday,24,2,0,420.0,515.0,95.0,0
2024-06-14,Tomato,420.0,,470.0,,560.0,2024,6,June,14,4,Friday,24,2,0,420.0,515.0,95.0,0
2024-06-18,Tomato,400.0,,450.0,,720.0,2024,6,June,18,1,Tuesday,25,2,0,400.0,585.0,185.0,0
2024-06-19,Tomato,400.0,,450.0,,720.0,2024,6,June,19,2,Wednesday,25,2,0,400.0,585.0,185.0,0
2024-06-20,Tomato,550.0,,600.0,,700.0,2024,6,June,20,3,Thursday,25,2,0,550.0,650.0,100.0,0
2024-06-24,Tomato,500.0,,550.0,,800.0,2024,6,June,24,0,Monday,26,2,0,500.0,675.0,175.0,0
2024-06-25,Tomato,550.0,,600.0,,700.0,2024,6,June,25,1,Tuesday,26,2,0,550.0,650.0,100.0,0
2024-06-26,Tomato,550.0,,600.0,,700.0,2024,6,June,26,2,Wednesday,26,2,0,550.0,650.0,100.0,0
2024-06-27,Tomato,550.0,,600.0,,700.0,2024,6,June,27,3,Thursday,26,2,0,550.0,650.0,100.0,0
2024-06-28,Tomato,550.0,,600.0,,700.0,2024,6,June,28,4,Friday,26,2,0,550.0,650.0,100.0,0
2024-07-01,Tomato,550.0,,600.0,,600.0,2024,7,July,1,0,Monday,27,3,0,550.0,600.0,50.0,0
2024-07-02,Tomato,400.0,,450.0,,600.0,2024,7,July,2,1,Tuesday,27,3,0,400.0,525.0,125.0,0
2024-07-03,Tomato,300.0,,350.0,,560.0,2024,7,July,3,2,Wednesday,27,3,0,300.0,455.0,155.0,0
2024-07-04,Tomato,300.0,,350.0,,600.0,2024,7,July,4,3,Thursday,27,3,0,300.0,475.0,175.0,0
2024-07-05,Tomato,300.0,,350.0,,480.0,2024,7,July,5,4,Friday,27,3,0,300.0,415.0,115.0,0
2024-07-08,Tomato,250.0,,300.0,,480.0,2024,7,July,8,0,Monday,28,3,0,250.0,390.0,140.0,0
2024-07-09,Tomato,200.0,,250.0,,460.0,2024,7,July,9,1,Tuesday,28,3,0,200.0,355.0,155.0,0
2024-07-10,Tomato,230.0,,280.0,,400.0,2024,7,July,10,2,Wednesday,28,3,0,230.0,340.0,110.0,0
2024-07-11,Tomato,230.0,,280.0,,400.0,2024,7,July,11,3,Thursday,28,3,0,230.0,340.0,110.0,0
2024-07-11,Tomato,180.0,,230.0,,280.0,2024,7,July,11,3,Thursday,28,3,0,180.0,255.0,75.0,0
2024-07-12,Tomato,230.0,,280.0,,360.0,2024,7,July,12,4,Friday,28,3,0,230.0,320.0,90.0,0
2024-07-15,Tomato,350.0,,400.0,,480.0,2024,7,July,15,0,Monday,29,3,0,350.0,440.0,90.0,0
2024-07-16,Tomato,350.0,,400.0,,460.0,2024,7,July,16,1,Tuesday,29,3,0,350.0,430.0,80.0,0
2024-07-17,Tomato,350.0,,400.0,,520.0,2024,7,July,17,2,Wednesday,29,3,0,350.0,460.0,110.0,0
2024-07-18,Tomato,350.0,,400.0,,560.0,2024,7,July,18,3,Thursday,29,3,0,350.0,480.0,130.0,0
2024-07-19,Tomato,350.0,,400.0,,520.0,2024,7,July,19,4,Friday,29,3,0,350.0,460.0,110.0,0
2024-07-22,Tomato,350.0,,400.0,,520.0,2024,7,July,22,0,Monday,30,3,0,350.0,460.0,110.0,0
2024-07-23,Tomato,350.0,,400.0,,480.0,2024,7,July,23,1,Tuesday,30,3,0,350.0,440.0,90.0,0
2024-07-24,Tomato,300.0,,350.0,,480.0,2024,7,July,24,2,Wednesday,30,3,0,300.0,415.0,115.0,0
2024-07-25,Tomato,250.0,,300.0,,480.0,2024,7,July,25,3,Thursday,30,3,0,250.0,390.0,140.0,0
2024-07-26,Tomato,250.0,,300.0,,480.0,2024,7,July,26,4,Friday,30,3,0,250.0,390.0,140.0,0
2024-07-29,Tomato,200.0,,250.0,,480.0,2024,7,July,29,0,Monday,31,3,0,200.0,365.0,165.0,0
2024-07-30,Tomato,200.0,,250.0,,360.0,2024,7,July,30,1,Tuesday,31,3,0,200.0,305.0,105.0,0
2024-07-31,Tomato,200.0,,250.0,,360.0,2024,7,July,31,2,Wednesday,31,3,0,200.0,305.0,105.0,0
2024-08-01,Tomato,200.0,,250.0,,380.0,2024,8,August,1,3,Thursday,31,3,0,200.0,315.0,115.0,0
2024-08-02,Tomato,180.0,,230.0,,380.0,2024,8,August,2,4,Friday,31,3,0,180.0,305.0,125.0,0
2024-08-05,Tomato,200.0,,250.0,,400.0,2024,8,August,5,0,Monday,32,3,0,200.0,325.0,125.0,0
2024-08-06,Tomato,220.0,,270.0,,400.0,2024,8,August,6,1,Tuesday,32,3,0,220.0,335.0,115.0,0
2024-08-07,Tomato,220.0,,270.0,,360.0,2024,8,August,7,2,Wednesday,32,3,0,220.0,315.0,95.0,0
2024-08-08,Tomato,200.0,,250.0,,360.0,2024,8,August,8,3,Thursday,32,3,0,200.0,305.0,105.0,0
2024-08-09,Tomato,200.0,,250.0,,360.0,2024,8,August,9,4,Friday,32,3,0,200.0,305.0,105.0,0
2024-08-12,Tomato,200.0,,250.0,,320.0,2024,8,August,12,0,Monday,33,3,0,200.0,285.0,85.0,0
2024-08-13,Tomato,150.0,,200.0,,340.0,2024,8,August,13,1,Tuesday,33,3,0,150.0,270.0,120.0,0
2024-08-14,Tomato,200.0,,250.0,,320.0,2024,8,August,14,2,Wednesday,33,3,0,200.0,285.0,85.0,0
2024-08-15,Tomato,200.0,,250.0,,320.0,2024,8,August,15,3,Thursday,33,3,0,200.0,285.0,85.0,0
2024-08-16,Tomato,150.0,,200.0,,320.0,2024,8,August,16,4,Friday,33,3,0,150.0,260.0,110.0,0
2024-08-20,Tomato,150.0,,200.0,,320.0,2024,8,August,20,1,Tuesday,34,3,0,150.0,260.0,110.0,0
2024-08-21,Tomato,150.0,,200.0,,280.0,2024,8,August,21,2,Wednesday,34,3,0,150.0,240.0,90.0,0
2024-08-22,Tomato,130.0,,180.0,,280.0,2024,8,August,22,3,Thursday,34,3,0,130.0,230.0,100.0,0
2024-08-23,Tomato,130.0,,180.0,,320.0,2024,8,August,23,4,Friday,34,3,0,130.0,250.0,120.0,0
2024-08-26,Tomato,150.0,,200.0,,280.0,2024,8,August,26,0,Monday,35,3,0,150.0,240.0,90.0,0
2024-08-27,Tomato,150.0,,200.0,,280.0,2024,8,August,27,1,Tuesday,35,3,0,150.0,240.0,90.0,0
2024-08-28,Tomato,150.0,,200.0,,280.0,2024,8,August,28,2,Wednesday,35,3,0,150.0,240.0,90.0,0
2024-08-29,Tomato,180.0,,230.0,,280.0,2024,8,August,29,3,Thursday,35,3,0,180.0,255.0,75.0,0
2024-08-30,Tomato,150.0,,200.0,,280.0,2024,8,August,30,4,Friday,35,3,0,150.0,240.0,90.0,0
2024-09-02,Tomato,150.0,,200.0,,280.0,2024,9,September,2,0,Monday,36,3,0,150.0,240.0,90.0,0
2024-09-03,Tomato,150.0,,200.0,,280.0,2024,9,September,3,1,Tuesday,36,3,0,150.0,240.0,90.0,0
2024-09-04,Tomato,150.0,,200.0,,280.0,2024,9,September,4,2,Wednesday,36,3,0,150.0,240.0,90.0,0
2024-09-05,Tomato,150.0,,200.0,,240.0,2024,9,September,5,3,Thursday,36,3,0,150.0,220.0,70.0,0
2024-09-06,Tomato,130.0,,180.0,,280.0,2024,9,September,6,4,Friday,36,3,0,130.0,230.0,100.0,0
2024-09-09,Tomato,130.0,,180.0,,280.0,2024,9,September,9,0,Monday,37,3,0,130.0,230.0,100.0,0
2024-09-10,Tomato,150.0,,200.0,,260.0,2024,9,September,10,1,Tuesday,37,3,0,150.0,230.0,80.0,0
2024-09-11,Tomato,150.0,,200.0,,280.0,2024,9,September,11,2,Wednesday,37,3,0,150.0,240.0,90.0,0
2024-09-12,Tomato,180.0,,230.0,,280.0,2024,9,September,12,3,Thursday,37,3,0,180.0,255.0,75.0,0
2024-09-13,Tomato,150.0,,200.0,,320.0,2024,9,September,13,4,Friday,37,3,0,150.0,260.0,110.0,0
2024-09-18,Tomato,150.0,,200.0,,240.0,2024,9,September,18,2,Wednesday,38,3,0,150.0,220.0,70.0,0
2024-09-19,Tomato,150.0,,200.0,,280.0,2024,9,September,19,3,Thursday,38,3,0,150.0,240.0,90.0,0
2024-09-20,Tomato,150.0,,200.0,,280.0,2024,9,September,20,4,Friday,38,3,0,150.0,240.0,90.0,0
2024-09-23,Tomato,180.0,,230.0,,280.0,2024,9,September,23,0,Monday,39,3,0,180.0,255.0,75.0,0
2024-09-24,Tomato,200.0,,250.0,,280.0,2024,9,September,24,1,Tuesday,39,3,0,200.0,265.0,65.0,0
2024-09-25,Tomato,180.0,,230.0,,240.0,2024,9,September,25,2,Wednesday,39,3,0,180.0,235.0,55.0,0
2024-09-26,Tomato,150.0,,200.0,,320.0,2024,9,September,26,3,Thursday,39,3,0,150.0,260.0,110.0,0
2024-09-27,Tomato,130.0,,180.0,,320.0,2024,9,September,27,4,Friday,39,3,0,130.0,250.0,120.0,0
2024-09-30,Tomato,250.0,,300.0,,320.0,2024,9,September,30,0,Monday,40,3,0,250.0,310.0,60.0,0
2024-10-01,Tomato,250.0,,300.0,,320.0,2024,10,October,1,1,Tuesday,40,4,0,250.0,310.0,60.0,0
2024-10-02,Tomato,250.0,,300.0,,320.0,2024,10,October,2,2,Wednesday,40,4,0,250.0,310.0,60.0,0
2024-10-03,Tomato,230.0,,280.0,,320.0,2024,10,October,3,3,Thursday,40,4,0,230.0,300.0,70.0,0
2024-10-04,Tomato,200.0,,250.0,,320.0,2024,10,October,4,4,Friday,40,4,0,200.0,285.0,85.0,0
2024-10-07,Tomato,250.0,,300.0,,320.0,2024,10,October,7,0,Monday,41,4,0,250.0,310.0,60.0,0
2024-10-08,Tomato,230.0,,280.0,,320.0,2024,10,October,8,1,Tuesday,41,4,0,230.0,300.0,70.0,0
2024-10-09,Tomato,250.0,,300.0,,320.0,2024,10,October,9,2,Wednesday,41,4,0,250.0,310.0,60.0,0
2024-10-10,Tomato,230.0,,280.0,,320.0,2024,10,October,10,3,Thursday,41,4,0,230.0,300.0,70.0,0
2024-10-11,Tomato,200.0,,250.0,,280.0,2024,10,October,11,4,Friday,41,4,0,200.0,265.0,65.0,0
2024-10-14,Tomato,300.0,,350.0,,360.0,2024,10,October,14,0,Monday,42,4,0,300.0,355.0,55.0,0
2024-10-15,Tomato,250.0,,300.0,,360.0,2024,10,October,15,1,Tuesday,42,4,0,250.0,330.0,80.0,0
2024-10-16,Tomato,250.0,,300.0,,320.0,2024,10,October,16,2,Wednesday,42,4,0,250.0,310.0,60.0,0
2024-10-18,Tomato,200.0,,250.0,,320.0,2024,10,October,18,4,Friday,42,4,0,200.0,285.0,85.0,0
2024-10-21,Tomato,250.0,,300.0,,360.0,2024,10,October,21,0,Monday,43,4,0,250.0,330.0,80.0,0
2024-10-22,Tomato,200.0,,250.0,,360.0,2024,10,October,22,1,Tuesday,43,4,0,200.0,305.0,105.0,0
2024-10-23,Tomato,200.0,,250.0,,360.0,2024,10,October,23,2,Wednesday,43,4,0,200.0,305.0,105.0,0
2024-10-24,Tomato,200.0,,250.0,,360.0,2024,10,October,24,3,Thursday,43,4,0,200.0,305.0,105.0,0
2024-10-25,Tomato,200.0,,250.0,,360.0,2024,10,October,25,4,Friday,43,4,0,200.0,305.0,105.0,0
2024-10-28,Tomato,220.0,,270.0,,360.0,2024,10,October,28,0,Monday,44,4,0,220.0,315.0,95.0,0
2024-10-29,Tomato,200.0,,250.0,,360.0,2024,10,October,29,1,Tuesday,44,4,0,200.0,305.0,105.0,0
2024-10-30,Tomato,200.0,,250.0,,360.0,2024,10,October,30,2,Wednesday,44,4,0,200.0,305.0,105.0,0
2024-11-01,Tomato,200.0,,250.0,,350.0,2024,11,November,1,4,Friday,44,4,0,200.0,300.0,100.0,0
2024-11-04,Tomato,200.0,,250.0,,200.0,2024,11,November,4,0,Monday,45,4,0,200.0,225.0,25.0,0
2024-11-05,Tomato,180.0,,230.0,,230.0,2024,11,November,5,1,Tuesday,45,4,0,180.0,230.0,50.0,0
2024-11-06,Tomato,180.0,,230.0,,320.0,2024,11,November,6,2,Wednesday,45,4,0,180.0,275.0,95.0,0
2024-11-08,Tomato,180.0,,230.0,,320.0,2024,11,November,8,4,Friday,45,4,0,180.0,275.0,95.0,0
2024-11-11,Tomato,250.0,,300.0,,360.0,2024,11,November,11,0,Monday,46,4,0,250.0,330.0,80.0,0
2024-11-12,Tomato,250.0,,300.0,,360.0,2024,11,November,12,1,Tuesday,46,4,0,250.0,330.0,80.0,0
2024-11-13,Tomato,250.0,,300.0,,360.0,2024,11,November,13,2,Wednesday,46,4,0,250.0,330.0,80.0,0
2024-11-14,Tomato,200.0,,250.0,,360.0,2024,11,November,14,3,Thursday,46,4,0,200.0,305.0,105.0,0
2024-11-18,Tomato,200.0,,250.0,,360.0,2024,11,November,18,0,Monday,47,4,0,200.0,305.0,105.0,0
2024-11-19,Tomato,200.0,,250.0,,360.0,2024,11,November,19,1,Tuesday,47,4,0,200.0,305.0,105.0,0
2024-11-20,Tomato,200.0,,250.0,,360.0,2024,11,November,20,2,Wednesday,47,4,0,200.0,305.0,105.0,0
2024-11-21,Tomato,200.0,,250.0,,360.0,2024,11,November,21,3,Thursday,47,4,0,200.0,305.0,105.0,0
2024-11-22,Tomato,200.0,,250.0,,360.0,2024,11,November,22,4,Friday,47,4,0,200.0,305.0,105.0,0
2024-11-25,Tomato,230.0,,280.0,,360.0,2024,11,November,25,0,Monday,48,4,0,230.0,320.0,90.0,0
2024-11-26,Tomato,230.0,,280.0,,360.0,2024,11,November,26,1,Tuesday,48,4,0,230.0,320.0,90.0,0
2024-11-27,Tomato,250.0,,300.0,,400.0,2024,11,November,27,2,Wednesday,48,4,0,250.0,350.0,100.0,0
2024-11-28,Tomato,250.0,,300.0,,360.0,2024,11,November,28,3,Thursday,48,4,0,250.0,330.0,80.0,0
2024-11-29,Tomato,250.0,,300.0,,360.0,2024,11,November,29,4,Friday,48,4,0,250.0,330.0,80.0,0
2024-12-02,Tomato,270.0,,320.0,,480.0,2024,12,December,2,0,Monday,49,4,0,270.0,400.0,130.0,0
2024-12-03,Tomato,250.0,,300.0,,360.0,2024,12,December,3,1,Tuesday,49,4,0,250.0,330.0,80.0,0
2024-12-04,Tomato,200.0,,250.0,,360.0,2024,12,December,4,2,Wednesday,49,4,0,200.0,305.0,105.0,0
2024-12-05,Tomato,200.0,,250.0,,360.0,2024,12,December,5,3,Thursday,49,4,0,200.0,305.0,105.0,0
2024-12-06,Tomato,200.0,,250.0,,400.0,2024,12,December,6,4,Friday,49,4,0,200.0,325.0,125.0,0
2024-12-09,Tomato,250.0,,300.0,,360.0,2024,12,December,9,0,Monday,50,4,0,250.0,330.0,80.0,0
2024-12-10,Tomato,230.0,,280.0,,360.0,2024,12,December,10,1,Tuesday,50,4,0,230.0,320.0,90.0,0
2024-12-11,Tomato,230.0,,280.0,,360.0,2024,12,December,11,2,Wednesday,50,4,0,230.0,320.0,90.0,0
2024-12-12,Tomato,200.0,,250.0,,360.0,2024,12,December,12,3,Thursday,50,4,0,200.0,305.0,105.0,0
2024-12-13,Tomato,200.0,,250.0,,360.0,2024,12,December,13,4,Friday,50,4,0,200.0,305.0,105.0,0
2024-12-16,Tomato,350.0,,400.0,,480.0,2024,12,December,16,0,Monday,51,4,0,350.0,440.0,90.0,0
2024-12-17,Tomato,420.0,,480.0,,700.0,2024,12,December,17,1,Tuesday,51,4,0,420.0,590.0,170.0,0
2024-12-18,Tomato,500.0,,550.0,,600.0,2024,12,December,18,2,Wednesday,51,4,0,500.0,575.0,75.0,0
2024-12-19,Tomato,500.0,,550.0,,560.0,2024,12,December,19,3,Thursday,51,4,0,500.0,555.0,55.0,0
2024-12-20,Tomato,480.0,,530.0,,600.0,2024,12,December,20,4,Friday,51,4,0,480.0,565.0,85.0,0
2024-12-23,Tomato,400.0,,450.0,,580.0,2024,12,December,23,0,Monday,52,4,0,400.0,515.0,115.0,0
2024-12-24,Tomato,300.0,,350.0,,480.0,2024,12,December,24,1,Tuesday,52,4,0,300.0,415.0,115.0,0
2024-12-26,Tomato,250.0,,300.0,,480.0,2024,12,December,26,3,Thursday,52,4,0,250.0,390.0,140.0,0
2024-12-27,Tomato,280.0,,330.0,,480.0,2024,12,December,27,4,Friday,52,4,0,280.0,405.0,125.0,0
2024-12-30,Tomato,250.0,,300.0,,480.0,2024,12,December,30,0,Monday,1,4,0,250.0,390.0,140.0,0
2024-12-31,Tomato,250.0,,300.0,,400.0,2024,12,December,31,1,Tuesday,1,4,0,250.0,350.0,100.0,0
2025-01-01,Tomato,200.0,,250.0,,400.0,2025,1,January,1,2,Wednesday,1,1,0,200.0,325.0,125.0,0
2025-01-02,Tomato,200.0,,250.0,,400.0,2025,1,January,2,3,Thursday,1,1,0,200.0,325.0,125.0,0
2025-01-03,Tomato,400.0,,450.0,,400.0,2025,1,January,3,4,Friday,1,1,0,400.0,425.0,25.0,0
2025-01-06,Tomato,350.0,,400.0,,480.0,2025,1,January,6,0,Monday,2,1,0,350.0,440.0,90.0,0
2025-01-07,Tomato,300.0,,350.0,,480.0,2025,1,January,7,1,Tuesday,2,1,0,300.0,415.0,115.0,0
2025-01-08,Tomato,250.0,,300.0,,480.0,2025,1,January,8,2,Wednesday,2,1,0,250.0,390.0,140.0,0
2025-01-09,Tomato,230.0,,280.0,,400.0,2025,1,January,9,3,Thursday,2,1,0,230.0,340.0,110.0,0
2025-01-10,Tomato,250.0,,300.0,,400.0,2025,1,January,10,4,Friday,2,1,0,250.0,350.0,100.0,0
2025-01-15,Tomato,250.0,,300.0,,360.0,2025,1,January,15,2,Wednesday,3,1,0,250.0,330.0,80.0,0
2025-01-16,Tomato,250.0,,300.0,,360.0,2025,1,January,16,3,Thursday,3,1,0,250.0,330.0,80.0,0
2025-01-17,Tomato,200.0,,250.0,,400.0,2025,1,January,17,4,Friday,3,1,0,200.0,325.0,125.0,0
2025-01-20,Tomato,250.0,,300.0,,480.0,2025,1,January,20,0,Monday,4,1,0,250.0,390.0,140.0,0
2025-01-21,Tomato,250.0,,300.0,,480.0,2025,1,January,21,1,Tuesday,4,1,0,250.0,390.0,140.0,0
2025-01-22,Tomato,250.0,,300.0,,400.0,2025,1,January,22,2,Wednesday,4,1,0,250.0,350.0,100.0,0
2025-01-23,Tomato,300.0,,350.0,,400.0,2025,1,January,23,3,Thursday,4,1,0,300.0,375.0,75.0,0
2025-01-24,Tomato,300.0,,350.0,,480.0,2025,1,January,24,4,Friday,4,1,0,300.0,415.0,115.0,0
2025-01-27,Tomato,250.0,,300.0,,400.0,2025,1,January,27,0,Monday,5,1,0,250.0,350.0,100.0,0
2025-01-28,Tomato,250.0,,300.0,,400.0,2025,1,January,28,1,Tuesday,5,1,0,250.0,350.0,100.0,0
2025-01-29,Tomato,250.0,,300.0,,400.0,2025,1,January,29,2,Wednesday,5,1,0,250.0,350.0,100.0,0
2025-01-30,Tomato,270.0,,320.0,,400.0,2025,1,January,30,3,Thursday,5,1,0,270.0,360.0,90.0,0
2025-01-31,Tomato,300.0,,350.0,,400.0,2025,1,January,31,4,Friday,5,1,0,300.0,375.0,75.0,0
2025-02-03,Tomato,250.0,,300.0,,400.0,2025,2,February,3,0,Monday,6,1,0,250.0,350.0,100.0,0
2025-02-05,Tomato,200.0,,250.0,,400.0,2025,2,February,5,2,Wednesday,6,1,0,200.0,325.0,125.0,0
2025-02-06,Tomato,200.0,,250.0,,400.0,2025,2,February,6,3,Thursday,6,1,0,200.0,325.0,125.0,0
2025-02-07,Tomato,200.0,,250.0,,400.0,2025,2,February,7,4,Friday,6,1,0,200.0,325.0,125.0,0
2025-02-10,Tomato,150.0,,200.0,,380.0,2025,2,February,10,0,Monday,7,1,0,150.0,290.0,140.0,0
2025-02-11,Tomato,200.0,,250.0,,400.0,2025,2,February,11,1,Tuesday,7,1,0,200.0,325.0,125.0,0
2025-02-13,Tomato,200.0,,250.0,,360.0,2025,2,February,13,3,Thursday,7,1,0,200.0,305.0,105.0,0
2025-02-14,Tomato,150.0,,200.0,,360.0,2025,2,February,14,4,Friday,7,1,0,150.0,280.0,130.0,0
2025-02-17,Tomato,120.0,,170.0,,360.0,2025,2,February,17,0,Monday,8,1,0,120.0,265.0,145.0,0
2025-02-18,Tomato,120.0,,170.0,,360.0,2025,2,February,18,1,Tuesday,8,1,0,120.0,265.0,145.0,0
2025-02-19,Tomato,120.0,,170.0,,320.0,2025,2,February,19,2,Wednesday,8,1,0,120.0,245.0,125.0,0
2025-02-20,Tomato,120.0,,170.0,,280.0,2025,2,February,20,3,Thursday,8,1,0,120.0,225.0,105.0,0
2025-02-21,Tomato,150.0,,200.0,,240.0,2025,2,February,21,4,Friday,8,1,0,150.0,220.0,70.0,0
2025-02-24,Tomato,120.0,,170.0,,240.0,2025,2,February,24,0,Monday,9,1,0,120.0,205.0,85.0,0
2025-02-25,Tomato,120.0,,170.0,,240.0,2025,2,February,25,1,Tuesday,9,1,0,120.0,205.0,85.0,0
2025-02-27,Tomato,120.0,,160.0,,200.0,2025,2,February,27,3,Thursday,9,1,0,120.0,180.0,60.0,0
2025-02-28,Tomato,140.0,,200.0,,240.0,2025,2,February,28,4,Friday,9,1,0,140.0,220.0,80.0,0
2025-03-03,Tomato,180.0,,230.0,,280.0,2025,3,March,3,0,Monday,10,1,0,180.0,255.0,75.0,0
2025-03-04,Tomato,200.0,,250.0,,400.0,2025,3,March,4,1,Tuesday,10,1,0,200.0,325.0,125.0,0
2025-03-05,Tomato,200.0,,250.0,,380.0,2025,3,March,5,2,Wednesday,10,1,0,200.0,315.0,115.0,0
2025-03-06,Tomato,200.0,,250.0,,400.0,2025,3,March,6,3,Thursday,10,1,0,200.0,325.0,125.0,0
2025-03-07,Tomato,150.0,,200.0,,400.0,2025,3,March,7,4,Friday,10,1,0,150.0,300.0,150.0,0
2025-03-10,Tomato,150.0,,200.0,,320.0,2025,3,March,10,0,Monday,11,1,0,150.0,260.0,110.0,0
2025-03-11,Tomato,170.0,,220.0,,360.0,2025,3,March,11,1,Tuesday,11,1,0,170.0,290.0,120.0,0
2025-03-12,Tomato,150.0,,200.0,,340.0,2025,3,March,12,2,Wednesday,11,1,0,150.0,270.0,120.0,0
2025-03-14,Tomato,200.0,,250.0,,360.0,2025,3,March,14,4,Friday,11,1,0,200.0,305.0,105.0,0
2025-03-17,Tomato,300.0,,350.0,,480.0,2025,3,March,17,0,Monday,12,1,0,300.0,415.0,115.0,0
2025-03-18,Tomato,300.0,,350.0,,480.0,2025,3,March,18,1,Tuesday,12,1,0,300.0,415.0,115.0,0
2025-03-19,Tomato,250.0,,300.0,,360.0,2025,3,March,19,2,Wednesday,12,1,0,250.0,330.0,80.0,0
2025-03-20,Tomato,200.0,,250.0,,360.0,2025,3,March,20,3,Thursday,12,1,0,200.0,305.0,105.0,0
2025-03-21,Tomato,150.0,,200.0,,360.0,2025,3,March,21,4,Friday,12,1,0,150.0,280.0,130.0,0
2025-03-24,Tomato,200.0,,250.0,,360.0,2025,3,March,24,0,Monday,13,1,0,200.0,305.0,105.0,0
2025-03-25,Tomato,200.0,,250.0,,360.0,2025,3,March,25,1,Tuesday,13,1,0,200.0,305.0,105.0,0
2025-03-26,Tomato,200.0,,250.0,,360.0,2025,3,March,26,2,Wednesday,13,1,0,200.0,305.0,105.0,0
2025-03-27,Tomato,200.0,,250.0,,360.0,2025,3,March,27,3,Thursday,13,1,0,200.0,305.0,105.0,0
2025-03-28,Tomato,200.0,,250.0,,360.0,2025,3,March,28,4,Friday,13,1,0,200.0,305.0,105.0,0
2025-04-01,Tomato,250.0,,300.0,,400.0,2025,4,April,1,1,Tuesday,14,2,0,250.0,350.0,100.0,0
2025-04-02,Tomato,250.0,,300.0,,400.0,2025,4,April,2,2,Wednesday,14,2,0,250.0,350.0,100.0,0
2025-04-03,Tomato,300.0,,350.0,,400.0,2025,4,April,3,3,Thursday,14,2,0,300.0,375.0,75.0,0
2025-04-04,Tomato,300.0,,350.0,,400.0,2025,4,April,4,4,Friday,14,2,0,300.0,375.0,75.0,0
2025-04-07,Tomato,300.0,,350.0,,400.0,2025,4,April,7,0,Monday,15,2,0,300.0,375.0,75.0,0
2025-04-08,Tomato,450.0,,500.0,,560.0,2025,4,April,8,1,Tuesday,15,2,0,450.0,530.0,80.0,0
2025-04-09,Tomato,500.0,,550.0,,600.0,2025,4,April,9,2,Wednesday,15,2,0,500.0,575.0,75.0,0
2025-04-10,Tomato,600.0,,650.0,,800.0,2025,4,April,10,3,Thursday,15,2,0,600.0,725.0,125.0,0
2025-04-11,Tomato,600.0,,650.0,,800.0,2025,4,April,11,4,Friday,15,2,0,600.0,725.0,125.0,0
2025-04-16,Tomato,500.0,,550.0,,800.0,2025,4,April,16,2,Wednesday,16,2,0,500.0,675.0,175.0,0
2025-04-17,Tomato,450.0,,500.0,,800.0,2025,4,April,17,3,Thursday,16,2,0,450.0,500.0,50.0,0
2025-04-21,Tomato,400.0,,450.0,,700.0,2025,4,April,21,0,Monday,17,2,0,400.0,575.0,175.0,0
2025-04-22,Tomato,550.0,,600.0,,800.0,2025,4,April,22,1,Tuesday,17,2,0,550.0,700.0,150.0,0
2025-04-23,Tomato,550.0,,600.0,,800.0,2025,4,April,23,2,Wednesday,17,2,0,550.0,700.0,150.0,0
2025-04-24,Tomato,600.0,,650.0,,800.0,2025,4,April,24,3,Thursday,17,2,0,600.0,725.0,125.0,0
2025-04-25,Tomato,600.0,,650.0,,800.0,2025,4,April,25,4,Friday,17,2,0,600.0,725.0,125.0,0
2025-04-28,Tomato,600.0,,650.0,,800.0,2025,4,April,28,0,Monday,18,2,0,600.0,725.0,125.0,0
2025-04-29,Tomato,600.0,,650.0,,800.0,2025,4,April,29,1,Tuesday,18,2,0,600.0,725.0,125.0,0
2025-04-30,Tomato,650.0,,700.0,,800.0,2025,4,April,30,2,Wednesday,18,2,0,650.0,750.0,100.0,0
2025-05-02,Tomato,650.0,,700.0,,800.0,2025,5,May,2,4,Friday,18,2,0,650.0,750.0,100.0,0
2025-05-05,Tomato,850.0,,900.0,,1000.0,2025,5,May,5,0,Monday,19,2,0,850.0,950.0,100.0,0
2025-05-06,Tomato,850.0,,900.0,,1000.0,2025,5,May,6,1,Tuesday,19,2,0,850.0,950.0,100.0,0
2025-05-07,Tomato,850.0,,900.0,,1200.0,2025,5,May,7,2,Wednesday,19,2,0,850.0,1050.0,200.0,0
2025-05-08,Tomato,850.0,,900.0,,1200.0,2025,5,May,8,3,Thursday,19,2,0,850.0,1050.0,200.0,0
2025-05-09,Tomato,850.0,,900.0,,1100.0,2025,5,May,9,4,Friday,19,2,0,850.0,1000.0,150.0,0
2025-05-14,Tomato,850.0,,900.0,,1000.0,2025,5,May,14,2,Wednesday,20,2,0,850.0,950.0,100.0,0
2025-05-15,Tomato,800.0,,850.0,,800.0,2025,5,May,15,3,Thursday,20,2,0,800.0,825.0,25.0,0
2025-05-16,Tomato,850.0,,900.0,,800.0,2025,5,May,16,4,Friday,20,2,0,850.0,850.0,0.0,0
2025-05-19,Tomato,750.0,,800.0,,1000.0,2025,5,May,19,0,Monday,21,2,0,750.0,900.0,150.0,0
2025-05-20,Tomato,750.0,,800.0,,960.0,2025,5,May,20,1,Tuesday,21,2,0,750.0,880.0,130.0,0
2025-05-21,Tomato,600.0,,650.0,,940.0,2025,5,May,21,2,Wednesday,21,2,0,600.0,795.0,195.0,0
2025-05-22,Tomato,500.0,,550.0,,700.0,2025,5,May,22,3,Thursday,21,2,0,500.0,625.0,125.0,0
2025-05-23,Tomato,500.0,,550.0,,800.0,2025,5,May,23,4,Friday,21,2,0,500.0,675.0,175.0,0
2025-05-26,Tomato,500.0,,550.0,,760.0,2025,5,May,26,0,Monday,22,2,0,500.0,655.0,155.0,0
2025-05-27,Tomato,550.0,,600.0,,800.0,2025,5,May,27,1,Tuesday,22,2,0,550.0,700.0,150.0,0
2025-05-28,Tomato,500.0,,550.0,,800.0,2025,5,May,28,2,Wednesday,22,2,0,500.0,675.0,175.0,0
2025-05-29,Tomato,500.0,,550.0,,800.0,2025,5,May,29,3,Thursday,22,2,0,500.0,675.0,175.0,0
2025-05-30,Tomato,500.0,,550.0,,800.0,2025,5,May,30,4,Friday,22,2,0,500.0,675.0,175.0,0
2025-06-02,Tomato,550.0,,600.0,,800.0,2025,6,June,2,0,Monday,23,2,0,550.0,700.0,150.0,0
2025-06-03,Tomato,550.0,,600.0,,800.0,2025,6,June,3,1,Tuesday,23,2,0,550.0,700.0,150.0,0
2025-06-04,Tomato,550.0,,600.0,,760.0,2025,6,June,4,2,Wednesday,23,2,0,550.0,680.0,130.0,0
2025-06-05,Tomato,550.0,,600.0,,700.0,2025,6,June,5,3,Thursday,23,2,0,550.0,650.0,100.0,0
2025-06-06,Tomato,600.0,,650.0,,800.0,2025,6,June,6,4,Friday,23,2,0,600.0,725.0,125.0,0
2025-06-09,Tomato,550.0,,600.0,,760.0,2025,6,June,9,0,Monday,24,2,0,550.0,680.0,130.0,0
2025-06-11,Tomato,600.0,,650.0,,740.0,2025,6,June,11,2,Wednesday,24,2,0,600.0,695.0,95.0,0
2025-06-12,Tomato,500.0,,550.0,,600.0,2025,6,June,12,3,Thursday,24,2,0,500.0,575.0,75.0,0
2025-06-13,Tomato,450.0,,500.0,,600.0,2025,6,June,13,4,Friday,24,2,0,450.0,550.0,100.0,0
2025-06-16,Tomato,300.0,,350.0,,600.0,2025,6,June,16,0,Monday,25,2,0,300.0,475.0,175.0,0
2025-06-17,Tomato,350.0,,400.0,,500.0,2025,6,June,17,1,Tuesday,25,2,0,350.0,450.0,100.0,0
2025-06-18,Tomato,300.0,,350.0,,500.0,2025,6,June,18,2,Wednesday,25,2,0,300.0,425.0,125.0,0
2025-06-19,Tomato,250.0,,300.0,,600.0,2025,6,June,19,3,Thursday,25,2,0,250.0,450.0,200.0,0
2025-06-20,Tomato,200.0,,250.0,,480.0,2025,6,June,20,4,Friday,25,2,0,200.0,365.0,165.0,0
2025-06-23,Tomato,220.0,,270.0,,480.0,2025,6,June,23,0,Monday,26,2,0,220.0,375.0,155.0,0
2025-06-24,Tomato,200.0,,250.0,,400.0,2025,6,June,24,1,Tuesday,26,2,0,200.0,325.0,125.0,0
2025-06-25,Tomato,200.0,,250.0,,400.0,2025,6,June,25,2,Wednesday,26,2,0,200.0,325.0,125.0,0
2025-06-26,Tomato,200.0,,250.0,,400.0,2025,6,June,26,3,Thursday,26,2,0,200.0,325.0,125.0,0
2025-06-27,Tomato,180.0,,230.0,,360.0,2025,6,June,27,4,Friday,26,2,0,180.0,295.0,115.0,0
2025-06-30,Tomato,150.0,,200.0,,280.0,2025,6,June,30,0,Monday,27,2,0,150.0,240.0,90.0,0
2025-07-01,Tomato,120.0,,170.0,,240.0,2025,7,July,1,1,Tuesday,27,3,0,120.0,205.0,85.0,0
2025-07-02,Tomato,120.0,,170.0,,240.0,2025,7,July,2,2,Wednesday,27,3,0,120.0,205.0,85.0,0
2025-07-03,Tomato,120.0,,170.0,,240.0,2025,7,July,3,3,Thursday,27,3,0,120.0,205.0,85.0,0
2025-07-04,Tomato,120.0,,170.0,,240.0,2025,7,July,4,4,Friday,27,3,0,120.0,205.0,85.0,0
2025-07-07,Tomato,120.0,,170.0,,160.0,2025,7,July,7,0,Monday,28,3,0,120.0,165.0,45.0,0
2025-07-08,Tomato,120.0,,170.0,,180.0,2025,7,July,8,1,Tuesday,28,3,0,120.0,175.0,55.0,0
2025-07-09,Tomato,150.0,,200.0,,200.0,2025,7,July,9,2,Wednesday,28,3,0,150.0,200.0,50.0,0
2025-07-11,Tomato,150.0,,150.0,,160.0,2025,7,July,11,4,Friday,28,3,0,150.0,155.0,5.0,0
2025-07-14,Tomato,150.0,,120.0,,160.0,2025,7,July,14,0,Monday,29,3,0,150.0,140.0,5.0,0
2025-07-15,Tomato,150.0,,130.0,,160.0,2025,7,July,15,1,Tuesday,29,3,0,150.0,145.0,5.0,0
2025-07-16,Tomato,150.0,,100.0,,160.0,2025,7,July,16,2,Wednesday,29,3,0,150.0,130.0,5.0,0
2025-07-17,Tomato,150.0,,100.0,,100.0,2025,7,July,17,3,Thursday,29,3,0,150.0,100.0,5.0,0
2025-07-18,Tomato,150.0,,130.0,,100.0,2025,7,July,18,4,Friday,29,3,0,150.0,115.0,5.0,0
2025-07-21,Tomato,100.0,,150.0,,160.0,2025,7,July,21,0,Monday,30,3,0,100.0,155.0,55.0,0
2025-07-22,Tomato,100.0,,120.0,,160.0,2025,7,July,22,1,Tuesday,30,3,0,100.0,140.0,40.0,0
2025-07-23,Tomato,100.0,,120.0,,160.0,2025,7,July,23,2,Wednesday,30,3,0,100.0,140.0,40.0,0
2025-07-24,Tomato,100.0,,120.0,,160.0,2025,7,July,24,3,Thursday,30,3,0,100.0,140.0,40.0,0
2025-07-25,Tomato,100.0,,120.0,,160.0,2025,7,July,25,4,Friday,30,3,0,100.0,140.0,40.0,0
2025-07-28,Tomato,120.0,,170.0,,200.0,2025,7,July,28,0,Monday,31,3,0,120.0,185.0,65.0,0
2025-07-29,Tomato,120.0,,170.0,,200.0,2025,7,July,29,1,Tuesday,31,3,0,120.0,185.0,65.0,0
2025-07-30,Tomato,120.0,,170.0,,200.0,2025,7,July,30,2,Wednesday,31,3,0,120.0,185.0,65.0,0
2025-07-31,Tomato,120.0,,170.0,,200.0,2025,7,July,31,3,Thursday,31,3,0,120.0,185.0,65.0,0
2025-08-01,Tomato,120.0,,170.0,,200.0,2025,8,August,1,4,Friday,31,3,0,120.0,185.0,65.0,0
2025-08-04,Tomato,120.0,,170.0,,200.0,2025,8,August,4,0,Monday,32,3,0,120.0,185.0,65.0,0
2025-08-05,Tomato,120.0,,170.0,,200.0,2025,8,August,5,1,Tuesday,32,3,0,120.0,185.0,65.0,0
2025-08-06,Tomato,120.0,,170.0,,200.0,2025,8,August,6,2,Wednesday,32,3,0,120.0,185.0,65.0,0
2025-08-07,Tomato,120.0,,170.0,,220.0,2025,8,August,7,3,Thursday,32,3,0,120.0,195.0,75.0,0
2025-08-11,Tomato,100.0,,150.0,,200.0,2025,8,August,11,0,Monday,33,3,0,100.0,175.0,75.0,0
2025-08-12,Tomato,120.0,,170.0,,200.0,2025,8,August,12,1,Tuesday,33,3,0,120.0,185.0,65.0,0
2025-08-13,Tomato,120.0,,170.0,,180.0,2025,8,August,13,2,Wednesday,33,3,0,120.0,175.0,55.0,0
2025-08-14,Tomato,110.0,,170.0,,200.0,2025,8,August,14,3,Thursday,33,3,0,110.0,185.0,75.0,0
2025-08-15,Tomato,100.0,,150.0,,200.0,2025,8,August,15,4,Friday,33,3,0,100.0,175.0,75.0,0
2025-08-18,Tomato,100.0,,150.0,,200.0,2025,8,August,18,0,Monday,34,3,0,100.0,175.0,75.0,0
2025-08-19,Tomato,100.0,,130.0,,200.0,2025,8,August,19,1,Tuesday,34,3,0,100.0,165.0,65.0,0
2025-08-20,Tomato,100.0,,150.0,,200.0,2025,8,August,20,2,Wednesday,34,3,0,100.0,175.0,75.0,0
2025-08-21,Tomato,100.0,,150.0,,200.0,2025,8,August,21,3,Thursday,34,3,0,100.0,175.0,75.0,0
2025-08-22,Tomato,100.0,,150.0,,200.0,2025,8,August,22,4,Friday,34,3,0,100.0,175.0,75.0,0
2025-08-25,Tomato,150.0,,200.0,,220.0,2025,8,August,25,0,Monday,35,3,0,150.0,210.0,60.0,0
2025-08-26,Tomato,200.0,,250.0,,220.0,2025,8,August,26,1,Tuesday,35,3,0,200.0,235.0,35.0,0
2025-08-27,Tomato,150.0,,200.0,,320.0,2025,8,August,27,2,Wednesday,35,3,0,150.0,260.0,110.0,0
2025-08-28,Tomato,250.0,,300.0,,320.0,2025,8,August,28,3,Thursday,35,3,0,250.0,310.0,60.0,0
2025-08-29,Tomato,150.0,,200.0,,280.0,2025,8,August,29,4,Friday,35,3,0,150.0,240.0,90.0,0
2025-09-01,Tomato,150.0,,200.0,,280.0,2025,9,September,1,0,Monday,36,3,0,150.0,240.0,90.0,0
2025-09-02,Tomato,170.0,,230.0,,280.0,2025,9,September,2,1,Tuesday,36,3,0,170.0,255.0,85.0,0
2025-09-03,Tomato,170.0,,230.0,,280.0,2025,9,September,3,2,Wednesday,36,3,0,170.0,255.0,85.0,0
2025-09-04,Tomato,170.0,,230.0,,240.0,2025,9,September,4,3,Thursday,36,3,0,170.0,235.0,65.0,0
2025-09-08,Tomato,140.0,,180.0,,240.0,2025,9,September,8,0,Monday,37,3,0,140.0,210.0,70.0,0
2025-09-09,Tomato,140.0,,180.0,,240.0,2025,9,September,9,1,Tuesday,37,3,0,140.0,210.0,70.0,0
2025-09-10,Tomato,120.0,,170.0,,240.0,2025,9,September,10,2,Wednesday,37,3,0,120.0,205.0,85.0,0
2025-09-11,Tomato,120.0,,170.0,,240.0,2025,9,September,11,3,Thursday,37,3,0,120.0,205.0,85.0,0
2025-09-12,Tomato,120.0,,170.0,,240.0,2025,9,September,12,4,Friday,37,3,0,120.0,205.0,85.0,0
2025-09-15,Tomato,150.0,,200.0,,280.0,2025,9,September,15,0,Monday,38,3,0,150.0,240.0,90.0,0
2025-09-16,Tomato,150.0,,200.0,,280.0,2025,9,September,16,1,Tuesday,38,3,0,150.0,240.0,90.0,0
2025-09-17,Tomato,150.0,,200.0,,280.0,2025,9,September,17,2,Wednesday,38,3,0,150.0,240.0,90.0,0
2025-09-18,Tomato,150.0,,200.0,,280.0,2025,9,September,18,3,Thursday,38,3,0,150.0,240.0,90.0,0
2025-09-19,Tomato,150.0,,200.0,,280.0,2025,9,September,19,4,Friday,38,3,0,150.0,240.0,90.0,0
2025-09-22,Tomato,150.0,,200.0,,260.0,2025,9,September,22,0,Monday,39,3,0,150.0,230.0,80.0,0
2025-09-23,Tomato,100.0,,150.0,,260.0,2025,9,September,23,1,Tuesday,39,3,0,100.0,205.0,105.0,0
2025-09-26,Tomato,150.0,,200.0,,260.0,2025,9,September,26,4,Friday,39,3,0,150.0,230.0,80.0,0
2025-09-29,Tomato,130.0,,170.0,,240.0,2025,9,September,29,0,Monday,40,3,0,130.0,205.0,75.0,0
2025-09-30,Tomato,120.0,,160.0,,360.0,2025,9,September,30,1,Tuesday,40,3,0,120.0,260.0,140.0,0
2025-10-01,Tomato,120.0,,160.0,,240.0,2025,10,October,1,2,Wednesday,40,4,0,120.0,200.0,80.0,0
2025-10-02,Tomato,120.0,,160.0,,240.0,2025,10,October,2,3,Thursday,40,4,0,120.0,200.0,80.0,0
2025-10-03,Tomato,120.0,,160.0,,240.0,2025,10,October,3,4,Friday,40,4,0,120.0,200.0,80.0,0
2025-10-07,Tomato,120.0,,160.0,,280.0,2025,10,October,7,1,Tuesday,41,4,0,120.0,220.0,100.0,0
2025-10-08,Tomato,120.0,,170.0,,280.0,2025,10,October,8,2,Wednesday,41,4,0,120.0,225.0,105.0,0
2025-10-09,Tomato,120.0,,170.0,,280.0,2025,10,October,9,3,Thursday,41,4,0,120.0,225.0,105.0,0
2025-10-10,Tomato,120.0,,170.0,,300.0,2025,10,October,10,4,Friday,41,4,0,120.0,235.0,115.0,0
2025-10-13,Tomato,140.0,,180.0,,240.0,2025,10,October,13,0,Monday,42,4,0,140.0,210.0,70.0,0
2025-10-14,Tomato,140.0,,180.0,,240.0,2025,10,October,14,1,Tuesday,42,4,0,140.0,210.0,70.0,0
2025-10-15,Tomato,120.0,,160.0,,240.0,2025,10,October,15,2,Wednesday,42,4,0,120.0,200.0,80.0,0
2025-10-16,Tomato,120.0,,160.0,,240.0,2025,10,October,16,3,Thursday,42,4,0,120.0,200.0,80.0,0
2025-10-17,Tomato,100.0,,140.0,,240.0,2025,10,October,17,4,Friday,42,4,0,100.0,190.0,90.0,0
2025-10-21,Tomato,100.0,,140.0,,220.0,2025,10,October,21,1,Tuesday,43,4,0,100.0,180.0,80.0,0
2025-10-22,Tomato,120.0,,170.0,,240.0,2025,10,October,22,2,Wednesday,43,4,0,120.0,205.0,85.0,0
2025-10-23,Tomato,120.0,,170.0,,240.0,2025,10,October,23,3,Thursday,43,4,0,120.0,205.0,85.0,0
2025-10-24,Tomato,130.0,,180.0,,240.0,2025,10,October,24,4,Friday,43,4,0,130.0,210.0,80.0,0
2025-10-27,Tomato,130.0,,180.0,,280.0,2025,10,October,27,0,Monday,44,4,0,130.0,230.0,100.0,0
2025-10-28,Tomato,130.0,,180.0,,240.0,2025,10,October,28,1,Tuesday,44,4,0,130.0,210.0,80.0,0
2025-10-29,Tomato,120.0,,170.0,,240.0,2025,10,October,29,2,Wednesday,44,4,0,120.0,205.0,85.0,0
2025-10-30,Tomato,120.0,,170.0,,240.0,2025,10,October,30,3,Thursday,44,4,0,120.0,205.0,85.0,0
2025-10-31,Tomato,130.0,,180.0,,240.0,2025,10,October,31,4,Friday,44,4,0,130.0,210.0,80.0,0
2025-11-03,Tomato,130.0,,180.0,,260.0,2025,11,November,3,0,Monday,45,4,0,130.0,220.0,90.0,0
2025-11-04,Tomato,130.0,,180.0,,240.0,2025,11,November,4,1,Tuesday,45,4,0,130.0,210.0,80.0,0
2025-11-06,Tomato,100.0,,150.0,,240.0,2025,11,November,6,3,Thursday,45,4,0,100.0,195.0,95.0,0
2025-11-07,Tomato,100.0,,130.0,,240.0,2025,11,November,7,4,Friday,45,4,0,100.0,185.0,85.0,0
2025-11-10,Tomato,100.0,,130.0,,200.0,2025,11,November,10,0,Monday,46,4,0,100.0,165.0,85.0,0
2025-11-11,Tomato,100.0,,130.0,,200.0,2025,11,November,11,1,Tuesday,46,4,0,100.0,165.0,85.0,0
2025-11-12,Tomato,100.0,,150.0,,220.0,2025,11,November,12,2,Wednesday,46,4,0,100.0,185.0,85.0,0
2025-11-13,Tomato,100.0,,150.0,,240.0,2025,11,November,13,3,Thursday,46,4,0,100.0,195.0,95.0,0
2025-11-14,Tomato,100.0,,130.0,,240.0,2025,11,November,14,4,Friday,46,4,0,100.0,185.0,85.0,0
2025-11-17,Tomato,100.0,,150.0,,240.0,2025,11,November,17,0,Monday,47,4,0,100.0,195.0,95.0,0
2025-11-18,Tomato,120.0,,170.0,,200.0,2025,11,November,18,1,Tuesday,47,4,0,120.0,185.0,65.0,0
2025-11-19,Tomato,100.0,,150.0,,220.0,2025,11,November,19,2,Wednesday,47,4,0,100.0,185.0,85.0,0
2025-11-20,Tomato,110.0,,170.0,,240.0,2025,11,November,20,3,Thursday,47,4,0,110.0,205.0,95.0,0
2025-11-21,Tomato,120.0,,170.0,,260.0,2025,11,November,21,4,Friday,47,4,0,120.0,215.0,95.0,0
2025-11-24,Tomato,150.0,,200.0,,260.0,2025,11,November,24,0,Monday,48,4,0,150.0,230.0,80.0,0
2025-11-25,Tomato,120.0,,170.0,,240.0,2025,11,November,25,1,Tuesday,48,4,0,120.0,205.0,85.0,0
2025-11-26,Tomato,150.0,,200.0,,240.0,2025,11,November,26,2,Wednesday,48,4,0,150.0,220.0,70.0,0
2025-11-27,Tomato,200.0,,250.0,,240.0,2025,11,November,27,3,Thursday,48,4,0,200.0,245.0,45.0,0
2025-11-28,Tomato,200.0,,250.0,,240.0,2025,11,November,28,4,Friday,48,4,0,200.0,245.0,45.0,0
2025-12-01,Tomato,300.0,,350.0,,480.0,2025,12,December,1,0,Monday,49,4,0,300.0,415.0,115.0,0
2025-12-02,Tomato,200.0,,250.0,,360.0,2025,12,December,2,1,Tuesday,49,4,0,200.0,305.0,105.0,0
2025-12-03,Tomato,250.0,,300.0,,400.0,2025,12,December,3,2,Wednesday,49,4,0,250.0,350.0,100.0,0
2025-12-05,Tomato,200.0,,250.0,,360.0,2025,12,December,5,4,Friday,49,4,0,200.0,305.0,105.0,0
2025-12-08,Tomato,250.0,,300.0,,400.0,2025,12,December,8,0,Monday,50,4,0,250.0,350.0,100.0,0
2025-12-09,Tomato,250.0,,300.0,,400.0,2025,12,December,9,1,Tuesday,50,4,0,250.0,350.0,100.0,0
2025-12-10,Tomato,250.0,,300.0,,400.0,2025,12,December,10,2,Wednesday,50,4,0,250.0,350.0,100.0,0
2025-12-11,Tomato,250.0,,300.0,,400.0,2025,12,December,11,3,Thursday,50,4,0,250.0,350.0,100.0,0
2025-12-12,Tomato,250.0,,300.0,,400.0,2025,12,December,12,4,Friday,50,4,0,250.0,350.0,100.0,0
2025-12-15,Tomato,400.0,,450.0,,560.0,2025,12,December,15,0,Monday,51,4,0,400.0,505.0,105.0,0
2025-12-16,Tomato,450.0,,500.0,,560.0,2025,12,December,16,1,Tuesday,51,4,0,450.0,530.0,80.0,0
2025-12-17,Tomato,450.0,,500.0,,600.0,2025,12,December,17,2,Wednesday,51,4,0,450.0,550.0,100.0,0
2025-12-18,Tomato,450.0,,500.0,,600.0,2025,12,December,18,3,Thursday,51,4,0,450.0,550.0,100.0,0
2025-12-19,Tomato,500.0,,550.0,,600.0,2025,12,December,19,4,Friday,51,4,0,500.0,575.0,75.0,0
2025-12-22,Tomato,550.0,,600.0,,900.0,2025,12,December,22,0,Monday,52,4,0,550.0,750.0,200.0,0
2025-12-23,Tomato,650.0,,700.0,,900.0,2025,12,December,23,1,Tuesday,52,4,0,650.0,800.0,150.0,0
2025-12-24,Tomato,700.0,,750.0,,800.0,2025,12,December,24,2,Wednesday,52,4,0,700.0,775.0,75.0,0
2025-12-26,Tomato,600.0,,700.0,,800.0,2025,12,December,26,4,Friday,52,4,0,600.0,750.0,150.0,0
2025-12-29,Tomato,500.0,,600.0,,800.0,2025,12,December,29,0,Monday,1,4,0,500.0,700.0,200.0,0
2025-12-30,Tomato,400.0,,500.0,,600.0,2025,12,December,30,1,Tuesday,1,4,0,400.0,550.0,150.0,0
2025-12-31,Tomato,400.0,,500.0,,600.0,2025,12,December,31,2,Wednesday,1,4,0,400.0,550.0,150.0,0
2026-01-01,Tomato,400.0,,500.0,,600.0,2026,1,January,1,3,Thursday,1,1,0,400.0,550.0,150.0,0
2026-01-02,Tomato,450.0,,550.0,,700.0,2026,1,January,2,4,Friday,1,1,0,450.0,625.0,175.0,0
2026-01-05,Tomato,500.0,,600.0,,600.0,2026,1,January,5,0,Monday,2,1,0,500.0,600.0,100.0,0
2026-01-06,Tomato,500.0,,600.0,,700.0,2026,1,January,6,1,Tuesday,2,1,0,500.0,650.0,150.0,0
2026-01-07,Tomato,550.0,,600.0,,600.0,2026,1,January,7,2,Wednesday,2,1,0,550.0,600.0,50.0,0
2026-01-08,Tomato,500.0,,600.0,,600.0,2026,1,January,8,3,Thursday,2,1,0,500.0,600.0,100.0,0
2026-01-09,Tomato,500.0,,600.0,,600.0,2026,1,January,9,4,Friday,2,1,0,500.0,600.0,100.0,0
2026-01-12,Tomato,450.0,,550.0,,600.0,2026,1,January,12,0,Monday,3,1,0,450.0,575.0,125.0,0
2026-01-13,Tomato,450.0,,550.0,,600.0,2026,1,January,13,1,Tuesday,3,1,0,450.0,575.0,125.0,0
2026-01-14,Tomato,450.0,,550.0,,660.0,2026,1,January,14,2,Wednesday,3,1,0,450.0,605.0,155.0,0
2026-01-16,Tomato,450.0,,550.0,,600.0,2026,1,January,16,4,Friday,3,1,0,450.0,575.0,125.0,0
2026-01-19,Tomato,450.0,,500.0,,600.0,2026,1,January,19,0,Monday,4,1,0,450.0,550.0,100.0,0
2026-01-20,Tomato,400.0,,450.0,,600.0,2026,1,January,20,1,Tuesday,4,1,0,400.0,525.0,125.0,0
2026-01-21,Tomato,350.0,,400.0,,600.0,2026,1,January,21,2,Wednesday,4,1,0,350.0,500.0,150.0,0
2026-01-22,Tomato,300.0,,350.0,,600.0,2026,1,January,22,3,Thursday,4,1,0,300.0,475.0,175.0,0
2026-01-23,Tomato,300.0,,350.0,,500.0,2026,1,January,23,4,Friday,4,1,0,300.0,425.0,125.0,0
2026-01-26,Tomato,450.0,,550.0,,700.0,2026,1,January,26,0,Monday,5,1,0,450.0,625.0,175.0,0
2026-01-27,Tomato,450.0,,550.0,,700.0,2026,1,January,27,1,Tuesday,5,1,0,450.0,625.0,175.0,0
2026-01-28,Tomato,450.0,,550.0,,700.0,2026,1,January,28,2,Wednesday,5,1,0,450.0,625.0,175.0,0
2026-01-29,Tomato,450.0,,550.0,,700.0,2026,1,January,29,3,Thursday,5,1,0,450.0,625.0,175.0,0
2026-01-30,Tomato,250.0,,300.0,,500.0,2026,1,January,30,4,Friday,5,1,0,250.0,400.0,150.0,0
2026-02-02,Tomato,250.0,,300.0,,400.0,2026,2,February,2,0,Monday,6,1,0,250.0,350.0,100.0,0
2026-02-03,Tomato,250.0,,300.0,,360.0,2026,2,February,3,1,Tuesday,6,1,0,250.0,330.0,80.0,0
2026-02-05,Tomato,250.0,,300.0,,300.0,2026,2,February,5,3,Thursday,6,1,0,250.0,300.0,50.0,0
2026-02-06,Tomato,250.0,,300.0,,300.0,2026,2,February,6,4,Friday,6,1,0,250.0,300.0,50.0,0
2026-02-09,Tomato,140.0,,200.0,,240.0,2026,2,February,9,0,Monday,7,1,0,140.0,220.0,80.0,0
2026-02-10,Tomato,140.0,,200.0,,240.0,2026,2,February,10,1,Tuesday,7,1,0,140.0,220.0,80.0,0
2026-02-11,Tomato,140.0,,200.0,,240.0,2026,2,February,11,2,Wednesday,7,1,0,140.0,220.0,80.0,0
2026-02-12,Tomato,120.0,,180.0,,260.0,2026,2,February,12,3,Thursday,7,1,0,120.0,220.0,100.0,0
2026-02-13,Tomato,140.0,,200.0,,240.0,2026,2,February,13,4,Friday,7,1,0,140.0,220.0,80.0,0
2026-02-16,Tomato,140.0,,200.0,,240.0,2026,2,February,16,0,Monday,8,1,0,140.0,220.0,80.0,0
2026-02-17,Tomato,140.0,,200.0,,240.0,2026,2,February,17,1,Tuesday,8,1,0,140.0,220.0,80.0,0
2026-02-18,Tomato,100.0,,150.0,,240.0,2026,2,February,18,2,Wednesday,8,1,0,100.0,195.0,95.0,0
2026-02-19,Tomato,120.0,,170.0,,240.0,2026,2,February,19,3,Thursday,8,1,0,120.0,205.0,85.0,0
2026-02-20,Tomato,120.0,,170.0,,240.0,2026,2,February,20,4,Friday,8,1,0,120.0,205.0,85.0,0
2026-02-23,Tomato,150.0,,200.0,,280.0,2026,2,February,23,0,Monday,9,1,0,150.0,240.0,90.0,0
2026-02-24,Tomato,150.0,,200.0,,240.0,2026,2,February,24,1,Tuesday,9,1,0,150.0,220.0,70.0,0
2026-02-25,Tomato,150.0,,200.0,,240.0,2026,2,February,25,2,Wednesday,9,1,0,150.0,220.0,70.0,0
2026-02-26,Tomato,130.0,,180.0,,240.0,2026,2,February,26,3,Thursday,9,1,0,130.0,210.0,80.0,0
2026-02-27,Tomato,120.0,,170.0,,240.0,2026,2,February,27,4,Friday,9,1,0,120.0,205.0,85.0,0
2026-03-03,Tomato,120.0,,170.0,,240.0,2026,3,March,3,1,Tuesday,10,1,0,120.0,205.0,85.0,0
2026-03-04,Tomato,120.0,,170.0,,240.0,2026,3,March,4,2,Wednesday,10,1,0,120.0,205.0,85.0,0
2026-03-05,Tomato,120.0,,100.0,,200.0,2026,3,March,5,3,Thursday,10,1,0,120.0,150.0,30.0,0
2026-03-06,Tomato,120.0,,150.0,,200.0,2026,3,March,6,4,Friday,10,1,0,120.0,175.0,30.0,0
2026-03-09,Tomato,120.0,,170.0,,240.0,2026,3,March,9,0,Monday,11,1,0,120.0,205.0,85.0,0
2026-03-10,Tomato,120.0,,170.0,,240.0,2026,3,March,10,1,Tuesday,11,1,0,120.0,205.0,85.0,0
2026-03-11,Tomato,120.0,,130.0,,240.0,2026,3,March,11,2,Wednesday,11,1,0,120.0,185.0,65.0,0
2026-03-12,Tomato,120.0,,130.0,,240.0,2026,3,March,12,3,Thursday,11,1,0,120.0,185.0,65.0,0
2026-03-13,Tomato,120.0,,130.0,,240.0,2026,3,March,13,4,Friday,11,1,0,120.0,185.0,65.0,0
2026-03-16,Tomato,100.0,,150.0,,240.0,2026,3,March,16,0,Monday,12,1,0,100.0,195.0,95.0,0
2026-03-17,Tomato,100.0,,150.0,,240.0,2026,3,March,17,1,Tuesday,12,1,0,100.0,195.0,95.0,0
2026-03-18,Tomato,100.0,,130.0,,240.0,2026,3,March,18,2,Wednesday,12,1,0,100.0,185.0,85.0,0
2026-03-19,Tomato,100.0,,130.0,,240.0,2026,3,March,19,3,Thursday,12,1,0,100.0,185.0,85.0,0
2026-03-20,Tomato,100.0,,130.0,,240.0,2026,3,March,20,4,Friday,12,1,0,100.0,185.0,85.0,0
2026-03-23,Tomato,100.0,,130.0,,240.0,2026,3,March,23,0,Monday,13,1,0,100.0,185.0,85.0,0
2026-03-24,Tomato,100.0,,130.0,,240.0,2026,3,March,24,1,Tuesday,13,1,0,100.0,240.0,85.0,0
2026-03-25,Tomato,100.0,,120.0,,240.0,2026,3,March,25,2,Wednesday,13,1,0,100.0,180.0,85.0,0
2026-03-26,Tomato,100.0,,100.0,,200.0,2026,3,March,26,3,Thursday,13,1,0,100.0,150.0,85.0,0
2026-03-27,Tomato,100.0,,100.0,,240.0,2026,3,March,27,4,Friday,13,1,0,100.0,170.0,85.0,0
2026-03-30,Tomato,100.0,,100.0,,200.0,2026,3,March,30,0,Monday,14,1,0,100.0,150.0,85.0,0
2026-03-31,Tomato,100.0,,120.0,,200.0,2026,3,March,31,1,Tuesday,14,1,0,100.0,160.0,85.0,0
2026-04-02,Tomato,100.0,,130.0,,220.0,2026,4,April,2,3,Thursday,14,2,0,100.0,175.0,85.0,0
2026-04-06,Tomato,120.0,,170.0,,200.0,2026,4,April,6,0,Monday,15,2,0,120.0,185.0,65.0,0
2026-04-07,Tomato,120.0,,170.0,,200.0,2026,4,April,7,1,Tuesday,15,2,0,120.0,185.0,65.0,0
2026-04-08,Tomato,120.0,,170.0,,200.0,2026,4,April,8,2,Wednesday,15,2,0,120.0,185.0,65.0,0
2026-04-09,Tomato,120.0,,170.0,,200.0,2026,4,April,9,3,Thursday,15,2,0,120.0,185.0,65.0,0
2026-04-10,Tomato,150.0,,200.0,,220.0,2026,4,April,10,4,Friday,15,2,0,150.0,210.0,60.0,0
2026-04-16,Tomato,150.0,,200.0,,220.0,2026,4,April,16,3,Thursday,16,2,0,150.0,210.0,60.0,0
2026-04-17,Tomato,150.0,,200.0,,220.0,2026,4,April,17,4,Friday,16,2,0,150.0,210.0,60.0,0
2026-04-20,Tomato,150.0,,200.0,,240.0,2026,4,April,20,0,Monday,17,2,0,150.0,220.0,70.0,0
2026-04-21,Tomato,100.0,,150.0,,240.0,2026,4,April,21,1,Tuesday,17,2,0,100.0,195.0,95.0,0
2026-04-22,Tomato,120.0,,170.0,,240.0,2026,4,April,22,2,Wednesday,17,2,0,120.0,205.0,85.0,0
2026-04-23,Tomato,100.0,,150.0,,240.0,2026,4,April,23,3,Thursday,17,2,0,100.0,195.0,95.0,0
2026-04-24,Tomato,150.0,,200.0,,240.0,2026,4,April,24,4,Friday,17,2,0,150.0,220.0,70.0,0
2026-04-27,Tomato,150.0,,200.0,,280.0,2026,4,April,27,0,Monday,18,2,0,150.0,240.0,90.0,0
2026-04-28,Tomato,150.0,,200.0,,300.0,2026,4,April,28,1,Tuesday,18,2,0,150.0,250.0,100.0,0
2026-04-29,Tomato,150.0,,200.0,,320.0,2026,4,April,29,2,Wednesday,18,2,0,150.0,260.0,110.0,0
2026-04-30,Tomato,150.0,,200.0,,280.0,2026,4,April,30,3,Thursday,18,2,0,150.0,240.0,90.0,0
2026-05-04,Tomato,200.0,,250.0,,360.0,2026,5,May,4,0,Monday,19,2,0,200.0,305.0,105.0,0
2026-05-05,Tomato,200.0,,250.0,,360.0,2026,5,May,5,1,Tuesday,19,2,0,200.0,305.0,105.0,0
2026-05-06,Tomato,200.0,,250.0,,340.0,2026,5,May,6,2,Wednesday,19,2,0,200.0,295.0,95.0,0
2026-05-07,Tomato,250.0,,300.0,,360.0,2026,5,May,7,3,Thursday,19,2,0,250.0,330.0,80.0,0
2026-05-08,Tomato,250.0,,300.0,,400.0,2026,5,May,8,4,Friday,19,2,0,250.0,350.0,100.0,0
2026-05-11,Tomato,400.0,,450.0,,480.0,2026,5,May,11,0,Monday,20,2,0,400.0,465.0,65.0,0
